station_id,station_name,timestamp,date,year,month,day,hour,minute,latitude,longitude,cloud_cover,cloud_height,humidity,humidity_past1h,leav_hum_dur_past10min,leav_hum_dur_past1h,precip_dur_past10min,precip_dur_past1h,precip_past10min,precip_past1h,precip_past1min,pressure,pressure_at_sea,radia_glob,radia_glob_past1h,sun_last10min_glob,sun_last1h_glob,temp_dew,temp_dry,temp_grass,temp_grass_max_past1h,temp_grass_mean_past1h,temp_grass_min_past1h,temp_max_past12h,temp_max_past1h,temp_mean_past1h,temp_min_past12h,temp_min_past1h,temp_soil,temp_soil_max_past1h,temp_soil_mean_past1h,temp_soil_min_past1h,visib_mean_last10min,visibility,weather,wind_dir,wind_dir_past1h,wind_gust_always_past1h,wind_max,wind_max_per10min_past1h,wind_min,wind_min_past1h,wind_speed,wind_speed_past1h
06019,Silstrup,2025-11-01 00:00:00+00:00,2025-11-01,2025,11,1,0,0,56.93,8.6412,,,95.0,96.0,,,0.0,15.0,0.0,0.7,,1002.9,1008.2,0.0,0.0,,,7.7,8.4,8.6,8.6,8.5,8.4,10.3,8.4,8.3,8.2,8.2,9.3,9.5,9.4,9.3,,,,117.0,119.0,8.2,6.5,6.0,3.1,2.9,4.9,5.0
06019,Silstrup,2025-11-01 01:00:00+00:00,2025-11-01,2025,11,1,1,0,56.93,8.6412,,,95.0,95.0,,,0.0,2.0,0.0,0.1,,1002.4,1007.7,0.0,0.0,,,7.7,8.5,8.7,8.7,8.7,8.6,,8.6,8.5,,8.4,9.1,9.4,9.3,9.1,,,,127.0,127.0,8.6,8.5,6.5,3.6,2.2,6.0,5.5
06019,Silstrup,2025-11-01 02:00:00+00:00,2025-11-01,2025,11,1,2,0,56.93,8.6412,,,93.0,94.0,,,0.0,0.0,0.0,0.0,,1002.2,1007.4,0.0,0.0,,,7.7,8.7,8.9,8.9,8.8,8.6,,8.7,8.6,,8.5,9.4,9.4,9.2,9.1,,,,143.0,138.0,10.1,7.2,5.9,2.9,2.8,4.6,5.0
06019,Silstrup,2025-11-01 03:00:00+00:00,2025-11-01,2025,11,1,3,0,56.93,8.6412,,,93.0,93.0,,,0.0,0.0,0.0,0.0,,1001.7,1007.0,0.0,0.0,,,7.8,8.8,8.8,9.0,8.9,8.8,,8.8,8.8,,8.7,9.4,9.5,9.4,9.2,,,,150.0,150.0,9.0,8.4,6.1,3.8,2.5,6.1,5.5
06019,Silstrup,2025-11-01 04:00:00+00:00,2025-11-01,2025,11,1,4,0,56.93,8.6412,,,93.0,93.0,,,0.0,0.0,0.0,0.0,,1001.2,1006.5,0.0,0.0,,,7.6,8.7,8.6,8.9,8.8,8.6,,8.8,8.8,,8.6,9.4,9.4,9.3,9.2,,,,142.0,143.0,9.3,7.7,6.6,2.8,2.8,4.8,5.4
06019,Silstrup,2025-11-01 05:00:00+00:00,2025-11-01,2025,11,1,5,0,56.93,8.6412,,,93.0,93.0,,,0.0,0.0,0.0,0.0,,1000.7,1006.0,0.0,0.0,,,7.6,8.6,8.6,8.7,8.5,8.4,,8.7,8.6,,8.5,9.3,9.4,9.3,9.2,,,,126.0,130.0,7.5,7.3,5.8,4.1,3.0,5.6,5.4
06019,Silstrup,2025-11-01 06:00:00+00:00,2025-11-01,2025,11,1,6,0,56.93,8.6412,,,94.0,94.0,,,0.0,0.0,0.0,0.0,,1000.1,1005.3,0.0,0.0,,,7.4,8.3,8.1,8.5,8.4,8.1,9.4,8.6,8.4,8.2,8.3,9.3,9.4,9.3,9.2,,,,116.0,121.0,7.5,7.5,5.7,4.0,3.5,5.5,5.4
06019,Silstrup,2025-11-01 07:00:00+00:00,2025-11-01,2025,11,1,7,0,56.93,8.6412,,,94.0,95.0,,,0.0,0.0,0.0,0.0,,1000.2,1005.5,29.0,5.0,,,7.4,8.3,8.3,8.3,8.1,8.0,,8.3,8.2,,8.0,9.2,9.4,9.2,9.1,,,,150.0,139.0,8.1,7.8,5.7,3.1,2.8,5.0,5.1
06019,Silstrup,2025-11-01 08:00:00+00:00,2025-11-01,2025,11,1,8,0,56.93,8.6412,,,94.0,94.0,,,0.0,0.0,0.0,0.0,,999.3,1004.5,42.0,44.0,1.0,1.0,7.7,8.6,8.7,8.7,8.5,8.3,,8.6,8.4,,8.3,9.1,9.3,9.2,9.1,,,,128.0,132.0,8.4,7.5,5.9,4.3,3.0,5.9,5.4
06019,Silstrup,2025-11-01 09:00:00+00:00,2025-11-01,2025,11,1,9,0,56.93,8.6412,,,94.0,94.0,,,0.0,0.0,0.0,0.0,,998.3,1003.6,109.0,70.0,10.0,60.0,8.3,9.1,9.5,9.5,9.1,8.6,,9.1,8.8,,8.6,9.0,9.2,9.0,8.9,,,,123.0,127.0,8.1,6.9,6.2,3.0,2.4,4.7,5.0
06019,Silstrup,2025-11-01 10:00:00+00:00,2025-11-01,2025,11,1,10,0,56.93,8.6412,,,91.0,92.0,,,0.0,0.0,0.0,0.0,,997.9,1003.1,64.0,123.0,5.0,51.0,9.1,10.5,10.7,10.8,10.4,9.5,,10.5,10.0,,9.2,9.4,9.4,9.3,9.0,,,,149.0,139.0,9.6,9.6,6.7,4.2,2.2,6.7,5.1
06019,Silstrup,2025-11-01 11:00:00+00:00,2025-11-01,2025,11,1,11,0,56.93,8.6412,,,91.0,91.0,,,0.0,1.0,0.0,0.2,,997.5,1002.8,39.0,54.0,0.0,0.0,9.4,10.7,10.8,11.0,10.9,10.8,,10.9,10.7,,10.5,9.3,9.5,9.3,9.2,,,,163.0,155.0,11.0,9.6,7.8,4.7,4.1,6.6,7.1
06019,Silstrup,2025-11-01 12:00:00+00:00,2025-11-01,2025,11,1,12,0,56.93,8.6412,,,90.0,90.0,,,0.0,0.0,0.0,0.0,,996.5,1001.7,40.0,60.0,0.0,0.0,9.5,11.2,11.2,11.2,11.1,10.8,11.2,11.2,11.0,8.0,10.7,9.4,9.7,9.4,9.3,,,,160.0,158.0,11.2,10.4,8.1,4.3,4.3,7.7,7.6
06019,Silstrup,2025-11-01 13:00:00+00:00,2025-11-01,2025,11,1,13,0,56.93,8.6412,,,95.0,92.0,,,1.0,4.0,0.0,0.4,,996.1,1001.3,9.0,34.0,0.0,0.0,10.0,10.8,11.0,11.2,11.1,11.0,,11.2,11.0,,10.8,9.9,9.9,9.6,9.4,,,,174.0,154.0,10.3,8.5,7.8,3.9,3.3,6.2,6.4
06019,Silstrup,2025-11-01 14:00:00+00:00,2025-11-01,2025,11,1,14,0,56.93,8.6412,,,94.0,95.0,,,1.0,15.0,0.1,1.7,0.0,995.3,1000.5,5.0,17.0,0.0,0.0,9.9,10.8,10.9,11.0,10.9,10.9,,10.8,10.8,,10.7,9.6,9.9,9.7,9.6,,,,161.0,161.0,10.6,9.9,7.6,4.4,4.4,6.9,6.9
06019,Silstrup,2025-11-01 15:00:00+00:00,2025-11-01,2025,11,1,15,0,56.93,8.6412,,,95.0,95.0,,,4.0,19.0,0.7,3.0,0.0,995.1,1000.3,5.0,7.0,0.0,0.0,10.0,10.7,10.7,10.9,10.8,10.7,,10.8,10.7,,10.7,10.1,10.1,10.0,9.6,,,,170.0,166.0,10.8,10.8,7.5,4.9,3.8,7.2,7.0
06019,Silstrup,2025-11-01 16:00:00+00:00,2025-11-01,2025,11,1,16,0,56.93,8.6412,,,97.0,96.0,,,2.0,6.0,0.3,0.6,0.0,994.9,1000.1,0.0,0.0,0.0,0.0,10.0,10.4,10.6,10.7,10.6,10.5,,10.7,10.5,,10.4,10.2,10.2,10.2,10.1,,,,175.0,175.0,9.5,8.8,7.4,4.2,3.3,6.4,6.5
06019,Silstrup,2025-11-01 17:00:00+00:00,2025-11-01,2025,11,1,17,0,56.93,8.6412,,,98.0,98.0,,,2.0,13.0,0.1,0.6,0.0,995.0,1000.2,0.0,0.0,,0.0,10.2,10.5,10.6,10.6,10.4,10.3,,10.5,10.4,,10.4,9.9,10.3,10.2,9.9,,,,184.0,180.0,9.0,7.8,6.5,3.7,3.0,5.3,5.7
06019,Silstrup,2025-11-01 18:00:00+00:00,2025-11-01,2025,11,1,18,0,56.93,8.6412,,,98.0,98.0,,,0.0,2.0,0.0,0.1,,995.3,1000.5,0.0,0.0,,,10.6,10.9,11.0,11.0,10.8,10.6,11.2,10.9,10.7,8.0,10.5,9.8,10.0,9.8,9.8,,,,182.0,182.0,8.2,7.9,5.8,3.1,3.1,5.1,5.5
06019,Silstrup,2025-11-01 19:00:00+00:00,2025-11-01,2025,11,1,19,0,56.93,8.6412,,,95.0,95.0,,,0.0,19.0,0.0,6.7,,995.9,1001.1,0.0,0.0,,,10.2,11.0,10.5,11.3,10.9,10.3,,12.0,11.1,,10.4,10.2,10.2,9.9,9.8,,,,201.0,210.0,15.4,8.4,9.0,4.0,2.7,6.2,6.2
06019,Silstrup,2025-11-01 20:00:00+00:00,2025-11-01,2025,11,1,20,0,56.93,8.6412,,,95.0,94.0,,,0.0,0.0,0.0,0.0,,996.2,1001.4,0.0,0.0,,,9.3,10.1,9.7,10.6,10.1,9.6,,11.1,10.6,,10.1,10.2,10.3,10.2,9.9,,,,200.0,204.0,8.4,5.3,6.3,2.8,2.8,4.1,5.1
06019,Silstrup,2025-11-01 21:00:00+00:00,2025-11-01,2025,11,1,21,0,56.93,8.6412,,,94.0,95.0,,,0.0,9.0,0.0,0.9,,996.8,1002.1,0.0,0.0,,,9.1,10.0,9.9,10.1,9.9,9.6,,10.2,10.0,,9.8,9.8,10.2,10.0,9.8,,,,207.0,202.0,7.0,7.0,5.2,3.3,2.6,4.7,4.5
06019,Silstrup,2025-11-01 22:00:00+00:00,2025-11-01,2025,11,1,22,0,56.93,8.6412,,,96.0,95.0,,,4.0,6.0,0.7,0.8,0.1,997.3,1002.5,0.0,0.0,,,9.6,10.2,10.4,10.4,10.1,9.9,,10.3,10.1,,10.0,9.7,9.8,9.7,9.7,,,,195.0,196.0,6.7,6.7,4.9,3.1,2.2,4.7,4.1
06019,Silstrup,2025-11-01 23:00:00+00:00,2025-11-01,2025,11,1,23,0,56.93,8.6412,,,97.0,97.0,,,0.0,13.0,0.0,2.7,,997.6,1002.8,0.0,0.0,,,8.8,9.3,9.1,10.4,10.0,9.1,,10.2,9.9,,9.3,9.8,9.9,9.7,9.7,,,,203.0,198.0,5.0,4.7,4.5,2.6,1.9,3.7,3.4
06019,Silstrup,2025-11-02 00:00:00+00:00,2025-11-02,2025,11,2,0,0,56.93,8.6412,,,97.0,97.0,,,0.0,0.0,0.0,0.0,,997.9,1003.1,0.0,0.0,,,8.6,9.1,9.0,9.3,9.1,8.9,12.0,9.6,9.3,9.1,9.1,9.9,10.0,9.9,9.7,,,,202.0,198.0,5.1,4.4,3.9,2.6,2.1,3.4,3.6
06019,Silstrup,2025-11-02 01:00:00+00:00,2025-11-02,2025,11,2,1,0,56.93,8.6412,,,99.0,98.0,,,0.0,0.0,0.0,0.0,,997.9,1003.2,0.0,0.0,,,7.9,8.0,6.7,8.9,7.7,6.7,,9.0,8.4,,7.8,9.8,10.0,9.9,9.7,,,,199.0,203.0,4.5,3.4,3.7,2.0,2.0,2.5,3.0
06019,Silstrup,2025-11-02 02:00:00+00:00,2025-11-02,2025,11,2,2,0,56.93,8.6412,,,99.0,99.0,,,0.0,0.0,0.0,0.0,,998.1,1003.4,0.0,0.0,,,7.1,7.3,6.0,6.8,6.3,5.9,,7.9,7.6,,7.3,9.6,9.9,9.7,9.6,,,,190.0,197.0,3.7,2.8,2.8,2.0,1.7,2.4,2.5
06019,Silstrup,2025-11-02 03:00:00+00:00,2025-11-02,2025,11,2,3,0,56.93,8.6412,,,99.0,99.0,,,0.0,0.0,0.0,0.0,,998.0,1003.3,0.0,0.0,,,7.3,7.5,6.4,6.4,6.0,5.7,,7.6,7.3,,6.7,9.3,9.7,9.5,9.3,,,,184.0,188.0,3.3,3.2,2.6,2.0,1.5,2.5,2.3
06019,Silstrup,2025-11-02 04:00:00+00:00,2025-11-02,2025,11,2,4,0,56.93,8.6412,,,98.0,99.0,,,0.0,0.0,0.0,0.0,,998.2,1003.4,0.0,0.0,,,7.3,7.5,7.3,7.3,6.7,6.1,,7.7,7.4,,7.2,9.2,9.4,9.3,9.2,,,,168.0,171.0,4.9,3.8,3.4,2.0,1.9,2.7,2.8
06019,Silstrup,2025-11-02 05:00:00+00:00,2025-11-02,2025,11,2,5,0,56.93,8.6412,,,99.0,99.0,,,0.0,0.0,0.0,0.0,,997.9,1003.1,0.0,0.0,,,7.8,8.0,8.0,8.0,7.6,7.1,,8.0,7.8,,7.4,9.2,9.3,9.2,9.1,,,,173.0,169.0,4.5,4.3,3.3,2.0,1.4,2.8,2.8
06019,Silstrup,2025-11-02 06:00:00+00:00,2025-11-02,2025,11,2,6,0,56.93,8.6412,,,99.0,99.0,,,1.0,1.0,0.1,0.1,0.1,997.7,1002.9,0.0,0.0,,,8.4,8.6,8.8,8.8,8.4,7.9,12.0,8.6,8.3,6.7,7.9,9.1,9.3,9.1,9.0,,,,172.0,167.0,6.5,6.5,4.6,3.1,1.0,4.6,3.5
06019,Silstrup,2025-11-02 07:00:00+00:00,2025-11-02,2025,11,2,7,0,56.93,8.6412,,,99.0,99.0,,,0.0,27.0,0.0,2.4,,997.9,1003.1,1.0,0.0,,,8.3,8.5,8.8,9.0,8.9,8.7,,8.9,8.7,,8.5,9.2,9.3,9.1,9.0,,,,190.0,190.0,10.0,3.8,6.6,1.8,1.5,2.6,4.5
06019,Silstrup,2025-11-02 08:00:00+00:00,2025-11-02,2025,11,2,8,0,56.93,8.6412,,,99.0,99.0,,,0.0,0.0,0.0,0.0,,997.9,1003.2,12.0,12.0,,,8.5,8.7,9.3,9.3,9.0,8.8,,8.7,8.6,,8.5,9.2,9.3,9.2,9.1,,,,211.0,205.0,3.1,1.9,6.6,0.2,0.0,1.1,1.4
06019,Silstrup,2025-11-02 09:00:00+00:00,2025-11-02,2025,11,2,9,0,56.93,8.6412,,,98.0,99.0,,,0.0,0.0,0.0,0.0,,998.1,1003.3,49.0,54.0,4.0,43.0,8.6,8.9,9.6,9.8,9.5,9.3,,9.1,8.9,,8.7,9.0,9.2,9.1,9.0,,,,187.0,197.0,4.6,4.6,3.0,1.8,0.5,3.0,2.1
06019,Silstrup,2025-11-02 10:00:00+00:00,2025-11-02,2025,11,2,10,0,56.93,8.6412,,,95.0,97.0,,,0.0,0.0,0.0,0.0,,998.2,1003.5,198.0,99.0,10.0,26.0,8.7,9.4,10.2,10.4,9.7,9.3,,9.5,9.1,,8.9,9.2,9.5,9.3,9.0,,,,211.0,209.0,6.1,6.1,4.4,3.0,1.5,4.4,3.1
06019,Silstrup,2025-11-02 11:00:00+00:00,2025-11-02,2025,11,2,11,0,56.93,8.6412,,,91.0,92.0,,,0.0,0.0,0.0,0.0,,998.7,1003.9,120.0,230.0,4.0,54.0,9.1,10.5,11.5,11.9,11.3,10.2,,10.6,10.1,,9.5,9.6,9.6,9.3,9.2,,,,217.0,212.0,5.3,5.1,4.4,2.3,2.1,3.4,3.6
06019,Silstrup,2025-11-02 12:00:00+00:00,2025-11-02,2025,11,2,12,0,56.93,8.6412,,,91.0,93.0,,,0.0,12.0,0.0,1.9,,998.7,1004.0,113.0,125.0,1.0,13.0,8.8,10.2,10.8,11.5,10.6,10.0,10.6,10.4,9.9,6.7,9.3,9.5,9.8,9.6,9.5,,,,235.0,236.0,6.0,6.0,4.4,2.6,1.5,4.0,3.8
06019,Silstrup,2025-11-02 13:00:00+00:00,2025-11-02,2025,11,2,13,0,56.93,8.6412,,,86.0,89.0,,,0.0,0.0,0.0,0.0,,999.4,1004.6,119.0,125.0,3.0,11.0,8.2,10.4,10.7,12.3,10.8,10.2,,11.3,10.2,,9.9,10.2,10.2,10.0,9.5,,,,248.0,255.0,7.8,4.4,4.6,2.1,0.8,3.2,3.0
06019,Silstrup,2025-11-02 14:00:00+00:00,2025-11-02,2025,11,2,14,0,56.93,8.6412,,,79.0,81.0,,,0.0,0.0,0.0,0.0,,999.7,1004.9,141.0,171.0,0.0,37.0,7.5,11.0,11.8,12.4,11.7,10.6,,11.4,11.0,,10.3,10.2,10.2,9.9,9.8,,,,241.0,242.0,5.7,4.4,4.1,2.4,2.3,3.4,3.7
06019,Silstrup,2025-11-02 15:00:00+00:00,2025-11-02,2025,11,2,15,0,56.93,8.6412,,,86.0,82.0,,,0.0,0.0,0.0,0.0,,1000.0,1005.3,14.0,76.0,0.0,0.0,6.8,9.1,8.7,11.8,10.9,8.7,,11.0,10.3,,9.1,10.3,10.3,10.3,10.2,,,,199.0,227.0,4.4,2.2,3.4,1.3,1.1,1.8,2.3
06019,Silstrup,2025-11-02 16:00:00+00:00,2025-11-02,2025,11,2,16,0,56.93,8.6412,,,91.0,89.0,,,0.0,0.0,0.0,0.0,,1000.3,1005.6,0.0,5.0,0.0,0.0,6.4,7.8,6.6,8.6,7.2,6.4,,9.0,8.2,,7.8,10.2,10.3,10.0,9.8,,,,178.0,188.0,3.2,3.2,2.6,1.9,1.4,2.5,2.4
06019,Silstrup,2025-11-02 17:00:00+00:00,2025-11-02,2025,11,2,17,0,56.93,8.6412,,,95.0,94.0,,,0.0,0.0,0.0,0.0,,1000.6,1005.9,0.0,0.0,,,6.9,7.7,6.6,6.7,6.6,6.3,,7.9,7.6,,7.3,9.8,10.2,9.9,9.8,,,,166.0,169.0,3.6,3.6,2.7,1.9,1.6,2.5,2.4
06019,Silstrup,2025-11-02 18:00:00+00:00,2025-11-02,2025,11,2,18,0,56.93,8.6412,,,92.0,92.0,,,0.0,0.0,0.0,0.0,,1000.7,1006.0,0.0,0.0,,,6.3,7.5,6.9,7.0,6.7,6.4,11.4,7.8,7.5,7.1,7.1,9.5,9.9,9.6,9.5,,,,172.0,172.0,3.9,3.3,2.9,2.2,2.1,2.8,2.8
06019,Silstrup,2025-11-02 19:00:00+00:00,2025-11-02,2025,11,2,19,0,56.93,8.6412,,,93.0,93.0,,,0.0,0.0,0.0,0.0,,1000.6,1005.8,0.0,0.0,,,7.3,8.4,8.2,8.3,7.7,7.0,,8.4,7.9,,7.5,9.4,9.6,9.5,9.3,,,,184.0,177.0,5.4,5.3,4.1,2.6,2.2,3.8,3.4
06019,Silstrup,2025-11-02 20:00:00+00:00,2025-11-02,2025,11,2,20,0,56.93,8.6412,,,94.0,94.0,,,0.0,0.0,0.0,0.0,,1000.7,1006.0,0.0,0.0,,,7.1,8.0,7.7,8.2,8.0,7.7,,8.5,8.3,,8.0,9.3,9.4,9.3,9.2,,,,176.0,176.0,5.3,4.9,3.9,2.5,2.5,3.6,3.6
06019,Silstrup,2025-11-02 21:00:00+00:00,2025-11-02,2025,11,2,21,0,56.93,8.6412,,,94.0,94.0,,,0.0,0.0,0.0,0.0,,1000.9,1006.2,0.0,0.0,,,6.8,7.7,7.6,7.9,7.7,7.6,,8.0,7.9,,7.7,9.1,9.4,9.3,9.1,,,,184.0,177.0,6.1,5.5,4.1,2.1,2.1,3.6,3.8
06019,Silstrup,2025-11-02 22:00:00+00:00,2025-11-02,2025,11,2,22,0,56.93,8.6412,,,94.0,94.0,,,0.0,0.0,0.0,0.0,,1000.8,1006.1,0.0,0.0,,,7.2,8.2,8.1,8.1,7.7,7.4,,8.2,7.8,,7.6,9.1,9.3,9.2,9.1,,,,176.0,178.0,7.9,7.9,5.0,2.9,2.4,5.0,4.1
06019,Silstrup,2025-11-02 23:00:00+00:00,2025-11-02,2025,11,2,23,0,56.93,8.6412,,,94.0,94.0,,,0.0,0.0,0.0,0.0,,1001.2,1006.4,0.0,0.0,,,7.0,7.9,8.0,8.2,8.1,8.0,,8.2,8.2,,7.9,9.2,9.3,9.1,9.0,,,,211.0,189.0,7.8,6.7,5.6,3.1,2.4,4.5,4.8
06019,Silstrup,2025-11-03 00:00:00+00:00,2025-11-03,2025,11,3,0,0,56.93,8.6412,,,95.0,94.0,,,0.0,1.0,0.0,0.1,,1001.2,1006.5,0.0,0.0,,,7.3,8.0,8.0,8.1,8.0,7.8,11.4,8.0,7.9,7.1,7.9,9.1,9.2,9.1,9.0,,,,190.0,195.0,6.6,6.0,4.9,2.6,2.6,4.3,4.4
06019,Silstrup,2025-11-03 01:00:00+00:00,2025-11-03,2025,11,3,1,0,56.93,8.6412,,,97.0,97.0,,,0.0,7.0,0.0,0.3,,1001.2,1006.5,0.0,0.0,,,7.5,7.9,7.9,8.6,8.3,7.9,,8.5,8.2,,7.9,9.1,9.2,9.1,9.0,,,,179.0,185.0,6.6,6.4,4.7,3.3,2.7,4.7,4.4
06019,Silstrup,2025-11-03 02:00:00+00:00,2025-11-03,2025,11,3,2,0,56.93,8.6412,,,98.0,98.0,,,0.0,0.0,0.0,0.0,,1001.2,1006.5,0.0,0.0,,,7.3,7.5,7.3,8.1,7.6,7.3,,8.0,7.7,,7.5,9.1,9.2,9.1,8.9,,,,196.0,190.0,7.3,6.9,5.1,3.2,3.1,4.9,4.8
06019,Silstrup,2025-11-03 03:00:00+00:00,2025-11-03,2025,11,3,3,0,56.93,8.6412,,,99.0,99.0,,,0.0,2.0,0.0,0.1,,1001.3,1006.6,0.0,0.0,,,7.7,7.9,7.9,8.2,7.8,7.3,,8.1,7.8,,7.4,9.1,9.2,9.1,8.9,,,,196.0,196.0,6.7,6.0,5.0,3.4,3.0,4.7,4.7
06019,Silstrup,2025-11-03 04:00:00+00:00,2025-11-03,2025,11,3,4,0,56.93,8.6412,,,99.0,99.0,,,0.0,0.0,0.0,0.0,,1001.7,1007.0,0.0,0.0,,,6.8,6.9,6.1,8.2,7.4,6.1,,8.0,7.6,,6.9,9.0,9.2,9.1,9.0,,,,203.0,201.0,6.4,3.8,4.7,2.1,2.1,2.9,3.8
06019,Silstrup,2025-11-03 05:00:00+00:00,2025-11-03,2025,11,3,5,0,56.93,8.6412,,,100.0,100.0,,,0.0,0.0,0.0,0.0,,1001.9,1007.2,0.0,0.0,,,6.6,6.6,5.1,6.4,5.7,5.1,,6.8,6.5,,6.3,8.8,9.1,9.0,8.8,,,,198.0,195.0,4.2,2.9,3.1,1.8,1.8,2.2,2.7
06019,Silstrup,2025-11-03 06:00:00+00:00,2025-11-03,2025,11,3,6,0,56.93,8.6412,,,98.0,99.0,,,0.0,0.0,0.0,0.0,,1002.1,1007.4,0.0,0.0,,,5.6,5.9,4.8,5.1,4.7,4.4,8.5,6.6,5.8,5.2,5.2,8.9,9.0,8.9,8.7,,,,180.0,188.0,3.9,3.2,3.0,1.9,1.7,2.5,2.6
06019,Silstrup,2025-11-03 07:00:00+00:00,2025-11-03,2025,11,3,7,0,56.93,8.6412,,,94.0,97.0,,,0.0,0.0,0.0,0.0,,1002.6,1007.9,13.0,2.0,,,6.1,7.0,7.0,7.1,6.1,4.8,,7.2,6.6,,5.9,8.5,8.9,8.7,8.5,,,,194.0,183.0,5.8,5.3,4.2,2.0,2.0,3.7,3.5
06019,Silstrup,2025-11-03 08:00:00+00:00,2025-11-03,2025,11,3,8,0,56.93,8.6412,,,93.0,94.0,,,0.0,0.0,0.0,0.0,,1002.9,1008.2,46.0,38.0,,,7.0,8.0,8.1,8.1,7.1,6.1,,8.0,7.2,,6.5,8.5,8.7,8.6,8.5,,,,199.0,206.0,6.8,5.5,4.8,2.6,0.0,3.8,2.7
06019,Silstrup,2025-11-03 09:00:00+00:00,2025-11-03,2025,11,3,9,0,56.93,8.6412,,,88.0,91.0,,,0.0,9.0,0.0,0.5,,1002.6,1007.9,141.0,116.0,10.0,50.0,7.8,9.7,10.2,10.3,8.9,8.1,,9.8,8.7,,8.0,8.9,8.9,8.7,8.4,,,,185.0,189.0,7.6,6.4,4.9,2.7,2.3,4.0,4.4
06019,Silstrup,2025-11-03 10:00:00+00:00,2025-11-03,2025,11,3,10,0,56.93,8.6412,,,86.0,89.0,,,0.0,0.0,0.0,0.0,,1002.8,1008.0,111.0,138.0,9.0,59.0,7.2,9.4,9.7,10.1,9.6,9.4,,9.6,9.2,,9.0,9.1,9.1,8.9,8.7,,,,179.0,173.0,6.5,6.5,4.5,3.1,2.4,4.5,4.2
06019,Silstrup,2025-11-03 11:00:00+00:00,2025-11-03,2025,11,3,11,0,56.93,8.6412,,,83.0,86.0,,,0.0,0.0,0.0,0.0,,1002.4,1007.7,196.0,167.0,10.0,36.0,7.6,10.3,10.9,11.0,10.2,9.7,,10.4,9.8,,9.4,8.8,9.0,8.8,8.7,,,,178.0,180.0,8.4,7.7,5.7,4.0,3.0,5.7,5.3
06019,Silstrup,2025-11-03 12:00:00+00:00,2025-11-03,2025,11,3,12,0,56.93,8.6412,,,89.0,87.0,,,0.0,0.0,0.0,0.0,,1002.1,1007.4,100.0,102.0,0.0,7.0,8.3,10.0,10.2,10.8,10.4,10.2,10.4,10.3,10.1,5.2,9.9,8.9,9.1,8.9,8.8,,,,183.0,177.0,9.3,9.3,6.1,4.1,3.5,6.0,5.7
06019,Silstrup,2025-11-03 13:00:00+00:00,2025-11-03,2025,11,3,13,0,56.93,8.6412,,,92.0,91.0,,,1.0,3.0,0.1,0.3,0.0,1001.5,1006.8,46.0,82.0,0.0,0.0,8.7,10.0,10.2,10.3,10.2,10.1,,10.0,9.9,,9.8,9.2,9.5,9.2,8.9,,,,184.0,181.0,8.9,8.3,6.1,3.7,3.4,6.0,5.7
06019,Silstrup,2025-11-03 14:00:00+00:00,2025-11-03,2025,11,3,14,0,56.93,8.6412,,,94.0,93.0,,,1.0,6.0,0.1,0.6,0.0,1000.6,1005.8,17.0,50.0,0.0,0.0,8.9,9.8,10.0,10.3,10.1,10.0,,10.1,9.9,,9.8,9.2,9.3,9.2,9.2,,,,168.0,174.0,10.2,9.3,7.3,4.7,3.5,6.8,6.5
06019,Silstrup,2025-11-03 15:00:00+00:00,2025-11-03,2025,11,3,15,0,56.93,8.6412,,,98.0,97.0,,,2.0,10.0,0.3,1.6,0.2,999.8,1005.1,4.0,13.0,0.0,0.0,9.5,9.8,10.0,10.0,9.9,9.9,,9.8,9.8,,9.7,9.3,9.4,9.3,9.2,,,,167.0,165.0,11.4,10.7,7.5,4.4,3.9,7.2,7.3
06019,Silstrup,2025-11-03 16:00:00+00:00,2025-11-03,2025,11,3,16,0,56.93,8.6412,,,99.0,98.0,,,2.0,14.0,0.3,2.5,0.0,999.4,1004.6,0.0,0.0,0.0,0.0,10.1,10.2,10.4,10.4,10.2,10.0,,10.2,10.0,,9.8,9.7,9.7,9.5,9.3,,,,179.0,173.0,12.5,9.8,8.4,4.4,4.4,6.4,7.6
06019,Silstrup,2025-11-03 17:00:00+00:00,2025-11-03,2025,11,3,17,0,56.93,8.6412,,,100.0,100.0,,,1.0,23.0,0.0,2.1,,999.1,1004.3,0.0,0.0,,,11.4,11.4,11.5,11.5,10.7,10.3,,11.4,10.5,,10.2,9.4,9.7,9.4,9.4,,,,200.0,188.0,10.1,7.3,6.6,3.6,3.6,5.3,5.9
06019,Silstrup,2025-11-03 18:00:00+00:00,2025-11-03,2025,11,3,18,0,56.93,8.6412,,,99.0,100.0,,,1.0,4.0,0.2,0.6,0.0,999.6,1004.8,0.0,0.0,,,12.1,12.3,12.4,12.4,12.2,11.5,12.3,12.3,12.1,5.9,11.4,9.5,9.6,9.5,9.4,,,,219.0,217.0,11.5,10.7,8.0,4.9,4.5,7.7,7.4
06019,Silstrup,2025-11-03 19:00:00+00:00,2025-11-03,2025,11,3,19,0,56.93,8.6412,,,99.0,99.0,,,0.0,2.0,0.0,0.4,,1000.0,1005.1,0.0,0.0,,,12.3,12.4,12.5,12.5,12.4,12.4,,12.4,12.4,,12.3,9.7,9.7,9.6,9.5,,,,222.0,219.0,12.9,11.1,8.3,4.6,4.5,7.8,7.8
06019,Silstrup,2025-11-03 20:00:00+00:00,2025-11-03,2025,11,3,20,0,56.93,8.6412,,,99.0,99.0,,,0.0,2.0,0.0,0.4,,1000.1,1005.3,0.0,0.0,,,12.4,12.5,12.6,12.6,12.6,12.5,,12.5,12.5,,12.4,9.8,9.8,9.7,9.7,,,,223.0,222.0,12.3,11.5,8.6,5.3,4.6,8.1,8.1
06019,Silstrup,2025-11-03 21:00:00+00:00,2025-11-03,2025,11,3,21,0,56.93,8.6412,,,98.0,99.0,,,0.0,1.0,0.0,0.2,,1000.8,1006.0,0.0,0.0,,,12.4,12.7,12.8,12.8,12.7,12.4,,12.7,12.6,,12.5,10.0,10.2,10.0,9.8,,,,223.0,224.0,12.6,11.1,9.0,5.7,5.2,8.2,8.3
06019,Silstrup,2025-11-03 22:00:00+00:00,2025-11-03,2025,11,3,22,0,56.93,8.6412,,,97.0,97.0,,,0.0,1.0,0.0,0.2,,1000.9,1006.1,0.0,0.0,,,12.4,12.8,12.8,12.9,12.8,12.7,,12.9,12.8,,12.7,10.2,10.4,10.3,10.0,,,,221.0,222.0,12.3,11.1,8.5,4.6,4.6,7.6,7.9
06019,Silstrup,2025-11-03 23:00:00+00:00,2025-11-03,2025,11,3,23,0,56.93,8.6412,,,98.0,98.0,,,0.0,1.0,0.0,0.2,,1001.2,1006.3,0.0,0.0,,,12.5,12.8,12.6,12.9,12.7,12.6,,12.8,12.8,,12.8,10.7,10.7,10.6,10.2,,,,217.0,216.0,12.0,11.1,8.9,5.6,5.3,8.2,8.1
06019,Silstrup,2025-11-04 00:00:00+00:00,2025-11-04,2025,11,4,0,0,56.93,8.6412,,,98.0,98.0,,,0.0,7.0,0.0,1.7,,1001.0,1006.2,0.0,0.0,,,12.5,12.9,12.9,12.9,12.9,12.7,12.9,12.9,12.8,9.7,12.8,10.3,10.7,10.4,10.3,,,,214.0,216.0,13.5,13.5,8.9,6.0,5.0,8.6,8.4
06019,Silstrup,2025-11-04 01:00:00+00:00,2025-11-04,2025,11,4,1,0,56.93,8.6412,,,94.0,96.0,,,0.0,1.0,0.0,0.2,,1001.3,1006.5,0.0,0.0,,,12.2,13.1,13.0,13.0,13.0,12.9,,13.1,13.0,,12.9,10.8,10.8,10.6,10.3,,,,212.0,214.0,12.1,11.2,9.0,5.0,5.0,7.8,8.2
06019,Silstrup,2025-11-04 02:00:00+00:00,2025-11-04,2025,11,4,2,0,56.93,8.6412,,,94.0,94.0,,,0.0,0.0,0.0,0.0,,1001.6,1006.8,0.0,0.0,,,12.1,13.1,13.1,13.2,13.1,13.0,,13.2,13.1,,13.1,10.5,10.9,10.6,10.5,,,,213.0,212.0,13.0,12.6,9.2,5.0,5.0,8.2,8.6
06019,Silstrup,2025-11-04 03:00:00+00:00,2025-11-04,2025,11,4,3,0,56.93,8.6412,,,94.0,94.0,,,0.0,0.0,0.0,0.0,,1001.7,1006.9,0.0,0.0,,,12.2,13.2,13.1,13.1,13.1,13.0,,13.2,13.1,,13.1,10.6,10.7,10.6,10.5,,,,217.0,215.0,13.8,13.8,9.7,5.9,5.3,9.2,9.0
06019,Silstrup,2025-11-04 04:00:00+00:00,2025-11-04,2025,11,4,4,0,56.93,8.6412,,,94.0,94.0,,,0.0,0.0,0.0,0.0,,1001.7,1006.9,0.0,0.0,,,12.2,13.1,13.0,13.1,13.1,13.0,,13.2,13.1,,13.1,10.7,11.0,10.8,10.6,,,,214.0,214.0,14.2,12.0,9.9,5.5,5.4,8.6,9.1
06019,Silstrup,2025-11-04 05:00:00+00:00,2025-11-04,2025,11,4,5,0,56.93,8.6412,,,97.0,96.0,,,1.0,3.0,0.2,0.7,0.0,1001.7,1006.9,0.0,0.0,,,12.4,12.8,12.8,13.1,12.9,12.8,,13.2,13.0,,12.8,10.7,10.7,10.7,10.7,,,,220.0,216.0,13.2,13.1,9.7,6.2,5.6,9.7,9.0
06019,Silstrup,2025-11-04 06:00:00+00:00,2025-11-04,2025,11,4,6,0,56.93,8.6412,,,96.0,97.0,,,0.0,1.0,0.0,0.2,,1001.8,1007.0,0.0,0.0,,,12.2,12.8,12.8,12.9,12.8,12.8,13.2,12.9,12.8,12.3,12.8,10.8,11.1,10.9,10.7,,,,213.0,215.0,15.8,15.8,10.5,6.8,5.7,10.5,9.9
06019,Silstrup,2025-11-04 07:00:00+00:00,2025-11-04,2025,11,4,7,0,56.93,8.6412,,,92.0,94.0,,,0.0,0.0,0.0,0.0,,1002.5,1007.7,0.0,0.0,,,12.0,13.2,13.1,13.1,13.0,12.8,,13.2,13.1,,12.8,10.9,11.1,10.9,10.8,,,,220.0,217.0,14.8,14.0,10.4,6.4,5.9,9.9,9.7
06019,Silstrup,2025-11-04 08:00:00+00:00,2025-11-04,2025,11,4,8,0,56.93,8.6412,,,92.0,93.0,,,0.0,0.0,0.0,0.0,,1003.2,1008.4,13.0,10.0,,,12.1,13.3,13.3,13.3,13.1,13.0,,13.3,13.2,,13.0,11.2,11.2,11.0,10.9,,,,223.0,222.0,14.9,13.5,10.7,6.0,6.0,9.4,10.1
06019,Silstrup,2025-11-04 09:00:00+00:00,2025-11-04,2025,11,4,9,0,56.93,8.6412,,,92.0,92.0,,,0.0,0.0,0.0,0.0,,1003.6,1008.8,28.0,22.0,0.0,0.0,12.2,13.4,13.3,13.4,13.3,13.1,,13.4,13.3,,13.3,11.4,11.4,11.4,11.2,,,,222.0,222.0,15.1,13.5,9.9,5.9,5.8,9.6,9.5
06019,Silstrup,2025-11-04 10:00:00+00:00,2025-11-04,2025,11,4,10,0,56.93,8.6412,,,91.0,92.0,,,0.0,0.0,0.0,0.0,,1004.2,1009.4,43.0,39.0,0.0,0.0,12.1,13.5,13.6,13.6,13.5,13.3,,13.6,13.4,,13.3,11.0,11.4,11.1,11.0,,,,224.0,223.0,15.2,13.0,10.1,6.4,4.9,10.0,9.6
06019,Silstrup,2025-11-04 11:00:00+00:00,2025-11-04,2025,11,4,11,0,56.93,8.6412,,,91.0,91.0,,,0.0,0.0,0.0,0.0,,1004.4,1009.6,63.0,47.0,0.0,0.0,12.0,13.5,13.6,13.6,13.6,13.5,,13.5,13.5,,13.5,11.5,11.5,11.4,11.0,,,,222.0,222.0,14.5,14.5,10.1,6.4,6.0,9.6,9.6
06019,Silstrup,2025-11-04 12:00:00+00:00,2025-11-04,2025,11,4,12,0,56.93,8.6412,,,91.0,91.0,,,0.0,0.0,0.0,0.0,,1004.7,1009.9,43.0,54.0,0.0,0.0,12.1,13.5,13.5,13.8,13.7,13.5,13.7,13.7,13.6,12.8,13.5,11.6,11.6,11.5,11.2,,,,223.0,223.0,16.4,14.6,10.8,7.1,5.7,10.8,10.1
06019,Silstrup,2025-11-04 13:00:00+00:00,2025-11-04,2025,11,4,13,0,56.93,8.6412,,,91.0,91.0,,,0.0,0.0,0.0,0.0,,1005.0,1010.2,31.0,33.0,0.0,0.0,12.1,13.6,13.6,13.6,13.6,13.5,,13.6,13.5,,13.5,11.7,11.7,11.7,11.6,,,,220.0,222.0,15.1,14.5,10.8,6.8,5.9,10.1,9.9
06019,Silstrup,2025-11-04 14:00:00+00:00,2025-11-04,2025,11,4,14,0,56.93,8.6412,,,91.0,91.0,,,0.0,0.0,0.0,0.0,,1005.2,1010.4,15.0,40.0,0.0,0.0,12.1,13.5,13.5,13.7,13.6,13.5,,13.6,13.6,,13.5,11.8,11.8,11.7,11.6,,,,218.0,218.0,13.5,12.5,10.0,5.9,5.7,9.0,9.0
06019,Silstrup,2025-11-04 15:00:00+00:00,2025-11-04,2025,11,4,15,0,56.93,8.6412,,,91.0,91.0,,,0.0,0.0,0.0,0.0,,1005.2,1010.4,6.0,12.0,0.0,0.0,11.9,13.4,13.5,13.5,13.5,13.4,,13.6,13.5,,13.4,11.8,11.8,11.7,11.5,,,,219.0,219.0,14.1,13.8,10.0,6.7,5.4,9.8,9.6
06019,Silstrup,2025-11-04 16:00:00+00:00,2025-11-04,2025,11,4,16,0,56.93,8.6412,,,91.0,91.0,,,0.0,0.0,0.0,0.0,,1005.6,1010.8,0.0,1.0,0.0,0.0,11.9,13.3,13.3,13.5,13.4,13.3,,13.4,13.4,,13.3,11.8,11.8,11.8,11.8,,,,217.0,215.0,13.4,12.4,9.7,5.9,5.3,8.8,9.1
06019,Silstrup,2025-11-04 17:00:00+00:00,2025-11-04,2025,11,4,17,0,56.93,8.6412,,,92.0,92.0,,,0.0,0.0,0.0,0.0,,1005.8,1011.0,0.0,0.0,,,11.8,13.1,13.2,13.3,13.2,13.1,,13.3,13.2,,13.1,11.8,11.8,11.8,11.5,,,,209.0,212.0,14.2,13.0,9.5,5.2,5.2,8.8,9.0
06019,Silstrup,2025-11-04 18:00:00+00:00,2025-11-04,2025,11,4,18,0,56.93,8.6412,,,91.0,92.0,,,0.0,0.0,0.0,0.0,,1006.3,1011.5,0.0,0.0,,,11.6,13.0,13.0,13.2,13.1,13.0,13.7,13.1,13.0,12.8,12.9,11.8,11.8,11.7,11.5,,,,205.0,207.0,14.4,13.2,9.7,5.8,5.5,9.4,9.1
06019,Silstrup,2025-11-04 19:00:00+00:00,2025-11-04,2025,11,4,19,0,56.93,8.6412,,,92.0,92.0,,,0.0,0.0,0.0,0.0,,1006.4,1011.6,0.0,0.0,,,11.3,12.6,12.7,13.1,12.8,12.6,,13.0,12.8,,12.6,11.7,11.8,11.8,11.5,,,,200.0,202.0,15.2,13.1,10.1,6.0,5.3,9.3,9.4
06019,Silstrup,2025-11-04 20:00:00+00:00,2025-11-04,2025,11,4,20,0,56.93,8.6412,,,91.0,91.0,,,0.0,0.0,0.0,0.0,,1006.1,1011.3,0.0,0.0,,,10.9,12.4,12.4,12.7,12.5,12.4,,12.6,12.5,,12.4,11.3,11.8,11.4,11.3,,,,203.0,202.0,14.4,13.1,10.3,6.0,5.4,9.1,9.2
06019,Silstrup,2025-11-04 21:00:00+00:00,2025-11-04,2025,11,4,21,0,56.93,8.6412,,,92.0,91.0,,,0.0,0.0,0.0,0.0,,1006.2,1011.5,0.0,0.0,,,10.6,11.8,11.6,12.4,11.9,11.6,,12.4,12.1,,11.8,11.7,11.7,11.6,11.3,,,,201.0,201.0,12.7,11.1,9.4,4.8,4.8,7.8,8.6
06019,Silstrup,2025-11-04 22:00:00+00:00,2025-11-04,2025,11,4,22,0,56.93,8.6412,,,90.0,92.0,,,0.0,0.0,0.0,0.0,,1006.0,1011.2,0.0,0.0,,,10.6,12.3,12.2,12.2,11.9,11.5,,12.3,12.0,,11.6,11.6,11.7,11.7,11.6,,,,197.0,202.0,11.8,11.8,8.5,5.5,4.9,8.4,7.6
06019,Silstrup,2025-11-04 23:00:00+00:00,2025-11-04,2025,11,4,23,0,56.93,8.6412,,,88.0,89.0,,,0.0,0.0,0.0,0.0,,1006.2,1011.4,0.0,0.0,,,10.5,12.4,12.4,12.4,12.3,12.2,,12.5,12.4,,12.2,11.6,11.6,11.6,11.6,,,,199.0,199.0,13.2,12.6,9.9,5.8,5.7,9.2,9.1
06019,Silstrup,2025-11-05 00:00:00+00:00,2025-11-05,2025,11,5,0,0,56.93,8.6412,,,89.0,88.0,,,0.0,0.0,0.0,0.0,,1006.0,1011.2,0.0,0.0,,,10.3,12.1,11.8,12.4,12.1,11.7,13.6,12.5,12.2,11.6,12.0,11.5,11.6,11.3,11.1,,,,197.0,199.0,11.5,10.6,9.2,5.5,4.5,7.7,7.8
06019,Silstrup,2025-11-05 01:00:00+00:00,2025-11-05,2025,11,5,1,0,56.93,8.6412,,,90.0,90.0,,,0.0,0.0,0.0,0.0,,1005.8,1011.1,0.0,0.0,,,10.2,11.8,11.7,12.0,11.8,11.6,,12.1,11.9,,11.7,11.0,11.5,11.1,11.0,,,,192.0,195.0,10.5,9.6,7.7,4.0,4.0,6.2,6.4
06019,Silstrup,2025-11-05 02:00:00+00:00,2025-11-05,2025,11,5,2,0,56.93,8.6412,,,90.0,89.0,,,0.0,0.0,0.0,0.0,,1005.3,1010.5,0.0,0.0,,,10.1,11.7,11.3,11.8,11.7,11.3,,11.9,11.8,,11.6,11.5,11.5,11.4,11.0,,,,188.0,188.0,9.3,8.6,6.5,4.1,3.6,6.1,6.2
06019,Silstrup,2025-11-05 03:00:00+00:00,2025-11-05,2025,11,5,3,0,56.93,8.6412,,,90.0,90.0,,,0.0,0.0,0.0,0.0,,1005.1,1010.3,0.0,0.0,,,9.9,11.5,11.5,11.7,11.6,11.3,,11.7,11.6,,11.5,11.4,11.4,11.3,11.1,,,,187.0,187.0,8.9,7.9,6.6,4.1,3.6,6.0,6.0
06019,Silstrup,2025-11-05 04:00:00+00:00,2025-11-05,2025,11,5,4,0,56.93,8.6412,,,91.0,91.0,,,0.0,0.0,0.0,0.0,,1004.9,1010.2,0.0,0.0,,,10.0,11.4,11.4,11.5,11.4,11.3,,11.5,11.4,,11.3,10.9,11.4,11.0,10.9,,,,189.0,189.0,8.9,8.4,6.5,4.0,4.0,5.8,6.1
06019,Silstrup,2025-11-05 05:00:00+00:00,2025-11-05,2025,11,5,5,0,56.93,8.6412,,,91.0,91.0,,,0.0,0.0,0.0,0.0,,1005.0,1010.2,0.0,0.0,,,9.9,11.3,11.4,11.5,11.4,11.4,,11.4,11.4,,11.3,11.3,11.3,11.3,10.9,,,,191.0,190.0,7.4,6.9,5.7,3.6,3.3,5.1,5.2
06019,Silstrup,2025-11-05 06:00:00+00:00,2025-11-05,2025,11,5,6,0,56.93,8.6412,,,91.0,91.0,,,0.0,0.0,0.0,0.0,,1005.2,1010.5,0.0,0.0,,,10.0,11.4,11.3,11.4,11.3,11.2,13.0,11.5,11.4,11.3,11.3,11.3,11.4,11.3,11.3,,,,188.0,192.0,8.1,8.1,6.0,3.8,3.6,5.6,5.6
06019,Silstrup,2025-11-05 07:00:00+00:00,2025-11-05,2025,11,5,7,0,56.93,8.6412,,,95.0,93.0,,,0.0,0.0,0.0,0.0,,1005.5,1010.8,0.0,0.0,,,10.3,11.1,11.3,11.5,11.4,11.3,,11.4,11.2,,11.1,11.2,11.3,11.0,10.9,,,,178.0,180.0,7.1,6.0,5.7,2.9,2.8,4.3,4.5
06019,Silstrup,2025-11-05 08:00:00+00:00,2025-11-05,2025,11,5,8,0,56.93,8.6412,,,99.0,97.0,,,3.0,18.0,0.1,0.5,0.0,1005.7,1011.0,5.0,3.0,,,10.7,10.9,11.2,11.3,11.1,11.0,,11.1,10.9,,10.9,11.3,11.3,11.2,10.9,,,,176.0,175.0,7.3,6.9,5.7,3.4,3.0,4.9,4.6
06019,Silstrup,2025-11-05 09:00:00+00:00,2025-11-05,2025,11,5,9,0,56.93,8.6412,,,99.0,99.0,,,1.0,10.0,0.0,0.3,,1005.8,1011.0,18.0,14.0,0.0,0.0,11.0,11.1,11.4,11.4,11.2,11.0,,11.1,11.0,,10.9,10.9,11.3,11.1,10.8,,,,182.0,180.0,8.1,8.1,5.6,3.2,3.2,5.6,5.3
06019,Silstrup,2025-11-05 10:00:00+00:00,2025-11-05,2025,11,5,10,0,56.93,8.6412,,,99.0,99.0,,,0.0,2.0,0.0,0.2,,1005.8,1011.1,24.0,24.0,0.0,0.0,11.5,11.6,11.8,11.9,11.7,11.4,,11.6,11.4,,11.1,11.3,11.3,11.1,10.8,,,,194.0,189.0,10.5,9.7,7.2,5.0,3.7,7.2,6.3
06019,Silstrup,2025-11-05 11:00:00+00:00,2025-11-05,2025,11,5,11,0,56.93,8.6412,,,99.0,99.0,,,0.0,0.0,0.0,0.0,,1005.8,1011.1,20.0,43.0,0.0,0.0,11.6,11.8,12.0,12.1,12.0,11.8,,11.8,11.7,,11.6,11.4,11.4,11.4,11.3,,,,199.0,195.0,9.7,9.7,7.4,4.4,4.1,6.8,6.9
06019,Silstrup,2025-11-05 12:00:00+00:00,2025-11-05,2025,11,5,12,0,56.93,8.6412,,,99.0,99.0,,,1.0,4.0,0.1,0.4,0.0,1005.8,1011.0,48.0,37.0,0.0,0.0,11.9,12.0,12.3,12.3,12.2,12.1,12.1,12.0,11.9,10.9,11.8,11.5,11.5,11.4,11.4,,,,196.0,197.0,9.7,8.0,7.1,3.9,3.9,5.9,6.4
06019,Silstrup,2025-11-05 13:00:00+00:00,2025-11-05,2025,11,5,13,0,56.93,8.6412,,,97.0,98.0,,,0.0,0.0,0.0,0.0,,1005.9,1011.1,26.0,30.0,0.0,0.0,12.1,12.6,12.8,12.8,12.5,12.3,,12.6,12.3,,11.9,11.6,11.6,11.5,11.5,,,,197.0,197.0,9.3,9.3,6.6,4.3,3.6,6.4,6.0
06019,Silstrup,2025-11-05 14:00:00+00:00,2025-11-05,2025,11,5,14,0,56.93,8.6412,,,99.0,98.0,,,0.0,0.0,0.0,0.0,,1006.0,1011.2,13.0,21.0,0.0,0.0,12.4,12.6,12.8,12.9,12.7,12.6,,12.7,12.5,,12.4,11.6,11.6,11.6,11.6,,,,203.0,201.0,9.7,9.6,7.1,4.5,4.0,6.8,6.7
06019,Silstrup,2025-11-05 15:00:00+00:00,2025-11-05,2025,11,5,15,0,56.93,8.6412,,,98.0,99.0,,,0.0,0.0,0.0,0.0,,1006.2,1011.4,3.0,12.0,0.0,0.0,12.2,12.5,12.7,12.8,12.7,12.6,,12.6,12.5,,12.4,11.7,11.7,11.7,11.6,,,,205.0,204.0,9.7,7.1,6.6,3.4,3.4,5.3,6.0
06019,Silstrup,2025-11-05 16:00:00+00:00,2025-11-05,2025,11,5,16,0,56.93,8.6412,,,96.0,97.0,,,0.0,0.0,0.0,0.0,,1006.2,1011.4,0.0,0.0,0.0,0.0,12.0,12.6,12.7,12.8,12.7,12.6,,12.6,12.6,,12.5,11.3,11.7,11.4,11.2,,,,209.0,204.0,8.9,8.9,6.1,4.3,3.1,6.1,5.4
06019,Silstrup,2025-11-05 17:00:00+00:00,2025-11-05,2025,11,5,17,0,56.93,8.6412,,,95.0,95.0,,,0.0,0.0,0.0,0.0,,1006.6,1011.8,0.0,0.0,,,11.6,12.4,12.4,12.7,12.6,12.4,,12.7,12.6,,12.4,11.7,11.7,11.4,11.2,,,,206.0,206.0,8.8,8.3,6.5,3.8,3.8,6.0,6.2
06019,Silstrup,2025-11-05 18:00:00+00:00,2025-11-05,2025,11,5,18,0,56.93,8.6412,,,96.0,95.0,,,0.0,0.0,0.0,0.0,,1006.7,1011.9,0.0,0.0,,,11.2,11.9,12.0,12.4,12.1,11.9,12.7,12.4,12.1,10.9,11.9,11.3,11.8,11.6,11.3,,,,195.0,201.0,9.3,6.5,6.5,3.3,3.3,4.8,5.6
06019,Silstrup,2025-11-05 19:00:00+00:00,2025-11-05,2025,11,5,19,0,56.93,8.6412,,,95.0,96.0,,,0.0,0.0,0.0,0.0,,1006.9,1012.2,0.0,0.0,,,11.0,11.8,11.9,12.0,11.9,11.8,,11.9,11.8,,11.8,11.2,11.6,11.3,11.2,,,,198.0,201.0,7.3,7.3,5.5,3.9,3.2,5.2,4.9
06019,Silstrup,2025-11-05 20:00:00+00:00,2025-11-05,2025,11,5,20,0,56.93,8.6412,,,96.0,95.0,,,0.0,0.0,0.0,0.0,,1006.9,1012.2,0.0,0.0,,,11.0,11.7,11.9,11.9,11.9,11.7,,11.8,11.8,,11.7,11.6,11.7,11.5,11.2,,,,199.0,200.0,7.1,5.1,5.6,2.4,2.4,3.8,4.6
06019,Silstrup,2025-11-05 21:00:00+00:00,2025-11-05,2025,11,5,21,0,56.93,8.6412,,,95.0,95.0,,,0.0,0.0,0.0,0.0,,1006.9,1012.1,0.0,0.0,,,10.7,11.5,11.6,11.9,11.8,11.6,,11.7,11.6,,11.5,11.6,11.7,11.6,11.3,,,,178.0,179.0,7.2,7.2,5.0,3.1,2.5,5.0,4.1
06019,Silstrup,2025-11-05 22:00:00+00:00,2025-11-05,2025,11,5,22,0,56.93,8.6412,,,96.0,95.0,,,0.0,0.0,0.0,0.0,,1007.1,1012.3,0.0,0.0,,,10.6,11.2,11.1,11.6,11.4,11.1,,11.5,11.3,,11.1,11.6,11.7,11.7,11.6,,,,186.0,184.0,7.3,6.2,5.4,2.8,2.8,4.4,4.8
06019,Silstrup,2025-11-05 23:00:00+00:00,2025-11-05,2025,11,5,23,0,56.93,8.6412,,,95.0,96.0,,,0.0,6.0,0.0,0.2,,1006.9,1012.2,0.0,0.0,,,10.3,11.1,11.3,11.4,11.3,11.1,,11.2,11.1,,11.0,11.1,11.6,11.2,11.1,,,,161.0,169.0,5.6,5.4,4.3,2.4,2.4,3.8,3.9
06019,Silstrup,2025-11-06 00:00:00+00:00,2025-11-06,2025,11,6,0,0,56.93,8.6412,,,92.0,93.0,,,0.0,0.0,0.0,0.0,,1006.7,1012.0,0.0,0.0,,,10.1,11.3,11.4,11.4,11.4,11.3,12.7,11.3,11.2,11.0,11.1,11.6,11.6,11.5,11.1,,,,161.0,163.0,6.6,5.7,4.7,2.9,2.2,3.9,4.2
06019,Silstrup,2025-11-06 01:00:00+00:00,2025-11-06,2025,11,6,1,0,56.93,8.6412,,,89.0,90.0,,,0.0,0.0,0.0,0.0,,1006.4,1011.7,0.0,0.0,,,9.8,11.6,11.3,11.4,11.3,11.2,,11.6,11.5,,11.3,11.6,11.6,11.6,11.5,,,,177.0,176.0,6.8,6.8,4.6,3.2,2.6,4.5,4.3
06019,Silstrup,2025-11-06 02:00:00+00:00,2025-11-06,2025,11,6,2,0,56.93,8.6412,,,89.0,89.0,,,0.0,0.0,0.0,0.0,,1006.4,1011.7,0.0,0.0,,,9.7,11.5,11.5,11.6,11.5,11.3,,11.7,11.6,,11.5,11.1,11.5,11.4,11.1,,,,187.0,181.0,7.3,6.8,5.0,3.6,3.0,4.9,4.7
06019,Silstrup,2025-11-06 03:00:00+00:00,2025-11-06,2025,11,6,3,0,56.93,8.6412,,,89.0,89.0,,,0.0,0.0,0.0,0.0,,1006.1,1011.4,0.0,0.0,,,9.6,11.4,11.4,11.5,11.4,11.3,,11.5,11.4,,11.3,11.4,11.4,11.3,11.0,,,,177.0,181.0,6.6,5.2,5.0,2.7,2.3,3.9,4.3
06019,Silstrup,2025-11-06 04:00:00+00:00,2025-11-06,2025,11,6,4,0,56.93,8.6412,,,89.0,89.0,,,0.0,0.0,0.0,0.0,,1006.1,1011.4,0.0,0.0,,,9.6,11.4,11.3,11.4,11.3,11.2,,11.5,11.4,,11.3,11.4,11.5,11.4,11.4,,,,158.0,160.0,5.5,4.4,4.0,2.0,1.9,3.0,3.2
06019,Silstrup,2025-11-06 05:00:00+00:00,2025-11-06,2025,11,6,5,0,56.93,8.6412,,,89.0,89.0,,,0.0,0.0,0.0,0.0,,1006.1,1011.4,0.0,0.0,,,9.5,11.3,11.6,11.7,11.6,11.3,,11.5,11.4,,11.3,10.9,11.4,11.1,10.9,,,,136.0,145.0,3.7,2.7,2.9,1.4,0.9,2.0,1.9
06019,Silstrup,2025-11-06 06:00:00+00:00,2025-11-06,2025,11,6,6,0,56.93,8.6412,,,89.0,90.0,,,0.0,0.0,0.0,0.0,,1005.9,1011.1,0.0,0.0,,,9.4,11.1,11.3,11.6,11.4,11.3,11.9,11.3,11.1,11.0,11.1,11.4,11.4,11.2,10.9,,,,130.0,131.0,4.1,4.1,3.2,2.2,1.8,3.2,2.6
06019,Silstrup,2025-11-06 07:00:00+00:00,2025-11-06,2025,11,6,7,0,56.93,8.6412,,,88.0,89.0,,,0.0,0.0,0.0,0.0,,1006.2,1011.5,5.0,1.0,,,9.2,11.1,11.3,11.4,11.2,11.1,,11.2,11.1,,10.9,11.4,11.4,11.2,11.0,,,,148.0,137.0,5.0,4.6,3.9,2.2,2.1,3.3,3.3
06019,Silstrup,2025-11-06 08:00:00+00:00,2025-11-06,2025,11,6,8,0,56.93,8.6412,,,87.0,87.0,,,0.0,0.0,0.0,0.0,,1006.1,1011.3,15.0,16.0,,,9.1,11.3,11.4,11.4,11.4,11.3,,11.3,11.2,,11.1,11.4,11.4,11.4,11.3,,,,163.0,157.0,6.0,5.8,4.6,3.3,2.6,4.4,4.3
06019,Silstrup,2025-11-06 09:00:00+00:00,2025-11-06,2025,11,6,9,0,56.93,8.6412,,,86.0,87.0,,,0.0,0.0,0.0,0.0,,1006.4,1011.7,88.0,36.0,10.0,41.0,9.1,11.4,11.8,11.8,11.5,11.4,,11.4,11.3,,11.1,11.3,11.4,11.3,11.0,,,,178.0,172.0,5.1,3.6,4.4,1.4,1.4,2.4,3.2
06019,Silstrup,2025-11-06 10:00:00+00:00,2025-11-06,2025,11,6,10,0,56.93,8.6412,,,84.0,84.0,,,0.0,0.0,0.0,0.0,,1006.4,1011.6,103.0,123.0,0.0,47.0,9.1,11.7,12.0,12.7,12.2,11.8,,12.1,11.8,,11.4,11.0,11.4,11.3,11.0,,,,168.0,170.0,4.4,4.4,3.1,2.1,1.4,3.0,2.9
06019,Silstrup,2025-11-06 11:00:00+00:00,2025-11-06,2025,11,6,11,0,56.93,8.6412,,,76.0,81.0,,,0.0,0.0,0.0,0.0,,1006.0,1011.2,295.0,200.0,10.0,53.0,9.6,13.7,14.7,14.7,13.3,12.0,,13.7,12.5,,11.7,11.4,11.4,11.1,10.9,,,,162.0,159.0,5.4,5.4,4.0,2.6,0.8,4.0,3.1
06019,Silstrup,2025-11-06 12:00:00+00:00,2025-11-06,2025,11,6,12,0,56.93,8.6412,,,73.0,75.0,,,0.0,0.0,0.0,0.0,,1006.0,1011.2,143.0,167.0,6.0,27.0,8.8,13.5,14.4,14.8,14.0,13.3,13.7,13.7,13.4,10.9,13.0,11.6,11.6,11.6,11.4,,,,163.0,173.0,5.5,2.4,4.1,0.8,0.8,1.4,2.9
06019,Silstrup,2025-11-06 13:00:00+00:00,2025-11-06,2025,11,6,13,0,56.93,8.6412,,,73.0,73.0,,,0.0,0.0,0.0,0.0,,1005.9,1011.1,148.0,189.0,2.0,43.0,9.3,14.1,14.9,15.6,15.0,14.1,,14.4,14.1,,13.4,11.4,11.7,11.6,11.4,,,,157.0,153.0,3.5,3.5,2.4,1.6,0.7,2.4,1.9
06019,Silstrup,2025-11-06 14:00:00+00:00,2025-11-06,2025,11,6,14,0,56.93,8.6412,,,75.0,75.0,,,0.0,0.0,0.0,0.0,,1005.8,1011.0,33.0,59.0,0.0,0.0,8.4,12.8,12.9,14.9,13.3,12.7,,14.0,13.0,,12.6,11.9,11.9,11.8,11.4,,,,143.0,151.0,4.2,3.9,2.9,2.0,0.9,2.9,2.6
06019,Silstrup,2025-11-06 15:00:00+00:00,2025-11-06,2025,11,6,15,0,56.93,8.6412,,,88.0,83.0,,,0.0,0.0,0.0,0.0,,1005.9,1011.2,15.0,22.0,0.0,0.0,9.7,11.6,11.9,12.9,12.4,11.9,,12.8,12.1,,11.5,11.8,11.9,11.6,11.4,,,,97.0,106.0,3.8,2.7,2.9,1.8,1.5,2.2,2.3
06019,Silstrup,2025-11-06 16:00:00+00:00,2025-11-06,2025,11,6,16,0,56.93,8.6412,,,87.0,88.0,,,0.0,0.0,0.0,0.0,,1005.9,1011.2,0.0,3.0,0.0,0.0,9.3,11.3,9.9,11.8,10.8,9.9,,11.6,11.2,,10.9,11.8,11.8,11.8,11.8,,,,80.0,99.0,3.2,2.4,2.9,1.3,1.3,1.9,2.3
06019,Silstrup,2025-11-06 17:00:00+00:00,2025-11-06,2025,11,6,17,0,56.93,8.6412,,,90.0,87.0,,,0.0,0.0,0.0,0.0,,1005.9,1011.2,0.0,0.0,,,9.3,10.9,10.3,10.3,9.9,9.6,,12.0,11.2,,10.8,11.7,11.8,11.7,11.7,,,,102.0,106.0,3.6,3.6,3.0,2.5,1.4,3.0,2.3
06019,Silstrup,2025-11-06 18:00:00+00:00,2025-11-06,2025,11,6,18,0,56.93,8.6412,,,89.0,88.0,,,0.0,0.0,0.0,0.0,,1006.1,1011.3,0.0,0.0,,,8.8,10.5,10.0,10.6,10.3,10.0,14.4,10.9,10.8,10.5,10.5,11.0,11.7,11.2,11.0,,,,111.0,108.0,4.2,4.0,3.5,2.7,2.5,3.2,3.3
06019,Silstrup,2025-11-06 19:00:00+00:00,2025-11-06,2025,11,6,19,0,56.93,8.6412,,,86.0,87.0,,,0.0,0.0,0.0,0.0,,1005.9,1011.2,0.0,0.0,,,8.3,10.6,10.0,,10.2,9.9,,11.0,10.8,,10.5,11.4,11.4,11.2,11.0,,,,109.0,111.0,4.6,4.2,3.6,2.7,2.5,3.4,3.4
06019,Silstrup,2025-11-06 20:00:00+00:00,2025-11-06,2025,11,6,20,0,56.93,8.6412,,,90.0,87.0,,,0.0,0.0,0.0,0.0,,1005.5,1010.8,0.0,0.0,,,8.3,9.8,9.3,10.0,9.7,9.3,,10.7,10.3,,9.8,11.3,11.4,11.2,11.0,,,,90.0,102.0,4.9,4.2,4.1,2.8,2.4,3.2,3.5
06019,Silstrup,2025-11-06 21:00:00+00:00,2025-11-06,2025,11,6,21,0,56.93,8.6412,,,88.0,89.0,,,0.0,0.0,0.0,0.0,,1005.5,1010.8,0.0,0.0,,,8.0,9.9,9.5,9.6,9.4,9.2,,10.0,9.9,,9.7,11.2,11.3,11.2,11.2,,,,112.0,103.0,4.9,4.7,3.9,2.6,2.6,3.7,3.7
06019,Silstrup,2025-11-06 22:00:00+00:00,2025-11-06,2025,11,6,22,0,56.93,8.6412,,,90.0,89.0,,,0.0,0.0,0.0,0.0,,1005.4,1010.7,0.0,0.0,,,7.7,9.3,8.9,9.7,9.4,8.9,,10.0,9.7,,9.2,11.1,11.2,11.1,11.1,,,,111.0,111.0,6.1,4.1,5.2,2.7,2.7,3.4,4.2
06019,Silstrup,2025-11-06 23:00:00+00:00,2025-11-06,2025,11,6,23,0,56.93,8.6412,,,87.0,87.0,,,0.0,0.0,0.0,0.0,,1005.6,1010.9,0.0,0.0,,,7.4,9.4,9.1,9.5,9.2,8.9,,10.0,9.6,,9.3,11.0,11.1,11.0,11.0,,,,134.0,132.0,5.0,4.9,3.9,0.7,0.7,2.8,3.1
06019,Silstrup,2025-11-07 00:00:00+00:00,2025-11-07,2025,11,7,0,0,56.93,8.6412,,,90.0,89.0,,,0.0,0.0,0.0,0.0,,1005.3,1010.6,0.0,0.0,,,7.1,8.6,8.2,9.1,8.6,8.2,14.4,9.4,8.9,8.5,8.5,10.9,11.0,10.9,10.9,,,,124.0,131.0,4.3,3.2,2.8,1.1,0.7,2.0,2.2
06019,Silstrup,2025-11-07 01:00:00+00:00,2025-11-07,2025,11,7,1,0,56.93,8.6412,,,91.0,91.0,,,0.0,0.0,0.0,0.0,,1005.3,1010.6,0.0,0.0,,,6.8,8.2,8.0,8.3,8.1,7.9,,8.6,8.3,,8.0,10.3,10.9,10.6,10.3,,,,143.0,130.0,4.5,4.5,3.7,2.8,1.3,3.7,2.9
06019,Silstrup,2025-11-07 02:00:00+00:00,2025-11-07,2025,11,7,2,0,56.93,8.6412,,,95.0,92.0,,,0.0,0.0,0.0,0.0,,1004.7,1010.0,0.0,0.0,,,6.6,7.4,7.3,8.1,7.9,7.3,,8.3,8.0,,7.4,10.6,10.6,10.6,10.3,,,,119.0,134.0,4.8,4.3,3.9,2.8,2.2,3.6,3.5
06019,Silstrup,2025-11-07 03:00:00+00:00,2025-11-07,2025,11,7,3,0,56.93,8.6412,,,94.0,94.0,,,0.0,0.0,0.0,0.0,,1004.3,1009.6,0.0,0.0,,,7.0,7.9,7.8,7.9,7.6,7.2,,8.0,7.7,,7.4,10.5,10.6,10.5,10.5,,,,121.0,118.0,6.5,5.4,5.3,2.5,2.0,4.1,4.1
06019,Silstrup,2025-11-07 04:00:00+00:00,2025-11-07,2025,11,7,4,0,56.93,8.6412,,,94.0,94.0,,,0.0,0.0,0.0,0.0,,1004.1,1009.4,0.0,0.0,,,6.9,7.9,7.7,7.9,7.8,7.7,,8.1,7.9,,7.8,10.4,10.5,10.4,10.4,,,,114.0,115.0,7.1,6.4,5.5,3.6,3.6,4.7,5.0
06019,Silstrup,2025-11-07 05:00:00+00:00,2025-11-07,2025,11,7,5,0,56.93,8.6412,,,96.0,95.0,,,0.0,0.0,0.0,0.0,,1004.2,1009.5,0.0,0.0,,,6.6,7.3,7.3,7.7,7.6,7.3,,7.9,7.7,,7.3,10.3,10.4,10.3,10.3,,,,127.0,120.0,6.8,5.9,5.5,2.7,2.7,4.3,4.7
06019,Silstrup,2025-11-07 06:00:00+00:00,2025-11-07,2025,11,7,6,0,56.93,8.6412,,,97.0,97.0,,,0.0,0.0,0.0,0.0,,1004.1,1009.4,0.0,0.0,,,6.7,7.1,7.0,7.3,7.1,6.9,11.0,7.3,7.1,7.0,7.0,10.2,10.3,10.2,10.2,,,,117.0,121.0,6.5,5.6,4.8,3.7,2.8,4.5,4.4
06019,Silstrup,2025-11-07 07:00:00+00:00,2025-11-07,2025,11,7,7,0,56.93,8.6412,,,98.0,98.0,,,0.0,0.0,0.0,0.0,,1004.3,1009.6,7.0,0.0,,,6.5,6.8,6.8,7.1,7.0,6.8,,7.1,7.0,,6.7,10.1,10.2,10.1,10.1,,,,135.0,125.0,6.3,4.7,4.7,2.1,2.1,3.3,4.0
06019,Silstrup,2025-11-07 08:00:00+00:00,2025-11-07,2025,11,7,8,0,56.93,8.6412,,,99.0,98.0,,,0.0,0.0,0.0,0.0,,1004.5,1009.9,27.0,23.0,,,6.3,6.4,6.9,6.9,6.8,6.6,,6.8,6.5,,6.3,10.0,10.1,10.0,10.0,,,,128.0,128.0,5.7,5.3,4.6,1.5,1.5,3.4,3.7
06019,Silstrup,2025-11-07 09:00:00+00:00,2025-11-07,2025,11,7,9,0,56.93,8.6412,,,100.0,100.0,,,0.0,0.0,0.0,0.0,,1004.7,1010.1,28.0,39.0,2.0,30.0,6.8,6.8,7.4,7.5,7.3,6.9,,6.8,6.6,,6.4,9.9,10.0,9.9,9.7,,,,151.0,146.0,5.1,4.5,4.6,2.1,1.2,3.2,3.2
06019,Silstrup,2025-11-07 10:00:00+00:00,2025-11-07,2025,11,7,10,0,56.93,8.6412,,,100.0,100.0,,,0.0,0.0,0.0,0.0,,1004.9,1010.2,37.0,43.0,0.0,0.0,6.8,6.8,7.4,7.7,7.5,7.4,,6.9,6.8,,6.6,9.5,9.9,9.6,9.5,,,,158.0,151.0,5.4,4.5,3.8,2.2,1.6,3.3,3.3
06019,Silstrup,2025-11-07 11:00:00+00:00,2025-11-07,2025,11,7,11,0,56.93,8.6412,,,100.0,100.0,,,0.0,0.0,0.0,0.0,,1004.9,1010.2,53.0,58.0,0.0,0.0,7.1,7.1,8.1,8.1,7.7,7.3,,7.2,6.9,,6.6,9.5,9.8,9.6,9.5,,,,162.0,153.0,5.2,3.9,3.9,1.0,1.0,2.3,3.0
06019,Silstrup,2025-11-07 12:00:00+00:00,2025-11-07,2025,11,7,12,0,56.93,8.6412,,,97.0,99.0,,,0.0,0.0,0.0,0.0,,1004.8,1010.1,69.0,68.0,0.0,0.0,6.9,7.4,8.5,8.6,8.3,8.1,8.6,7.5,7.3,6.3,7.1,10.1,10.1,9.9,9.5,,,,177.0,168.0,4.0,4.0,2.8,0.5,0.2,2.1,2.1
06019,Silstrup,2025-11-07 13:00:00+00:00,2025-11-07,2025,11,7,13,0,56.93,8.6412,,,94.0,95.0,,,0.0,0.0,0.0,0.0,,1005.0,1010.3,28.0,47.0,0.0,0.0,6.9,7.8,8.5,8.6,8.5,8.4,,7.8,7.6,,7.4,9.7,10.1,10.0,9.7,,,,185.0,176.0,4.1,4.1,2.8,0.4,0.4,1.8,2.1
06019,Silstrup,2025-11-07 14:00:00+00:00,2025-11-07,2025,11,7,14,0,56.93,8.6412,,,95.0,95.0,,,0.0,0.0,0.0,0.0,,1004.9,1010.3,16.0,24.0,0.0,0.0,6.9,7.6,8.4,8.5,8.4,8.3,,7.9,7.7,,7.6,10.2,10.2,10.0,9.7,,,,198.0,192.0,4.1,2.1,2.7,0.0,0.0,1.1,1.5
06019,Silstrup,2025-11-07 15:00:00+00:00,2025-11-07,2025,11,7,15,0,56.93,8.6412,,,96.0,95.0,,,0.0,0.0,0.0,0.0,,1005.1,1010.4,5.0,10.0,0.0,0.0,6.6,7.3,8.1,8.4,8.2,8.0,,7.6,7.5,,7.3,10.2,10.2,10.0,9.8,,,,182.0,197.0,3.1,1.9,2.2,0.0,0.0,1.1,1.3
06019,Silstrup,2025-11-07 16:00:00+00:00,2025-11-07,2025,11,7,16,0,56.93,8.6412,,,97.0,96.0,,,0.0,0.0,0.0,0.0,,1005.2,1010.5,0.0,1.0,0.0,0.0,7.1,7.5,8.0,8.3,8.1,8.0,,7.5,7.4,,7.3,10.3,10.3,10.2,10.2,,,,87.0,98.0,2.9,2.9,2.1,1.2,0.0,2.1,1.0
06019,Silstrup,2025-11-07 17:00:00+00:00,2025-11-07,2025,11,7,17,0,56.93,8.6412,,,99.0,98.0,,,0.0,0.0,0.0,0.0,,1005.5,1010.9,0.0,0.0,,,7.4,7.6,8.3,8.3,8.2,8.0,,7.6,7.5,,7.5,10.3,10.3,10.2,9.9,,,,131.0,133.0,3.0,2.0,2.0,0.7,0.0,1.3,1.3
06019,Silstrup,2025-11-07 18:00:00+00:00,2025-11-07,2025,11,7,18,0,56.93,8.6412,,,100.0,99.0,,,0.0,0.0,0.0,0.0,,1006.2,1011.5,0.0,0.0,,,7.6,7.7,8.4,8.5,8.4,8.3,7.9,7.7,7.6,6.3,7.5,10.2,10.3,10.2,10.2,,,,166.0,143.0,2.3,2.0,1.7,0.7,0.4,1.4,1.3
06019,Silstrup,2025-11-07 19:00:00+00:00,2025-11-07,2025,11,7,19,0,56.93,8.6412,,,100.0,100.0,,,0.0,0.0,0.0,0.0,,1006.5,1011.8,0.0,0.0,,,7.8,7.8,8.5,8.5,8.4,8.3,,7.8,7.7,,7.7,10.2,10.3,10.1,9.9,,,,137.0,135.0,2.9,2.0,2.1,0.2,0.2,0.9,1.4
06019,Silstrup,2025-11-07 20:00:00+00:00,2025-11-07,2025,11,7,20,0,56.93,8.6412,,,99.0,100.0,,,0.0,0.0,0.0,0.0,,1007.0,1012.3,0.0,0.0,,,7.8,7.9,8.8,8.8,8.6,8.5,,7.9,7.8,,7.8,10.2,10.2,10.2,10.2,,,,162.0,146.0,2.0,1.3,1.3,0.0,0.0,0.5,0.8
06019,Silstrup,2025-11-07 21:00:00+00:00,2025-11-07,2025,11,7,21,0,56.93,8.6412,,,99.0,99.0,,,0.0,0.0,0.0,0.0,,1007.3,1012.6,0.0,0.0,,,7.9,8.0,8.9,8.9,8.8,8.7,,8.0,7.9,,7.9,10.2,10.2,10.2,10.2,,,,0.0,124.0,1.6,0.0,1.0,0.0,0.0,0.0,0.3
06019,Silstrup,2025-11-07 22:00:00+00:00,2025-11-07,2025,11,7,22,0,56.93,8.6412,,,99.0,99.0,,,0.0,0.0,0.0,0.0,,1007.1,1012.4,0.0,0.0,,,8.0,8.1,8.8,9.0,8.9,8.8,,8.1,8.0,,8.0,10.2,10.3,10.2,10.2,,,,177.0,159.0,2.4,2.4,1.6,1.0,0.0,1.6,0.7
06019,Silstrup,2025-11-07 23:00:00+00:00,2025-11-07,2025,11,7,23,0,56.93,8.6412,,,99.0,99.0,,,0.0,0.0,0.0,0.0,,1007.5,1012.8,0.0,0.0,,,8.0,8.1,9.1,9.1,8.8,8.7,,8.2,8.1,,8.1,10.3,10.3,10.2,10.2,,,,0.0,190.0,3.0,0.2,2.5,0.0,0.0,0.0,1.6
06019,Silstrup,2025-11-08 00:00:00+00:00,2025-11-08,2025,11,8,0,0,56.93,8.6412,,,99.0,99.0,,,0.0,0.0,0.0,0.0,,1007.6,1012.9,0.0,0.0,,,8.1,8.2,9.3,9.3,9.2,9.0,8.2,8.2,8.1,7.3,8.1,10.3,10.3,10.2,10.2,,,,0.0,35.0,1.1,0.2,0.2,0.0,0.0,0.0,0.1
06019,Silstrup,2025-11-08 01:00:00+00:00,2025-11-08,2025,11,8,1,0,56.93,8.6412,,,99.0,99.0,,,0.0,0.0,0.0,0.0,,1007.7,1013.0,0.0,0.0,,,8.1,8.2,9.1,9.4,9.2,9.0,,8.3,8.2,,8.2,10.3,10.3,10.3,10.2,,,,41.0,36.0,1.9,1.9,1.5,0.6,0.0,1.2,0.8
06019,Silstrup,2025-11-08 02:00:00+00:00,2025-11-08,2025,11,8,2,0,56.93,8.6412,,,100.0,100.0,,,0.0,0.0,0.0,0.0,,1007.8,1013.1,0.0,0.0,,,8.3,8.4,9.0,9.1,9.0,9.0,,8.4,8.3,,8.2,10.3,10.3,10.2,10.0,,,,62.0,63.0,2.8,2.8,2.1,1.5,0.1,2.1,1.4
06019,Silstrup,2025-11-08 03:00:00+00:00,2025-11-08,2025,11,8,3,0,56.93,8.6412,,,100.0,100.0,,,0.0,0.0,0.0,0.0,,1008.0,1013.3,0.0,0.0,,,8.5,8.6,9.1,9.1,9.0,8.9,,8.6,8.4,,8.4,10.3,10.3,10.3,10.3,,,,71.0,66.0,3.3,3.2,2.3,1.4,0.9,2.2,2.1
06019,Silstrup,2025-11-08 04:00:00+00:00,2025-11-08,2025,11,8,4,0,56.93,8.6412,,,99.0,100.0,,,0.0,0.0,0.0,0.0,,1008.0,1013.3,0.0,0.0,,,8.4,8.5,9.1,9.2,9.1,9.1,,8.6,8.6,,8.5,10.3,10.3,10.3,10.3,,,,86.0,79.0,3.2,2.7,2.3,1.1,1.1,1.9,2.1
06019,Silstrup,2025-11-08 05:00:00+00:00,2025-11-08,2025,11,8,5,0,56.93,8.6412,,,98.0,98.0,,,0.0,0.0,0.0,0.0,,1008.1,1013.4,0.0,0.0,,,8.1,8.5,8.9,9.1,9.0,8.9,,8.5,8.5,,8.4,10.2,10.3,10.2,10.0,,,,96.0,86.0,3.7,3.1,2.8,1.8,1.5,2.6,2.5
06019,Silstrup,2025-11-08 06:00:00+00:00,2025-11-08,2025,11,8,6,0,56.93,8.6412,,,98.0,97.0,,,0.0,0.0,0.0,0.0,,1008.2,1013.5,0.0,0.0,,,8.1,8.5,9.0,9.0,9.0,8.9,8.6,8.5,8.5,7.7,8.5,10.2,10.3,10.2,10.0,,,,97.0,96.0,3.3,2.6,2.7,1.3,1.3,2.0,2.2
06019,Silstrup,2025-11-08 07:00:00+00:00,2025-11-08,2025,11,8,7,0,56.93,8.6412,,,93.0,96.0,,,0.0,0.0,0.0,0.0,,1008.8,1014.1,0.0,0.0,,,7.6,8.6,9.0,9.1,9.0,8.9,,8.6,8.6,,8.5,10.3,10.3,10.3,10.2,,,,76.0,83.0,3.2,2.8,2.3,1.1,1.0,1.9,1.9
06019,Silstrup,2025-11-08 08:00:00+00:00,2025-11-08,2025,11,8,8,0,56.93,8.6412,,,87.0,92.0,,,0.0,0.0,0.0,0.0,,1009.1,1014.4,19.0,9.0,,,6.6,8.6,9.0,9.1,9.0,8.9,,8.7,8.7,,8.5,10.3,10.3,10.3,10.3,,,,72.0,71.0,3.8,3.7,2.7,0.7,0.7,2.1,2.2
06019,Silstrup,2025-11-08 09:00:00+00:00,2025-11-08,2025,11,8,9,0,56.93,8.6412,,,85.0,86.0,,,0.0,0.0,0.0,0.0,,1009.4,1014.7,46.0,34.0,10.0,34.0,6.6,9.0,10.0,10.0,9.4,8.9,,9.0,8.8,,8.7,10.3,10.3,10.3,10.3,,,,51.0,61.0,3.6,1.0,2.7,0.0,0.0,0.1,1.1
06019,Silstrup,2025-11-08 10:00:00+00:00,2025-11-08,2025,11,8,10,0,56.93,8.6412,,,88.0,86.0,,,0.0,0.0,0.0,0.0,,1009.6,1014.9,62.0,54.0,0.0,0.0,6.9,8.7,9.6,10.0,9.6,9.3,,9.1,8.9,,8.7,9.8,10.3,10.0,9.8,,,,58.0,57.0,3.3,2.1,2.3,0.6,0.0,1.3,1.5
06019,Silstrup,2025-11-08 11:00:00+00:00,2025-11-08,2025,11,8,11,0,56.93,8.6412,,,89.0,88.0,,,0.0,0.0,0.0,0.0,,1009.8,1015.1,53.0,60.0,0.0,0.0,6.7,8.4,9.3,9.6,9.4,9.2,,8.8,8.6,,8.4,10.3,10.3,10.1,9.8,,,,82.0,85.0,2.8,2.6,2.0,1.1,0.4,1.7,1.6
06019,Silstrup,2025-11-08 12:00:00+00:00,2025-11-08,2025,11,8,12,0,56.93,8.6412,,,90.0,89.0,,,0.0,0.0,0.0,0.0,,1009.4,1014.8,56.0,57.0,0.0,0.0,6.9,8.5,9.3,9.4,9.3,9.2,9.1,8.5,8.4,8.2,8.4,10.4,10.4,10.4,10.3,,,,73.0,75.0,3.1,2.9,2.2,0.9,0.6,1.9,1.8
06019,Silstrup,2025-11-08 13:00:00+00:00,2025-11-08,2025,11,8,13,0,56.93,8.6412,,,90.0,90.0,,,0.0,0.0,0.0,0.0,,1009.4,1014.8,45.0,49.0,0.0,0.0,6.7,8.2,9.0,9.3,9.1,8.9,,8.5,8.3,,8.2,10.2,10.5,10.4,10.2,,,,57.0,63.0,3.2,2.8,2.2,1.1,1.0,2.0,2.0
06019,Silstrup,2025-11-08 14:00:00+00:00,2025-11-08,2025,11,8,14,0,56.93,8.6412,,,91.0,91.0,,,0.0,0.0,0.0,0.0,,1009.4,1014.7,27.0,37.0,0.0,0.0,6.7,8.1,8.8,9.0,8.9,8.7,,8.2,8.2,,8.1,10.2,10.5,10.4,10.1,,,,60.0,64.0,3.3,2.8,2.5,0.9,0.9,2.0,2.2
06019,Silstrup,2025-11-08 15:00:00+00:00,2025-11-08,2025,11,8,15,0,56.93,8.6412,,,92.0,91.0,,,0.0,0.0,0.0,0.0,,1009.4,1014.8,4.0,14.0,0.0,0.0,6.9,8.1,8.9,9.0,8.9,8.8,,8.2,8.1,,8.0,10.5,10.5,10.4,10.1,,,,41.0,56.0,2.5,2.1,2.5,1.1,0.4,1.6,1.5
06019,Silstrup,2025-11-08 16:00:00+00:00,2025-11-08,2025,11,8,16,0,56.93,8.6412,,,91.0,91.0,,,0.0,0.0,0.0,0.0,,1009.3,1014.6,0.0,1.0,0.0,0.0,6.6,8.1,8.6,8.8,8.7,8.6,,8.1,8.1,,8.0,10.4,10.5,10.3,10.1,,,,61.0,58.0,2.7,2.0,2.0,0.3,0.3,1.2,1.6
06019,Silstrup,2025-11-08 17:00:00+00:00,2025-11-08,2025,11,8,17,0,56.93,8.6412,,,89.0,90.0,,,0.0,0.0,0.0,0.0,,1009.2,1014.5,0.0,0.0,,,6.5,8.2,8.9,9.1,8.8,8.7,,8.3,8.2,,8.1,10.5,10.5,10.5,10.4,,,,72.0,76.0,2.4,2.0,1.4,0.0,0.0,1.0,1.0
06019,Silstrup,2025-11-08 18:00:00+00:00,2025-11-08,2025,11,8,18,0,56.93,8.6412,,,89.0,91.0,,,0.0,0.0,0.0,0.0,,1009.3,1014.7,0.0,0.0,,,6.6,8.2,8.9,9.1,8.9,8.7,9.1,8.3,8.2,8.0,8.1,10.4,10.5,10.4,10.4,,,,91.0,80.0,2.5,1.9,1.4,0.2,0.0,0.8,0.5
06019,Silstrup,2025-11-08 19:00:00+00:00,2025-11-08,2025,11,8,19,0,56.93,8.6412,,,87.0,89.0,,,0.0,0.0,0.0,0.0,,1009.2,1014.6,0.0,0.0,,,6.3,8.4,8.9,9.2,8.9,8.7,,8.5,8.3,,8.2,10.4,10.4,10.4,10.4,,,,70.0,71.0,3.0,2.6,2.0,0.3,0.0,1.5,1.0
06019,Silstrup,2025-11-08 20:00:00+00:00,2025-11-08,2025,11,8,20,0,56.93,8.6412,,,82.0,86.0,,,0.0,0.0,0.0,0.0,,1009.3,1014.6,0.0,0.0,,,5.7,8.6,8.8,8.9,8.9,8.8,,8.6,8.5,,8.4,10.4,10.4,10.4,10.4,,,,86.0,73.0,3.6,3.6,2.3,1.1,0.0,2.3,1.4
06019,Silstrup,2025-11-08 21:00:00+00:00,2025-11-08,2025,11,8,21,0,56.93,8.6412,,,83.0,84.0,,,0.0,0.0,0.0,0.0,,1009.4,1014.7,0.0,0.0,,,5.7,8.5,8.8,9.0,8.9,8.8,,8.6,8.4,,8.2,10.3,10.4,10.3,10.3,,,,61.0,78.0,3.1,2.9,2.4,0.5,0.0,1.6,1.2
06019,Silstrup,2025-11-08 22:00:00+00:00,2025-11-08,2025,11,8,22,0,56.93,8.6412,,,83.0,83.0,,,0.0,0.0,0.0,0.0,,1009.5,1014.8,0.0,0.0,,,5.8,8.5,8.8,8.9,8.8,8.7,,8.5,8.4,,8.4,10.3,10.3,10.3,10.3,,,,92.0,101.0,3.1,3.1,2.1,1.4,0.5,2.1,1.8
06019,Silstrup,2025-11-08 23:00:00+00:00,2025-11-08,2025,11,8,23,0,56.93,8.6412,,,87.0,86.0,,,0.0,0.0,0.0,0.0,,1009.3,1014.7,0.0,0.0,,,6.1,8.1,9.0,9.1,9.0,8.8,,8.5,8.3,,8.1,10.2,10.3,10.2,10.0,,,,20.0,85.0,1.9,1.0,2.1,0.0,0.0,0.3,0.4
06019,Silstrup,2025-11-09 00:00:00+00:00,2025-11-09,2025,11,9,0,0,56.93,8.6412,,,86.0,85.0,,,0.0,0.0,0.0,0.0,,1009.2,1014.5,0.0,0.0,,,5.9,8.1,9.0,9.1,9.0,8.9,8.6,8.3,8.2,8.0,8.1,10.2,10.3,10.3,10.2,,,,0.0,21.0,1.2,0.3,0.6,0.0,0.0,0.0,0.3
06019,Silstrup,2025-11-09 01:00:00+00:00,2025-11-09,2025,11,9,1,0,56.93,8.6412,,,93.0,86.0,,,0.0,0.0,0.0,0.0,,1008.8,1014.2,0.0,0.0,,,7.1,8.2,8.7,9.3,8.9,8.7,,8.4,8.3,,8.1,10.2,10.3,10.2,10.0,,,,120.0,112.0,2.7,2.7,2.1,1.4,0.0,2.1,0.9
06019,Silstrup,2025-11-09 02:00:00+00:00,2025-11-09,2025,11,9,2,0,56.93,8.6412,,,95.0,94.0,,,0.0,0.0,0.0,0.0,,1008.5,1013.9,0.0,0.0,,,7.3,8.1,8.7,8.7,8.6,8.6,,8.2,8.1,,8.1,10.2,10.2,10.2,9.9,,,,102.0,115.0,3.1,2.0,2.4,0.3,0.3,1.2,2.0
06019,Silstrup,2025-11-09 03:00:00+00:00,2025-11-09,2025,11,9,3,0,56.93,8.6412,,,94.0,94.0,,,0.0,0.0,0.0,0.0,,1008.5,1013.8,0.0,0.0,,,7.0,8.0,8.5,8.7,8.6,8.5,,8.1,8.0,,7.9,10.1,10.2,10.1,9.9,,,,85.0,92.0,2.1,2.1,1.1,0.2,0.0,1.1,1.0
06019,Silstrup,2025-11-09 04:00:00+00:00,2025-11-09,2025,11,9,4,0,56.93,8.6412,,,94.0,94.0,,,0.0,0.0,0.0,0.0,,1008.4,1013.7,0.0,0.0,,,7.2,8.0,8.8,8.8,8.7,8.5,,8.1,8.0,,8.0,9.9,10.2,10.1,9.9,,,,0.0,88.0,2.2,0.5,1.4,0.0,0.0,0.0,0.6
06019,Silstrup,2025-11-09 05:00:00+00:00,2025-11-09,2025,11,9,5,0,56.93,8.6412,,,95.0,94.0,,,0.0,0.0,0.0,0.0,,1008.6,1013.9,0.0,0.0,,,7.2,8.0,9.1,9.1,8.8,8.7,,8.0,8.0,,7.9,9.9,10.1,10.1,9.9,,,,0.0,118.0,1.2,0.0,0.8,0.0,0.0,0.0,0.2
06019,Silstrup,2025-11-09 06:00:00+00:00,2025-11-09,2025,11,9,6,0,56.93,8.6412,,,97.0,96.0,,,0.0,0.0,0.0,0.0,,1008.6,1013.9,0.0,0.0,,,7.1,7.6,8.8,9.2,9.0,8.8,8.6,8.0,7.8,7.6,7.6,10.1,10.1,10.0,9.9,,,,0.0,0.0,0.0,0.0,0.0,0.0,0.0,0.0,0.0
06019,Silstrup,2025-11-09 07:00:00+00:00,2025-11-09,2025,11,9,7,0,56.93,8.6412,,,98.0,97.0,,,0.0,0.0,0.0,0.0,,1008.8,1014.2,2.0,0.0,,,7.3,7.6,8.9,8.9,8.7,8.5,,7.6,7.6,,7.5,9.9,10.1,10.0,9.8,,,,0.0,0.0,0.5,0.0,0.1,0.0,0.0,0.0,0.0
06019,Silstrup,2025-11-09 08:00:00+00:00,2025-11-09,2025,11,9,8,0,56.93,8.6412,,,98.0,98.0,,,0.0,0.0,0.0,0.0,,1009.2,1014.6,16.0,9.0,,,7.3,7.6,9.1,9.1,8.8,8.6,,7.6,7.6,,7.6,10.1,10.1,10.0,9.9,,,,0.0,270.0,1.4,0.0,0.7,0.0,0.0,0.0,0.2
06019,Silstrup,2025-11-09 09:00:00+00:00,2025-11-09,2025,11,9,9,0,56.93,8.6412,,,97.0,98.0,,,0.0,0.0,0.0,0.0,,1009.2,1014.5,51.0,33.0,10.0,30.0,7.4,7.9,9.5,9.8,9.4,9.1,,8.0,7.8,,7.6,10.1,10.1,10.1,9.9,,,,0.0,0.0,0.0,0.0,0.0,0.0,0.0,0.0,0.0
06019,Silstrup,2025-11-09 10:00:00+00:00,2025-11-09,2025,11,9,10,0,56.93,8.6412,,,91.0,93.0,,,0.0,0.0,0.0,0.0,,1009.4,1014.8,70.0,61.0,0.0,0.0,7.0,8.4,9.6,9.8,9.6,9.4,,8.4,8.1,,7.8,10.2,10.2,10.1,10.1,,,,0.0,0.0,0.2,0.2,0.0,0.0,0.0,0.0,0.0
06019,Silstrup,2025-11-09 11:00:00+00:00,2025-11-09,2025,11,9,11,0,56.93,8.6412,,,87.0,89.0,,,0.0,0.0,0.0,0.0,,1009.1,1014.4,90.0,77.0,0.0,0.0,6.7,8.8,10.3,10.3,9.9,9.6,,8.8,8.6,,8.4,10.3,10.3,10.2,10.2,,,,0.0,0.0,0.0,0.0,0.0,0.0,0.0,0.0,0.0
06019,Silstrup,2025-11-09 12:00:00+00:00,2025-11-09,2025,11,9,12,0,56.93,8.6412,,,93.0,89.0,,,0.0,0.0,0.0,0.0,,1009.0,1014.3,65.0,68.0,0.0,0.0,7.5,8.6,9.6,10.2,9.9,9.5,8.9,8.9,8.7,7.5,8.5,10.4,10.4,10.2,9.9,,,,95.0,91.0,2.2,2.0,1.5,0.6,0.0,1.3,0.6
06019,Silstrup,2025-11-09 13:00:00+00:00,2025-11-09,2025,11,9,13,0,56.93,8.6412,,,87.0,90.0,,,0.0,0.0,0.0,0.0,,1008.9,1014.2,242.0,154.0,10.0,25.0,7.3,9.4,10.8,10.8,9.9,9.5,,9.5,8.9,,8.5,10.5,10.5,10.4,10.4,,,,105.0,95.0,5.1,3.7,3.8,1.2,1.1,2.4,2.7
06019,Silstrup,2025-11-09 14:00:00+00:00,2025-11-09,2025,11,9,14,0,56.93,8.6412,,,88.0,88.0,,,0.0,0.0,0.0,0.0,,1008.8,1014.1,106.0,140.0,1.0,29.0,7.0,8.9,10.2,10.9,10.3,9.7,,9.5,9.0,,8.7,10.6,10.6,10.5,10.4,,,,129.0,124.0,3.4,2.0,2.5,0.0,0.0,0.9,1.9
06019,Silstrup,2025-11-09 15:00:00+00:00,2025-11-09,2025,11,9,15,0,56.93,8.6412,,,92.0,90.0,,,0.0,0.0,0.0,0.0,,1008.6,1013.9,9.0,33.0,0.0,0.0,6.9,8.1,8.7,10.4,9.4,8.7,,9.0,8.4,,8.1,10.6,10.6,10.6,10.5,,,,139.0,142.0,2.1,2.1,1.5,0.8,0.0,1.5,0.6
06019,Silstrup,2025-11-09 16:00:00+00:00,2025-11-09,2025,11,9,16,0,56.93,8.6412,,,94.0,92.0,,,0.0,0.0,0.0,0.0,,1008.7,1014.1,0.0,2.0,0.0,0.0,6.6,7.6,8.1,8.8,8.6,8.1,,8.1,7.9,,7.6,10.1,10.6,10.2,10.1,,,,185.0,148.0,2.4,1.4,1.8,0.5,0.0,0.9,1.3
06019,Silstrup,2025-11-09 17:00:00+00:00,2025-11-09,2025,11,9,17,0,56.93,8.6412,,,95.0,95.0,,,0.0,0.0,0.0,0.0,,1009.0,1014.3,0.0,0.0,,,6.9,7.6,8.4,8.7,8.4,8.0,,7.6,7.5,,7.3,10.3,10.4,10.2,10.0,,,,201.0,201.0,1.6,1.6,1.3,1.0,0.0,1.3,0.3
06019,Silstrup,2025-11-09 18:00:00+00:00,2025-11-09,2025,11,9,18,0,56.93,8.6412,,,94.0,95.0,,,0.0,0.0,0.0,0.0,,1009.2,1014.5,0.0,0.0,,,7.0,7.8,8.4,8.4,8.4,8.3,9.5,7.8,7.6,7.3,7.5,10.3,10.4,10.2,10.0,,,,189.0,199.0,2.4,2.4,1.8,1.3,0.0,1.8,0.8
06019,Silstrup,2025-11-09 19:00:00+00:00,2025-11-09,2025,11,9,19,0,56.93,8.6412,,,90.0,91.0,,,0.0,0.0,0.0,0.0,,1009.1,1014.4,0.0,0.0,,,6.5,8.0,8.4,8.4,8.3,8.3,,8.1,8.0,,7.8,10.2,10.3,10.1,10.0,,,,190.0,166.0,3.7,3.2,2.7,1.1,1.1,2.0,2.3
06019,Silstrup,2025-11-09 20:00:00+00:00,2025-11-09,2025,11,9,20,0,56.93,8.6412,,,91.0,92.0,,,0.0,0.0,0.0,0.0,,1009.1,1014.4,0.0,0.0,,,6.5,7.9,8.3,8.4,8.3,8.2,,8.0,7.9,,7.8,10.2,10.3,10.2,10.0,,,,196.0,193.0,3.1,3.1,2.3,1.4,0.8,2.3,1.9
06019,Silstrup,2025-11-09 21:00:00+00:00,2025-11-09,2025,11,9,21,0,56.93,8.6412,,,91.0,91.0,,,0.0,0.0,0.0,0.0,,1009.1,1014.4,0.0,0.0,,,6.4,7.9,8.3,8.4,8.3,8.3,,8.0,7.9,,7.8,10.0,10.2,10.1,9.9,,,,199.0,197.0,4.0,3.2,2.5,1.3,1.1,2.3,2.3
06019,Silstrup,2025-11-09 22:00:00+00:00,2025-11-09,2025,11,9,22,0,56.93,8.6412,,,87.0,89.0,,,0.0,0.0,0.0,0.0,,1008.9,1014.2,0.0,0.0,,,6.1,8.1,8.4,8.4,8.4,8.3,,8.1,8.0,,7.9,10.2,10.2,10.1,10.0,,,,191.0,193.0,4.6,4.1,3.1,1.6,1.4,2.8,2.7
06019,Silstrup,2025-11-09 23:00:00+00:00,2025-11-09,2025,11,9,23,0,56.93,8.6412,,,89.0,88.0,,,0.0,0.0,0.0,0.0,,1008.9,1014.2,0.0,0.0,,,6.4,8.1,8.6,8.6,8.5,8.4,,8.2,8.1,,8.1,10.0,10.2,10.0,9.8,,,,195.0,200.0,3.9,3.0,3.1,1.4,0.6,2.3,2.3
06019,Silstrup,2025-11-10 00:00:00+00:00,2025-11-10,2025,11,10,0,0,56.93,8.6412,,,92.0,90.0,,,0.0,0.0,0.0,0.0,,1008.8,1014.1,0.0,0.0,,,7.0,8.3,8.7,8.7,8.6,8.4,9.5,8.3,8.2,7.3,8.1,10.1,10.1,10.1,9.9,,,,194.0,196.0,3.7,3.4,2.8,1.4,1.2,2.2,2.4
06019,Silstrup,2025-11-10 01:00:00+00:00,2025-11-10,2025,11,10,1,0,56.93,8.6412,,,89.0,91.0,,,0.0,0.0,0.0,0.0,,1008.2,1013.5,0.0,0.0,,,6.5,8.2,8.2,8.7,8.6,8.2,,8.3,8.3,,8.2,10.1,10.1,9.9,9.7,,,,172.0,183.0,5.7,5.0,3.8,2.4,1.5,3.5,3.2
06019,Silstrup,2025-11-10 02:00:00+00:00,2025-11-10,2025,11,10,2,0,56.93,8.6412,,,93.0,91.0,,,0.0,0.0,0.0,0.0,,1008.3,1013.6,0.0,0.0,,,6.0,7.1,7.1,8.2,7.5,7.0,,8.2,7.7,,7.1,9.8,10.1,10.0,9.8,,,,193.0,183.0,4.9,4.0,3.8,2.5,2.1,3.1,3.3
06019,Silstrup,2025-11-10 03:00:00+00:00,2025-11-10,2025,11,10,3,0,56.93,8.6412,,,91.0,93.0,,,0.0,0.0,0.0,0.0,,1008.0,1013.3,0.0,0.0,,,6.0,7.4,7.4,7.4,7.1,6.4,,7.4,7.0,,6.4,9.6,10.0,9.9,9.6,,,,187.0,190.0,4.5,4.2,3.2,2.2,2.0,3.1,3.0
06019,Silstrup,2025-11-10 04:00:00+00:00,2025-11-10,2025,11,10,4,0,56.93,8.6412,,,86.0,89.0,,,0.0,0.0,0.0,0.0,,1008.1,1013.4,0.0,0.0,,,5.8,8.0,8.1,8.1,7.9,7.4,,8.0,7.8,,7.4,9.8,9.9,9.7,9.6,,,,185.0,185.0,5.4,4.8,4.1,2.4,1.4,3.4,3.0
06019,Silstrup,2025-11-10 05:00:00+00:00,2025-11-10,2025,11,10,5,0,56.93,8.6412,,,86.0,86.0,,,0.0,0.0,0.0,0.0,,1007.8,1013.1,0.0,0.0,,,6.0,8.2,8.3,8.4,8.2,7.9,,8.2,8.1,,8.0,9.8,9.9,9.8,9.6,,,,175.0,173.0,4.7,4.7,3.3,1.9,1.8,3.0,2.9
06019,Silstrup,2025-11-10 06:00:00+00:00,2025-11-10,2025,11,10,6,0,56.93,8.6412,,,86.0,87.0,,,0.0,0.0,0.0,0.0,,1007.8,1013.1,0.0,0.0,,,6.1,8.2,8.4,8.4,8.3,8.2,8.3,8.2,8.1,6.4,8.0,9.8,9.8,9.7,9.6,,,,173.0,175.0,5.4,3.4,3.3,1.2,1.1,2.3,2.5
06019,Silstrup,2025-11-10 07:00:00+00:00,2025-11-10,2025,11,10,7,0,56.93,8.6412,,,87.0,87.0,,,0.0,0.0,0.0,0.0,,1007.7,1013.0,3.0,0.0,,,6.1,8.1,8.4,8.6,8.5,8.4,,8.3,8.1,,8.1,9.7,9.8,9.8,9.6,,,,154.0,155.0,3.7,3.6,2.7,1.8,1.0,2.7,2.4
06019,Silstrup,2025-11-10 08:00:00+00:00,2025-11-10,2025,11,10,8,0,56.93,8.6412,,,89.0,88.0,,,0.0,0.0,0.0,0.0,,1007.7,1013.1,39.0,21.0,,,6.0,7.7,7.9,8.4,8.2,7.9,,8.1,7.9,,7.7,9.7,9.8,9.6,9.5,,,,167.0,164.0,4.4,3.4,3.1,1.8,1.6,2.7,2.8
06019,Silstrup,2025-11-10 09:00:00+00:00,2025-11-10,2025,11,10,9,0,56.93,8.6412,,,86.0,88.0,,,0.0,0.0,0.0,0.0,,1007.7,1013.0,132.0,113.0,10.0,27.0,6.6,8.8,9.4,9.5,8.7,7.9,,8.9,8.2,,7.6,9.4,9.7,9.6,9.4,,,,170.0,175.0,4.4,4.4,2.9,1.9,0.6,2.9,2.0
06019,Silstrup,2025-11-10 10:00:00+00:00,2025-11-10,2025,11,10,10,0,56.93,8.6412,,,83.0,84.0,,,0.0,0.0,0.0,0.0,,1007.5,1012.8,235.0,206.0,10.0,60.0,7.1,9.9,11.1,11.1,10.1,9.3,,9.9,9.3,,8.6,9.7,9.7,9.5,9.3,,,,168.0,173.0,4.7,4.7,3.3,2.1,1.5,3.3,3.1
06019,Silstrup,2025-11-10 11:00:00+00:00,2025-11-10,2025,11,10,11,0,56.93,8.6412,,,83.0,83.0,,,0.0,0.0,0.0,0.0,,1007.0,1012.3,249.0,240.0,10.0,60.0,7.6,10.3,11.6,11.7,11.4,11.0,,10.4,10.1,,9.9,9.8,9.8,9.6,9.5,,,,160.0,164.0,5.2,5.0,4.2,2.4,1.8,4.0,3.4
06019,Silstrup,2025-11-10 12:00:00+00:00,2025-11-10,2025,11,10,12,0,56.93,8.6412,,,82.0,82.0,,,0.0,0.0,0.0,0.0,,1006.7,1011.9,239.0,248.0,10.0,60.0,8.1,11.1,11.9,12.1,11.9,11.6,11.1,11.1,10.8,6.4,10.3,9.8,9.9,9.7,9.6,,,,157.0,157.0,5.4,5.3,4.2,2.8,2.2,4.1,3.8
06019,Silstrup,2025-11-10 13:00:00+00:00,2025-11-10,2025,11,10,13,0,56.93,8.6412,,,82.0,82.0,,,0.0,0.0,0.0,0.0,,1006.3,1011.6,155.0,208.0,6.0,56.0,8.0,10.9,11.4,12.0,11.6,11.4,,11.2,11.0,,10.8,10.3,10.3,10.1,9.8,,,,174.0,164.0,5.9,4.8,4.3,2.3,2.3,3.4,3.9
06019,Silstrup,2025-11-10 14:00:00+00:00,2025-11-10,2025,11,10,14,0,56.93,8.6412,,,89.0,85.0,,,0.0,0.0,0.0,0.0,,1006.0,1011.3,108.0,140.0,0.0,24.0,8.4,10.1,10.7,11.4,11.2,10.7,,10.9,10.7,,10.1,10.5,10.5,10.4,10.3,,,,171.0,170.0,5.5,5.3,4.0,2.9,2.2,4.0,3.6
06019,Silstrup,2025-11-10 15:00:00+00:00,2025-11-10,2025,11,10,15,0,56.93,8.6412,,,97.0,94.0,,,0.0,0.0,0.0,0.0,,1006.0,1011.3,5.0,38.0,0.0,0.0,7.9,8.3,8.7,10.6,9.1,8.6,,10.1,8.8,,8.3,10.5,10.5,10.5,10.5,,,,177.0,176.0,6.0,6.0,4.2,2.6,2.3,4.0,4.0
06019,Silstrup,2025-11-10 16:00:00+00:00,2025-11-10,2025,11,10,16,0,56.93,8.6412,,,96.0,98.0,,,0.0,0.0,0.0,0.0,,1005.9,1011.2,0.0,1.0,0.0,0.0,7.6,8.1,8.4,8.7,8.2,8.0,,8.2,7.9,,7.7,10.0,10.5,10.3,10.0,,,,166.0,170.0,8.3,8.3,5.0,3.2,2.2,5.0,4.5
06019,Silstrup,2025-11-10 17:00:00+00:00,2025-11-10,2025,11,10,17,0,56.93,8.6412,,,92.0,93.0,,,0.0,0.0,0.0,0.0,,1006.0,1011.3,0.0,0.0,,,7.3,8.6,8.8,8.9,8.6,8.4,,8.7,8.4,,8.1,10.1,10.3,10.2,10.0,,,,168.0,170.0,8.0,5.8,6.2,2.9,2.9,4.2,4.8
06019,Silstrup,2025-11-10 18:00:00+00:00,2025-11-10,2025,11,10,18,0,56.93,8.6412,,,90.0,91.0,,,0.0,0.0,0.0,0.0,,1005.9,1011.2,0.0,0.0,,,7.2,8.7,8.8,9.0,8.9,8.8,11.2,8.7,8.6,7.6,8.5,9.9,10.2,10.1,9.9,,,,142.0,153.0,6.8,5.7,6.2,2.8,2.4,4.1,4.0
06019,Silstrup,2025-11-10 19:00:00+00:00,2025-11-10,2025,11,10,19,0,56.93,8.6412,,,89.0,90.0,,,0.0,0.0,0.0,0.0,,1005.5,1010.8,0.0,0.0,,,6.6,8.3,8.3,8.8,8.4,8.1,,8.7,8.3,,8.2,9.8,10.2,10.0,9.8,,,,149.0,143.0,6.0,5.3,4.3,2.5,2.2,3.9,4.0
06019,Silstrup,2025-11-10 20:00:00+00:00,2025-11-10,2025,11,10,20,0,56.93,8.6412,,,91.0,89.0,,,0.0,0.0,0.0,0.0,,1005.2,1010.5,0.0,0.0,,,6.9,8.3,8.5,8.6,8.5,8.3,,8.4,8.3,,8.2,9.9,10.0,9.9,9.8,,,,129.0,145.0,7.2,4.9,5.0,2.4,2.2,3.8,4.3
06019,Silstrup,2025-11-10 21:00:00+00:00,2025-11-10,2025,11,10,21,0,56.93,8.6412,,,91.0,92.0,,,0.0,0.0,0.0,0.0,,1005.0,1010.3,0.0,0.0,,,6.7,8.1,8.3,8.6,8.4,8.3,,8.3,8.1,,8.0,9.9,10.0,9.9,9.7,,,,136.0,129.0,6.6,6.6,4.3,2.7,2.4,4.1,3.9
06019,Silstrup,2025-11-10 22:00:00+00:00,2025-11-10,2025,11,10,22,0,56.93,8.6412,,,91.0,90.0,,,0.0,0.0,0.0,0.0,,1004.7,1010.0,0.0,0.0,,,6.6,7.9,8.1,8.4,8.3,8.1,,8.2,8.1,,7.9,9.8,9.9,9.8,9.6,,,,148.0,145.0,7.1,6.7,5.0,2.6,2.4,4.4,4.4
06019,Silstrup,2025-11-10 23:00:00+00:00,2025-11-10,2025,11,10,23,0,56.93,8.6412,,,92.0,91.0,,,0.0,0.0,0.0,0.0,,1004.4,1009.7,0.0,0.0,,,6.2,7.4,7.6,8.1,7.9,7.5,,7.9,7.7,,7.4,9.8,9.9,9.8,9.6,,,,144.0,149.0,8.0,5.7,4.9,2.4,2.4,3.9,4.4
06019,Silstrup,2025-11-11 00:00:00+00:00,2025-11-11,2025,11,11,0,0,56.93,8.6412,,,93.0,93.0,,,0.0,0.0,0.0,0.0,,1003.9,1009.2,0.0,0.0,,,6.5,7.6,7.9,7.9,7.7,7.5,11.2,7.6,7.5,7.4,7.4,9.7,9.9,9.7,9.5,,,,135.0,135.0,6.9,6.7,4.6,2.4,2.1,4.0,4.1
06019,Silstrup,2025-11-11 01:00:00+00:00,2025-11-11,2025,11,11,1,0,56.93,8.6412,,,92.0,92.0,,,0.0,0.0,0.0,0.0,,1003.3,1008.6,0.0,0.0,,,6.6,7.8,8.0,8.1,8.0,7.9,,7.8,7.7,,7.6,9.6,9.7,9.6,9.5,,,,137.0,140.0,7.6,6.5,4.6,2.3,1.8,3.9,4.2
06019,Silstrup,2025-11-11 02:00:00+00:00,2025-11-11,2025,11,11,2,0,56.93,8.6412,,,93.0,93.0,,,0.0,0.0,0.0,0.0,,1002.8,1008.1,0.0,0.0,,,6.5,7.6,7.9,8.0,7.9,7.8,,7.8,7.7,,7.6,9.4,9.7,9.6,9.4,,,,132.0,131.0,7.4,7.4,5.1,3.1,2.1,5.1,4.6
06019,Silstrup,2025-11-11 03:00:00+00:00,2025-11-11,2025,11,11,3,0,56.93,8.6412,,,91.0,92.0,,,0.0,0.0,0.0,0.0,,1002.4,1007.7,0.0,0.0,,,6.3,7.7,8.0,8.0,7.9,7.8,,7.7,7.6,,7.6,9.3,9.6,9.5,9.3,,,,138.0,138.0,7.3,5.9,5.1,2.4,2.0,4.1,4.4
06019,Silstrup,2025-11-11 04:00:00+00:00,2025-11-11,2025,11,11,4,0,56.93,8.6412,,,89.0,89.0,,,0.0,0.0,0.0,0.0,,1002.1,1007.4,0.0,0.0,,,6.2,7.8,8.1,8.1,8.0,7.8,,7.8,7.8,,7.7,9.3,9.6,9.4,9.2,,,,138.0,141.0,8.3,7.1,5.6,3.3,2.3,5.1,4.9
06019,Silstrup,2025-11-11 05:00:00+00:00,2025-11-11,2025,11,11,5,0,56.93,8.6412,,,89.0,90.0,,,0.0,0.0,0.0,0.0,,1001.9,1007.2,0.0,0.0,,,6.1,7.8,8.0,8.1,8.1,8.0,,7.8,7.8,,7.8,9.5,9.5,9.4,9.3,,,,140.0,139.0,7.7,6.4,5.3,2.6,2.4,4.5,4.7
06019,Silstrup,2025-11-11 06:00:00+00:00,2025-11-11,2025,11,11,6,0,56.93,8.6412,,,91.0,90.0,,,0.0,0.0,0.0,0.0,,1001.9,1007.2,0.0,0.0,,,6.3,7.7,7.9,8.1,8.0,7.8,8.7,7.8,7.8,7.4,7.7,9.5,9.6,9.4,9.3,,,,154.0,150.0,8.1,7.3,5.3,3.4,2.5,5.0,4.6
06019,Silstrup,2025-11-11 07:00:00+00:00,2025-11-11,2025,11,11,7,0,56.93,8.6412,,,91.0,91.0,,,0.0,0.0,0.0,0.0,,1001.9,1007.2,1.0,0.0,,,6.3,7.6,7.8,7.9,7.8,7.7,,7.7,7.6,,7.5,9.4,9.5,9.4,9.2,,,,147.0,153.0,8.1,7.5,5.7,2.8,2.8,4.5,5.3
06019,Silstrup,2025-11-11 08:00:00+00:00,2025-11-11,2025,11,11,8,0,56.93,8.6412,,,92.0,91.0,,,0.0,0.0,0.0,0.0,,1002.0,1007.3,24.0,5.0,,,6.5,7.7,8.0,8.0,7.9,7.8,,7.7,7.6,,7.6,9.4,9.4,9.4,9.2,,,,141.0,146.0,6.7,6.1,4.8,2.8,2.5,4.4,4.5
06019,Silstrup,2025-11-11 09:00:00+00:00,2025-11-11,2025,11,11,9,0,56.93,8.6412,,,91.0,92.0,,,0.0,0.0,0.0,0.0,,1002.0,1007.3,71.0,45.0,10.0,23.0,6.7,8.0,8.3,8.4,8.2,8.0,,8.0,7.8,,7.7,9.5,9.5,9.3,9.2,,,,133.0,137.0,6.9,5.8,4.8,2.6,2.3,4.2,4.3
06019,Silstrup,2025-11-11 10:00:00+00:00,2025-11-11,2025,11,11,10,0,56.93,8.6412,,,91.0,91.0,,,0.0,0.0,0.0,0.0,,1002.0,1007.3,49.0,71.0,0.0,33.0,7.0,8.4,8.9,8.9,8.7,8.3,,8.4,8.2,,8.0,9.3,9.6,9.4,9.2,,,,143.0,136.0,7.0,7.0,5.0,2.8,2.4,4.4,4.6
06019,Silstrup,2025-11-11 11:00:00+00:00,2025-11-11,2025,11,11,11,0,56.93,8.6412,,,91.0,91.0,,,0.0,0.0,0.0,0.0,,1001.9,1007.2,36.0,55.0,0.0,0.0,7.2,8.5,8.8,8.9,8.8,8.7,,8.6,8.5,,8.4,9.3,9.7,9.5,9.3,,,,158.0,150.0,8.0,8.0,5.9,4.0,2.5,5.9,5.0
06019,Silstrup,2025-11-11 12:00:00+00:00,2025-11-11,2025,11,11,12,0,56.93,8.6412,,,95.0,93.0,,,0.0,0.0,0.0,0.0,,1001.9,1007.2,39.0,37.0,0.0,0.0,7.6,8.4,8.7,8.9,8.8,8.6,8.6,8.5,8.4,7.5,8.3,9.3,9.6,9.4,9.3,,,,170.0,165.0,8.6,6.5,5.9,2.9,2.9,4.9,5.3
06019,Silstrup,2025-11-11 13:00:00+00:00,2025-11-11,2025,11,11,13,0,56.93,8.6412,,,96.0,96.0,,,0.0,17.0,0.0,0.6,,1001.8,1007.1,72.0,61.0,0.0,0.0,8.2,8.7,9.3,9.4,8.9,8.7,,8.8,8.5,,8.3,9.3,9.6,9.4,9.3,,,,168.0,168.0,6.7,5.8,5.0,2.8,2.2,4.1,4.3
06019,Silstrup,2025-11-11 14:00:00+00:00,2025-11-11,2025,11,11,14,0,56.93,8.6412,,,95.0,96.0,,,0.0,0.0,0.0,0.0,,1002.0,1007.3,34.0,82.0,0.0,6.0,8.6,9.3,9.6,10.0,9.6,9.2,,9.5,9.1,,8.7,9.8,9.8,9.4,9.3,,,,187.0,175.0,6.0,5.4,4.3,2.8,2.5,4.1,4.0
06019,Silstrup,2025-11-11 15:00:00+00:00,2025-11-11,2025,11,11,15,0,56.93,8.6412,,,97.0,96.0,,,0.0,0.0,0.0,0.0,,1002.6,1007.9,14.0,27.0,0.0,0.0,8.7,9.2,9.6,9.9,9.4,8.9,,9.5,9.2,,8.8,9.5,9.9,9.7,9.5,,,,196.0,186.0,6.5,4.0,4.4,2.0,2.0,2.9,3.8
06019,Silstrup,2025-11-11 16:00:00+00:00,2025-11-11,2025,11,11,16,0,56.93,8.6412,,,98.0,97.0,,,0.0,0.0,0.0,0.0,,1003.0,1008.3,0.0,3.0,0.0,0.0,8.3,8.6,8.1,9.6,8.9,8.0,,9.2,8.8,,8.3,9.5,9.6,9.5,9.4,,,,170.0,185.0,3.9,2.6,2.9,1.2,0.2,1.9,2.0
06019,Silstrup,2025-11-11 17:00:00+00:00,2025-11-11,2025,11,11,17,0,56.93,8.6412,,,99.0,99.0,,,0.0,0.0,0.0,0.0,,1003.1,1008.3,0.0,0.0,,,8.6,8.7,8.2,8.9,8.5,7.8,,8.8,8.7,,8.5,9.5,9.8,9.6,9.4,,,,179.0,183.0,3.2,3.1,2.5,1.6,0.9,2.2,2.1
06019,Silstrup,2025-11-11 18:00:00+00:00,2025-11-11,2025,11,11,18,0,56.93,8.6412,,,99.0,99.0,,,0.0,0.0,0.0,0.0,,1003.5,1008.8,0.0,0.0,,,8.9,9.0,9.0,9.2,8.6,7.9,9.5,9.0,8.7,7.5,8.3,9.6,9.7,9.6,9.4,,,,193.0,194.0,4.6,4.3,3.3,2.4,1.8,3.2,2.9
06019,Silstrup,2025-11-11 19:00:00+00:00,2025-11-11,2025,11,11,19,0,56.93,8.6412,,,99.0,99.0,,,0.0,0.0,0.0,0.0,,1003.4,1008.7,0.0,0.0,,,7.8,7.9,7.4,9.0,8.0,7.4,,9.0,8.2,,7.7,9.6,9.7,9.6,9.4,,,,186.0,195.0,4.1,3.6,3.3,2.2,2.1,2.9,3.0
06019,Silstrup,2025-11-11 20:00:00+00:00,2025-11-11,2025,11,11,20,0,56.93,8.6412,,,98.0,99.0,,,0.0,0.0,0.0,0.0,,1003.4,1008.7,0.0,0.0,,,7.7,8.0,7.8,7.9,7.6,7.3,,8.2,8.0,,7.8,9.4,9.5,9.4,9.3,,,,178.0,181.0,5.0,4.4,3.7,2.6,2.1,3.4,3.3
06019,Silstrup,2025-11-11 21:00:00+00:00,2025-11-11,2025,11,11,21,0,56.93,8.6412,,,96.0,97.0,,,0.0,0.0,0.0,0.0,,1003.5,1008.8,0.0,0.0,,,8.1,8.7,8.8,8.8,8.3,7.7,,8.7,8.4,,8.0,9.2,9.5,9.3,9.2,,,,183.0,178.0,6.2,6.2,4.6,3.3,2.6,4.5,4.1
06019,Silstrup,2025-11-11 22:00:00+00:00,2025-11-11,2025,11,11,22,0,56.93,8.6412,,,95.0,95.0,,,0.0,0.0,0.0,0.0,,1003.4,1008.7,0.0,0.0,,,8.7,9.4,9.4,9.4,9.2,8.8,,9.4,9.1,,8.7,9.2,9.3,9.2,9.1,,,,179.0,181.0,7.8,7.7,5.3,3.5,2.9,5.0,4.7
06019,Silstrup,2025-11-11 23:00:00+00:00,2025-11-11,2025,11,11,23,0,56.93,8.6412,,,97.0,97.0,,,0.0,0.0,0.0,0.0,,1002.8,1008.0,0.0,0.0,,,9.3,9.7,9.7,9.8,9.6,9.3,,9.7,9.5,,9.4,9.3,9.4,9.3,9.2,,,,179.0,180.0,9.7,7.9,6.2,4.4,3.6,6.0,5.7
06019,Silstrup,2025-11-12 00:00:00+00:00,2025-11-12,2025,11,12,0,0,56.93,8.6412,,,97.0,97.0,,,0.0,0.0,0.0,0.0,,1002.5,1007.8,0.0,0.0,,,9.5,10.0,10.0,10.0,9.8,9.7,10.0,10.0,9.8,7.7,9.7,9.4,9.5,9.4,9.2,,,,183.0,177.0,9.4,8.6,6.5,4.0,3.4,6.4,6.1
06019,Silstrup,2025-11-12 01:00:00+00:00,2025-11-12,2025,11,12,1,0,56.93,8.6412,,,95.0,96.0,,,0.0,0.0,0.0,0.0,,1002.0,1007.2,0.0,0.0,,,9.7,10.4,10.4,10.4,10.2,10.1,,10.4,10.3,,10.0,9.3,9.6,9.4,9.3,,,,183.0,180.0,11.1,11.1,7.3,4.7,4.3,7.1,6.7
06019,Silstrup,2025-11-12 02:00:00+00:00,2025-11-12,2025,11,12,2,0,56.93,8.6412,,,93.0,93.0,,,0.0,0.0,0.0,0.0,,1001.4,1006.6,0.0,0.0,,,9.3,10.3,10.3,10.5,10.4,10.3,,10.5,10.4,,10.3,9.3,9.4,9.3,9.3,,,,177.0,183.0,10.6,8.8,7.7,4.7,3.4,6.7,6.9
06019,Silstrup,2025-11-12 03:00:00+00:00,2025-11-12,2025,11,12,3,0,56.93,8.6412,,,94.0,93.0,,,0.0,0.0,0.0,0.0,,1000.7,1005.9,0.0,0.0,,,9.0,10.0,10.1,10.3,10.1,10.1,,10.3,10.1,,10.0,9.4,9.7,9.5,9.3,,,,175.0,175.0,9.9,9.9,7.1,4.8,4.0,6.9,6.8
06019,Silstrup,2025-11-12 04:00:00+00:00,2025-11-12,2025,11,12,4,0,56.93,8.6412,,,93.0,93.0,,,0.0,0.0,0.0,0.0,,999.6,1004.9,0.0,0.0,,,8.8,9.9,10.0,10.1,10.0,9.8,,10.0,9.9,,9.9,9.5,9.7,9.5,9.4,,,,170.0,172.0,13.2,13.2,8.5,5.8,4.6,8.5,7.8
06019,Silstrup,2025-11-12 05:00:00+00:00,2025-11-12,2025,11,12,5,0,56.93,8.6412,,,94.0,93.0,,,0.0,0.0,0.0,0.0,,999.1,1004.4,0.0,0.0,,,8.8,9.8,9.8,10.0,9.9,9.7,,9.9,9.8,,9.8,9.8,9.8,9.6,9.5,,,,183.0,173.0,12.4,10.4,8.5,4.6,4.6,7.2,7.9
06019,Silstrup,2025-11-12 06:00:00+00:00,2025-11-12,2025,11,12,6,0,56.93,8.6412,,,94.0,94.0,,,0.0,0.0,0.0,0.0,,997.8,1003.1,0.0,0.0,,,8.9,9.8,9.7,9.9,9.8,9.7,10.5,9.8,9.8,7.7,9.7,9.9,9.9,9.7,9.6,,,,175.0,175.0,13.1,13.1,9.1,6.0,4.6,9.0,8.1
06019,Silstrup,2025-11-12 07:00:00+00:00,2025-11-12,2025,11,12,7,0,56.93,8.6412,,,96.0,95.0,,,0.0,2.0,0.0,0.4,,997.6,1002.8,0.0,0.0,,,9.1,9.7,9.7,9.8,9.8,9.7,,9.8,9.7,,9.7,9.7,9.9,9.7,9.6,,,,176.0,177.0,13.9,12.1,9.7,5.8,5.7,8.9,9.0
06019,Silstrup,2025-11-12 08:00:00+00:00,2025-11-12,2025,11,12,8,0,56.93,8.6412,,,97.0,96.0,,,3.0,7.0,0.7,1.6,0.0,997.2,1002.5,3.0,1.0,,,9.6,10.0,10.1,10.1,10.0,9.7,,10.1,9.9,,9.7,9.6,9.8,9.7,9.6,,,,185.0,181.0,13.2,13.2,9.4,6.4,4.7,9.1,8.9
06019,Silstrup,2025-11-12 09:00:00+00:00,2025-11-12,2025,11,12,9,0,56.93,8.6412,,,97.0,98.0,,,0.0,8.0,0.0,2.4,,997.1,1002.3,6.0,6.0,0.0,0.0,10.2,10.6,10.7,10.7,10.4,10.1,,10.6,10.3,,10.0,9.6,9.7,9.6,9.6,,,,192.0,188.0,14.2,13.4,10.6,6.3,6.2,10.1,9.7
06019,Silstrup,2025-11-12 10:00:00+00:00,2025-11-12,2025,11,12,10,0,56.93,8.6412,,,98.0,97.0,,,0.0,0.0,0.0,0.0,,997.3,1002.5,7.0,6.0,0.0,0.0,10.5,10.9,10.9,10.9,10.8,10.7,,10.9,10.8,,10.6,10.2,10.2,10.0,9.6,,,,196.0,193.0,15.2,13.0,10.5,6.8,5.7,9.6,9.9
06019,Silstrup,2025-11-12 11:00:00+00:00,2025-11-12,2025,11,12,11,0,56.93,8.6412,,,99.0,98.0,,,0.0,2.0,0.0,0.5,,996.8,1002.0,9.0,13.0,0.0,0.0,10.9,11.1,11.2,11.2,11.1,10.9,,11.1,11.0,,10.9,10.3,10.3,10.2,10.2,,,,195.0,195.0,14.1,12.8,10.7,5.9,5.9,9.4,10.0
06019,Silstrup,2025-11-12 12:00:00+00:00,2025-11-12,2025,11,12,12,0,56.93,8.6412,,,98.0,99.0,,,0.0,0.0,0.0,0.0,,996.7,1001.9,11.0,12.0,0.0,0.0,11.6,11.9,11.9,11.9,11.6,11.2,11.9,11.9,11.5,9.7,11.1,10.4,10.4,10.4,10.3,,,,206.0,202.0,14.7,14.7,10.9,6.9,5.6,10.7,9.8
06019,Silstrup,2025-11-12 13:00:00+00:00,2025-11-12,2025,11,12,13,0,56.93,8.6412,,,98.0,98.0,,,1.0,2.0,0.2,0.5,0.0,996.8,1002.0,11.0,11.0,0.0,0.0,11.7,12.0,12.1,12.1,11.9,11.8,,12.1,11.9,,11.7,10.5,10.5,10.5,10.4,,,,210.0,207.0,14.9,13.3,10.6,6.0,6.0,9.4,9.6
06019,Silstrup,2025-11-12 14:00:00+00:00,2025-11-12,2025,11,12,14,0,56.93,8.6412,,,98.0,98.0,,,0.0,1.0,0.0,0.3,,996.4,1001.6,9.0,10.0,0.0,0.0,11.9,12.2,12.2,12.2,12.1,12.1,,12.2,12.1,,12.0,10.7,10.7,10.6,10.6,,,,210.0,209.0,14.1,12.5,9.8,6.1,5.5,8.8,9.3
06019,Silstrup,2025-11-12 15:00:00+00:00,2025-11-12,2025,11,12,15,0,56.93,8.6412,,,98.0,98.0,,,2.0,7.0,0.3,1.5,0.0,996.3,1001.5,0.0,3.0,0.0,0.0,11.9,12.1,12.2,12.3,12.3,12.2,,12.2,12.2,,12.1,10.8,10.8,10.7,10.4,,,,203.0,208.0,11.4,11.4,9.8,5.1,4.8,7.5,7.8
06019,Silstrup,2025-11-12 16:00:00+00:00,2025-11-12,2025,11,12,16,0,56.93,8.6412,,,98.0,98.0,,,1.0,3.0,0.2,0.5,0.2,996.2,1001.4,0.0,0.0,0.0,0.0,12.1,12.4,12.4,12.4,12.3,12.2,,12.4,12.2,,12.1,10.9,10.9,10.8,10.8,,,,210.0,206.0,11.5,11.5,8.0,5.7,4.6,7.8,7.7
06019,Silstrup,2025-11-12 17:00:00+00:00,2025-11-12,2025,11,12,17,0,56.93,8.6412,,,98.0,98.0,,,1.0,2.0,0.2,0.4,0.0,996.0,1001.2,0.0,0.0,,,12.2,12.5,12.6,12.6,12.5,12.4,,12.5,12.5,,12.4,10.5,10.9,10.6,10.5,,,,208.0,209.0,11.5,10.5,8.0,4.5,4.5,7.4,7.4
06019,Silstrup,2025-11-12 18:00:00+00:00,2025-11-12,2025,11,12,18,0,56.93,8.6412,,,99.0,99.0,,,0.0,1.0,0.0,0.2,,996.0,1001.2,0.0,0.0,,,12.2,12.4,12.5,12.6,12.4,12.3,12.5,12.5,12.3,9.7,12.2,10.6,10.9,10.7,10.5,,,,216.0,210.0,10.4,9.9,7.7,4.5,4.4,6.6,6.9
06019,Silstrup,2025-11-12 19:00:00+00:00,2025-11-12,2025,11,12,19,0,56.93,8.6412,,,99.0,99.0,,,1.0,8.0,0.2,1.3,0.0,995.8,1001.0,0.0,0.0,,,12.2,12.3,12.2,12.5,12.3,12.2,,12.5,12.3,,12.2,11.1,11.1,11.0,10.6,,,,214.0,213.0,11.3,11.3,7.9,4.7,4.0,7.7,7.1
06019,Silstrup,2025-11-12 20:00:00+00:00,2025-11-12,2025,11,12,20,0,56.93,8.6412,,,99.0,99.0,,,0.0,15.0,0.0,3.5,,995.7,1000.9,0.0,0.0,,,11.9,12.1,12.2,12.3,12.2,12.1,,12.3,12.1,,12.0,11.0,11.1,10.8,10.7,,,,214.0,213.0,12.3,10.3,8.9,5.0,5.0,7.5,8.0
06019,Silstrup,2025-11-12 21:00:00+00:00,2025-11-12,2025,11,12,21,0,56.93,8.6412,,,99.0,99.0,,,1.0,5.0,0.1,0.8,0.0,995.9,1001.0,0.0,0.0,,,11.9,12.1,12.2,12.3,12.2,12.2,,12.1,12.1,,12.1,10.8,11.1,10.9,10.8,,,,222.0,223.0,10.4,9.5,7.5,4.1,3.9,6.5,6.9
06019,Silstrup,2025-11-12 22:00:00+00:00,2025-11-12,2025,11,12,22,0,56.93,8.6412,,,98.0,99.0,,,0.0,0.0,0.0,0.0,,995.5,1000.7,0.0,0.0,,,11.9,12.2,12.3,12.3,12.3,12.2,,12.2,12.1,,12.1,10.8,10.8,10.8,10.8,,,,225.0,225.0,9.6,7.9,7.1,4.1,4.1,6.0,6.6
06019,Silstrup,2025-11-12 23:00:00+00:00,2025-11-12,2025,11,12,23,0,56.93,8.6412,,,98.0,98.0,,,0.0,0.0,0.0,0.0,,995.6,1000.8,0.0,0.0,,,11.8,12.1,12.2,12.3,12.2,12.2,,12.2,12.1,,12.1,10.9,11.1,10.9,10.8,,,,228.0,227.0,8.9,7.9,6.7,4.5,4.3,6.3,6.3
06019,Silstrup,2025-11-13 00:00:00+00:00,2025-11-13,2025,11,13,0,0,56.93,8.6412,,,96.0,98.0,,,0.0,0.0,0.0,0.0,,995.4,1000.6,0.0,0.0,,,11.1,11.7,11.7,12.2,12.1,11.7,12.5,12.1,12.0,11.7,11.7,10.9,11.3,11.1,10.9,,,,239.0,234.0,9.5,7.2,6.4,4.1,3.9,5.7,6.0
06019,Silstrup,2025-11-13 01:00:00+00:00,2025-11-13,2025,11,13,1,0,56.93,8.6412,,,97.0,96.0,,,0.0,0.0,0.0,0.0,,995.3,1000.5,0.0,0.0,,,10.9,11.4,11.4,11.7,11.5,11.4,,11.7,11.5,,11.4,11.3,11.3,11.2,10.9,,,,226.0,231.0,7.9,7.6,5.8,3.9,3.7,5.6,5.6
06019,Silstrup,2025-11-13 02:00:00+00:00,2025-11-13,2025,11,13,2,0,56.93,8.6412,,,95.0,97.0,,,0.0,0.0,0.0,0.0,,995.3,1000.5,0.0,0.0,,,10.7,11.4,11.4,11.5,11.4,11.3,,11.4,11.3,,11.3,10.8,11.3,10.9,10.8,,,,244.0,235.0,7.6,7.6,5.7,3.6,3.6,5.3,5.3
06019,Silstrup,2025-11-13 03:00:00+00:00,2025-11-13,2025,11,13,3,0,56.93,8.6412,,,95.0,94.0,,,0.0,6.0,0.0,0.2,,994.8,1000.0,0.0,0.0,,,10.2,11.0,11.0,11.4,11.3,11.0,,11.4,11.2,,11.0,11.2,11.2,11.1,10.8,,,,239.0,239.0,7.8,6.4,5.5,3.0,3.0,4.7,5.2
06019,Silstrup,2025-11-13 04:00:00+00:00,2025-11-13,2025,11,13,4,0,56.93,8.6412,,,96.0,95.0,,,0.0,2.0,0.0,0.1,,994.7,999.9,0.0,0.0,,,10.3,10.9,11.0,11.0,10.8,10.6,,11.0,10.9,,10.8,10.7,11.2,11.0,10.7,,,,244.0,237.0,7.5,6.3,5.6,2.9,2.9,4.1,4.6
06019,Silstrup,2025-11-13 05:00:00+00:00,2025-11-13,2025,11,13,5,0,56.93,8.6412,,,98.0,97.0,,,1.0,1.0,0.1,0.1,0.1,994.4,999.6,0.0,0.0,,,10.4,10.7,11.0,11.1,10.9,10.8,,10.9,10.8,,10.7,10.8,11.1,10.9,10.7,,,,248.0,247.0,5.4,3.7,4.2,1.9,1.9,2.8,3.3
06019,Silstrup,2025-11-13 06:00:00+00:00,2025-11-13,2025,11,13,6,0,56.93,8.6412,,,97.0,96.0,,,2.0,19.0,0.0,0.5,,994.1,999.3,0.0,0.0,,,9.6,10.1,10.1,10.9,10.5,10.1,12.5,10.7,10.3,10.1,10.1,11.1,11.1,10.9,10.7,,,,238.0,249.0,6.5,4.4,4.7,1.9,1.7,3.2,3.7
06019,Silstrup,2025-11-13 07:00:00+00:00,2025-11-13,2025,11,13,7,0,56.93,8.6412,,,98.0,97.0,,,0.0,6.0,0.0,0.2,,994.0,999.2,0.0,0.0,,,9.6,9.9,10.2,10.4,10.2,10.0,,10.1,10.0,,9.9,11.1,11.1,11.1,11.1,,,,229.0,235.0,4.8,3.0,3.6,1.2,1.1,1.9,2.7
06019,Silstrup,2025-11-13 08:00:00+00:00,2025-11-13,2025,11,13,8,0,56.93,8.6412,,,99.0,99.0,,,0.0,1.0,0.0,0.1,,993.8,999.0,11.0,3.0,,,9.9,10.1,10.8,10.8,10.4,10.1,,10.1,10.0,,9.9,11.0,11.1,11.0,10.7,,,,244.0,233.0,3.2,1.3,2.6,0.0,0.0,0.3,1.7
06019,Silstrup,2025-11-13 09:00:00+00:00,2025-11-13,2025,11,13,9,0,56.93,8.6412,,,99.0,99.0,,,1.0,1.0,0.1,0.1,0.1,993.8,999.1,6.0,9.0,0.0,0.0,10.0,10.1,10.7,10.9,10.8,10.7,,10.1,10.1,,10.1,11.0,11.0,10.9,10.7,,,,196.0,206.0,1.9,1.9,1.2,0.3,0.0,1.0,0.7
06019,Silstrup,2025-11-13 10:00:00+00:00,2025-11-13,2025,11,13,10,0,56.93,8.6412,,,100.0,100.0,,,8.0,37.0,0.5,2.2,0.0,993.7,998.9,15.0,14.0,0.0,0.0,9.9,9.9,10.4,10.7,10.6,10.4,,10.1,10.0,,9.9,11.0,11.0,11.0,11.0,,,,205.0,196.0,3.1,3.1,2.0,0.9,0.0,2.0,1.3
06019,Silstrup,2025-11-13 11:00:00+00:00,2025-11-13,2025,11,13,11,0,56.93,8.6412,,,100.0,100.0,,,2.0,17.0,0.1,0.9,0.0,992.4,997.6,5.0,12.0,0.0,0.0,9.5,9.5,10.1,10.4,10.2,10.0,,9.9,9.6,,9.5,10.5,11.0,10.7,10.5,,,,198.0,200.0,4.7,3.0,3.1,0.6,0.6,1.6,2.6
06019,Silstrup,2025-11-13 12:00:00+00:00,2025-11-13,2025,11,13,12,0,56.93,8.6412,,,100.0,100.0,,,8.0,47.0,0.5,3.7,0.0,991.8,997.0,21.0,6.0,0.0,0.0,8.2,8.2,9.0,10.1,9.7,9.0,11.7,9.5,9.0,8.2,8.2,11.0,11.0,10.9,10.5,,,,340.0,326.0,6.3,6.1,3.8,1.8,0.0,3.5,2.0
06019,Silstrup,2025-11-13 13:00:00+00:00,2025-11-13,2025,11,13,13,0,56.93,8.6412,,,98.0,99.0,,,4.0,23.0,0.1,1.0,,991.9,997.2,18.0,13.0,0.0,0.0,7.0,7.3,7.9,9.0,8.4,7.9,,8.3,7.8,,7.3,10.9,11.0,10.9,10.9,,,,344.0,337.0,8.9,7.7,5.1,2.1,1.6,4.9,4.3
06019,Silstrup,2025-11-13 14:00:00+00:00,2025-11-13,2025,11,13,14,0,56.93,8.6412,,,96.0,97.0,,,1.0,5.0,0.1,0.3,0.0,993.4,998.7,16.0,18.0,0.0,0.0,6.2,6.8,7.3,7.9,7.5,7.3,,7.3,7.1,,6.8,10.8,10.9,10.8,10.5,,,,319.0,328.0,9.0,8.5,5.6,2.2,1.9,5.4,5.0
06019,Silstrup,2025-11-13 15:00:00+00:00,2025-11-13,2025,11,13,15,0,56.93,8.6412,,,92.0,95.0,,,1.0,2.0,0.1,0.2,0.0,994.7,1000.0,6.0,9.0,0.0,0.0,4.9,6.2,6.3,7.3,6.8,6.3,,6.9,6.5,,6.2,10.6,10.8,10.7,10.6,,,,315.0,310.0,10.5,8.5,6.6,2.6,2.6,5.0,5.8
06019,Silstrup,2025-11-13 16:00:00+00:00,2025-11-13,2025,11,13,16,0,56.93,8.6412,,,85.0,91.0,,,0.0,0.0,0.0,0.0,,996.7,1002.0,0.0,0.0,0.0,0.0,4.3,6.6,6.7,6.7,6.4,6.1,,6.6,6.3,,6.0,10.4,10.6,10.5,10.4,,,,295.0,293.0,7.9,7.9,5.4,3.4,2.4,5.4,4.5
06019,Silstrup,2025-11-13 17:00:00+00:00,2025-11-13,2025,11,13,17,0,56.93,8.6412,,,85.0,85.0,,,0.0,0.0,0.0,0.0,,998.2,1003.5,0.0,0.0,,,3.8,6.1,6.0,6.7,6.3,5.9,,6.7,6.4,,6.1,10.3,10.4,10.3,10.2,,,,298.0,300.0,7.9,6.2,5.3,2.3,2.3,4.0,4.7
06019,Silstrup,2025-11-13 18:00:00+00:00,2025-11-13,2025,11,13,18,0,56.93,8.6412,,,85.0,86.0,,,0.0,0.0,0.0,0.0,,999.3,1004.7,0.0,0.0,,,3.7,6.1,5.9,6.4,6.0,5.6,10.1,6.4,6.1,5.9,5.9,10.0,10.2,10.1,9.9,,,,302.0,299.0,5.4,5.3,4.0,2.2,1.5,3.6,3.3
06019,Silstrup,2025-11-13 19:00:00+00:00,2025-11-13,2025,11,13,19,0,56.93,8.6412,,,92.0,89.0,,,0.0,0.0,0.0,0.0,,1000.3,1005.6,0.0,0.0,,,4.8,6.1,6.4,6.6,6.3,5.9,,6.4,6.2,,5.9,9.8,,9.9,9.7,,,,13.0,346.0,5.0,4.1,3.5,1.0,0.0,2.3,2.1
06019,Silstrup,2025-11-13 20:00:00+00:00,2025-11-13,2025,11,13,20,0,56.93,8.6412,,,92.0,92.0,,,0.0,0.0,0.0,0.0,,1001.7,1007.0,0.0,0.0,,,4.5,5.8,6.2,6.4,6.1,5.8,,6.1,5.9,,5.7,9.6,9.8,9.7,9.5,,,,336.0,24.0,4.9,3.4,3.4,0.0,0.0,1.4,2.4
06019,Silstrup,2025-11-13 21:00:00+00:00,2025-11-13,2025,11,13,21,0,56.93,8.6412,,,93.0,91.0,,,1.0,1.0,0.1,0.1,0.0,1002.5,1007.8,0.0,0.0,,,4.2,5.2,4.8,6.3,5.4,4.6,,5.8,5.6,,5.2,9.4,9.6,9.5,9.4,,,,114.0,61.0,2.2,1.3,1.4,0.0,0.0,0.3,0.6
06019,Silstrup,2025-11-13 22:00:00+00:00,2025-11-13,2025,11,13,22,0,56.93,8.6412,,,90.0,92.0,,,0.0,0.0,0.0,0.0,,1002.7,1008.0,0.0,0.0,,,4.4,6.0,5.0,5.0,3.8,2.9,,6.0,5.5,,4.9,9.3,9.5,9.4,9.2,,,,121.0,108.0,2.0,1.8,1.6,0.7,0.0,1.1,1.0
06019,Silstrup,2025-11-13 23:00:00+00:00,2025-11-13,2025,11,13,23,0,56.93,8.6412,,,97.0,92.0,,,0.0,0.0,0.0,0.0,,1002.9,1008.3,0.0,0.0,,,4.1,4.6,3.0,4.9,3.9,2.9,,6.0,5.1,,4.0,9.1,9.3,9.2,9.0,,,,187.0,158.0,2.7,1.6,2.0,0.6,0.0,1.2,1.5
06019,Silstrup,2025-11-14 00:00:00+00:00,2025-11-14,2025,11,14,0,0,56.93,8.6412,,,95.0,97.0,,,0.0,0.0,0.0,0.0,,1003.5,1008.9,0.0,0.0,,,4.1,4.7,3.9,3.9,2.8,2.2,8.3,4.9,4.6,4.0,4.1,8.9,9.2,9.0,8.8,,,,4.0,360.0,3.2,3.2,2.0,0.0,0.0,1.3,0.6
06019,Silstrup,2025-11-14 01:00:00+00:00,2025-11-14,2025,11,14,1,0,56.93,8.6412,,,96.0,95.0,,,0.0,0.0,0.0,0.0,,1004.3,1009.7,0.0,0.0,,,3.9,4.4,2.9,4.7,3.9,2.8,,5.0,4.5,,4.1,8.7,8.9,8.8,8.6,,,,335.0,328.0,2.9,1.4,1.8,0.6,0.2,1.1,1.3
06019,Silstrup,2025-11-14 02:00:00+00:00,2025-11-14,2025,11,14,2,0,56.93,8.6412,,,96.0,96.0,,,0.0,0.0,0.0,0.0,,1004.4,1009.8,0.0,0.0,,,4.0,4.6,2.7,3.2,2.9,2.7,,4.7,4.5,,4.3,8.5,8.7,8.6,8.4,,,,0.0,321.0,1.9,0.3,1.4,0.0,0.0,0.0,0.9
06019,Silstrup,2025-11-14 03:00:00+00:00,2025-11-14,2025,11,14,3,0,56.93,8.6412,,,97.0,97.0,,,0.0,0.0,0.0,0.0,,1004.6,1010.0,0.0,0.0,,,3.0,3.4,2.8,3.0,2.9,2.7,,4.6,3.9,,3.4,8.1,8.5,8.3,8.1,,,,275.0,261.0,1.9,1.9,1.4,0.9,0.0,1.4,1.0
06019,Silstrup,2025-11-14 04:00:00+00:00,2025-11-14,2025,11,14,4,0,56.93,8.6412,,,89.0,90.0,,,0.0,0.0,0.0,0.0,,1004.4,1009.8,0.0,0.0,,,2.1,3.6,3.0,3.0,2.8,2.6,,4.4,3.9,,3.5,7.9,8.2,8.1,7.9,,,,328.0,316.0,3.4,3.4,2.2,1.2,0.9,2.2,1.8
06019,Silstrup,2025-11-14 05:00:00+00:00,2025-11-14,2025,11,14,5,0,56.93,8.6412,,,85.0,86.0,,,0.0,0.0,0.0,0.0,,1004.6,1010.0,0.0,0.0,,,2.0,4.4,3.5,3.5,3.2,3.0,,4.4,4.1,,3.5,7.8,8.0,7.9,7.7,,,,335.0,330.0,3.6,2.6,2.4,0.8,0.8,1.8,2.0
06019,Silstrup,2025-11-14 06:00:00+00:00,2025-11-14,2025,11,14,6,0,56.93,8.6412,,,88.0,85.0,,,0.0,0.0,0.0,0.0,,1005.1,1010.5,0.0,0.0,,,1.9,3.6,2.6,3.6,3.1,2.4,6.4,4.7,4.2,3.4,3.5,7.8,7.9,7.8,7.7,,,,270.0,301.0,2.0,1.5,1.8,0.7,0.0,1.0,1.0
06019,Silstrup,2025-11-14 07:00:00+00:00,2025-11-14,2025,11,14,7,0,56.93,8.6412,,,87.0,87.0,,,0.0,0.0,0.0,0.0,,1006.0,1011.4,0.0,0.0,,,1.8,3.8,2.7,3.0,2.8,2.6,,3.9,3.7,,3.6,7.6,7.7,7.6,7.5,,,,287.0,268.0,1.8,1.6,1.5,0.5,0.5,1.1,1.3
06019,Silstrup,2025-11-14 08:00:00+00:00,2025-11-14,2025,11,14,8,0,56.93,8.6412,,,83.0,86.0,,,0.0,0.0,0.0,0.0,,1006.4,1011.8,48.0,17.0,,,2.0,4.6,3.2,3.2,2.9,2.7,,4.6,4.1,,3.8,7.4,7.6,7.5,7.4,,,,322.0,306.0,2.0,1.9,1.6,1.2,0.8,1.6,1.3
06019,Silstrup,2025-11-14 09:00:00+00:00,2025-11-14,2025,11,14,9,0,56.93,8.6412,,,79.0,82.0,,,0.0,0.0,0.0,0.0,,1006.9,1012.3,162.0,66.0,10.0,12.0,2.0,5.3,4.5,4.5,3.6,3.2,,5.4,4.7,,4.1,7.2,7.5,7.4,7.2,,,,342.0,343.0,2.3,1.4,1.8,0.0,0.0,0.6,1.3
06019,Silstrup,2025-11-14 10:00:00+00:00,2025-11-14,2025,11,14,10,0,56.93,8.6412,,,82.0,82.0,,,0.0,0.0,0.0,0.0,,1007.5,1012.9,227.0,160.0,10.0,60.0,3.5,6.4,7.5,7.5,6.2,4.6,,6.4,5.9,,5.3,7.1,7.4,7.2,7.1,,,,0.0,335.0,1.3,0.0,0.7,0.0,0.0,0.0,0.1
06019,Silstrup,2025-11-14 11:00:00+00:00,2025-11-14,2025,11,14,11,0,56.93,8.6412,,,73.0,74.0,,,0.0,0.0,0.0,0.0,,1007.5,1012.9,270.0,226.0,10.0,59.0,3.1,7.5,9.4,9.4,8.5,7.6,,7.6,7.0,,6.3,7.2,7.2,7.1,7.1,,,,309.0,0.0,1.1,1.1,0.2,0.0,0.0,0.1,0.0
06019,Silstrup,2025-11-14 12:00:00+00:00,2025-11-14,2025,11,14,12,0,56.93,8.6412,,,70.0,72.0,,,0.0,0.0,0.0,0.0,,1007.5,1012.8,103.0,191.0,4.0,53.0,2.3,7.4,8.1,9.8,8.9,8.1,7.9,7.9,7.6,3.4,7.4,7.6,7.6,7.4,7.2,,,,339.0,324.0,4.2,4.2,2.4,0.6,0.0,2.3,1.8
06019,Silstrup,2025-11-14 13:00:00+00:00,2025-11-14,2025,11,14,13,0,56.93,8.6412,,,70.0,70.0,,,0.0,0.0,0.0,0.0,,1007.5,1012.8,61.0,89.0,0.0,14.0,1.4,6.5,6.8,8.4,7.5,6.8,,7.5,7.0,,6.5,7.8,7.8,7.7,7.6,,,,356.0,350.0,3.7,2.4,2.6,0.0,0.0,1.0,1.4
06019,Silstrup,2025-11-14 14:00:00+00:00,2025-11-14,2025,11,14,14,0,56.93,8.6412,,,70.0,69.0,,,0.0,0.0,0.0,0.0,,1007.8,1013.1,60.0,57.0,0.0,0.0,1.0,6.1,6.3,6.8,6.4,6.0,,6.5,6.2,,6.0,8.1,8.1,7.8,7.8,,,,1.0,357.0,3.2,3.0,1.9,0.7,0.0,1.9,1.4
06019,Silstrup,2025-11-14 15:00:00+00:00,2025-11-14,2025,11,14,15,0,56.93,8.6412,,,71.0,73.0,,,0.0,0.0,0.0,0.0,,1008.4,1013.8,7.0,24.0,0.0,0.0,0.3,5.0,4.5,6.3,5.2,4.2,,6.0,5.3,,4.6,7.8,8.1,8.0,7.8,,,,4.0,8.0,3.6,3.3,2.3,0.7,0.2,2.0,2.1
06019,Silstrup,2025-11-14 16:00:00+00:00,2025-11-14,2025,11,14,16,0,56.93,8.6412,,,76.0,74.0,,,0.0,0.0,0.0,0.0,,1008.8,1014.2,0.0,0.0,0.0,0.0,0.0,3.9,3.7,4.5,4.1,3.7,,4.9,4.4,,3.9,7.7,8.1,7.9,7.6,,,,5.0,6.0,4.5,4.0,2.8,0.7,0.4,2.3,2.4
06019,Silstrup,2025-11-14 17:00:00+00:00,2025-11-14,2025,11,14,17,0,56.93,8.6412,,,77.0,76.0,,,0.0,0.0,0.0,0.0,,1009.5,1014.9,0.0,0.0,,,-0.4,3.3,2.8,3.6,3.4,2.8,,3.9,3.7,,3.3,7.5,7.8,7.6,7.4,,,,23.0,14.0,5.5,5.5,3.3,1.8,0.6,3.3,2.7
06019,Silstrup,2025-11-14 18:00:00+00:00,2025-11-14,2025,11,14,18,0,56.93,8.6412,,,79.0,75.0,,,0.0,0.0,0.0,0.0,,1010.5,1015.9,0.0,0.0,,,-0.2,3.1,2.3,3.0,2.8,2.3,7.9,3.8,3.4,3.0,3.0,7.2,7.6,7.4,7.2,,,,40.0,27.0,5.7,4.1,4.5,1.9,1.9,3.3,3.9
06019,Silstrup,2025-11-14 19:00:00+00:00,2025-11-14,2025,11,14,19,0,56.93,8.6412,,,72.0,73.0,,,0.0,0.0,0.0,0.0,,1011.2,1016.6,0.0,,,,-0.3,4.3,3.6,3.7,3.4,2.2,,4.7,4.3,,3.1,7.0,7.3,7.1,7.0,,,,58.0,54.0,7.7,7.7,5.1,2.9,1.8,5.1,4.1
06019,Silstrup,2025-11-14 20:00:00+00:00,2025-11-14,2025,11,14,20,0,56.93,8.6412,,,70.0,71.0,,,0.0,0.0,0.0,0.0,,1012.2,1017.6,0.0,0.0,,,-1.1,3.9,3.1,3.6,3.3,3.1,,4.4,4.1,,3.8,6.9,7.1,6.9,6.8,,,,57.0,54.0,7.8,6.7,5.5,2.6,2.6,4.2,4.6
06019,Silstrup,2025-11-14 21:00:00+00:00,2025-11-14,2025,11,14,21,0,56.93,8.6412,,,68.0,68.0,,,0.0,0.0,0.0,0.0,,1013.0,1018.4,0.0,0.0,,,-1.5,3.9,3.1,3.2,3.1,2.9,,4.1,3.9,,3.8,6.6,6.9,6.8,6.6,,,,53.0,51.0,6.4,6.4,4.2,2.4,2.4,4.0,4.0
06019,Silstrup,2025-11-14 22:00:00+00:00,2025-11-14,2025,11,14,22,0,56.93,8.6412,,,72.0,70.0,,,0.0,0.0,0.0,0.0,,1013.3,1018.8,0.0,0.0,,,-0.7,4.0,3.2,3.3,3.1,2.7,,4.2,4.0,,3.7,6.5,6.8,6.7,6.5,,,,55.0,58.0,6.1,5.8,4.2,2.1,2.1,3.7,3.9
06019,Silstrup,2025-11-14 23:00:00+00:00,2025-11-14,2025,11,14,23,0,56.93,8.6412,,,73.0,72.0,,,0.0,0.0,0.0,0.0,,1013.8,1019.2,0.0,0.0,,,-0.4,4.0,3.3,3.3,3.1,3.0,,4.1,4.0,,3.8,6.4,6.6,6.5,6.4,,,,60.0,57.0,7.1,6.9,4.9,2.9,2.2,4.9,4.3
06019,Silstrup,2025-11-15 00:00:00+00:00,2025-11-15,2025,11,15,0,0,56.93,8.6412,,,71.0,71.0,,,0.0,0.0,0.0,0.0,,1014.4,1019.8,0.0,0.0,,,-0.9,3.9,3.1,3.3,3.2,3.1,7.5,4.1,3.9,3.0,3.8,6.4,6.5,6.4,6.3,,,,60.0,58.0,7.7,7.7,5.3,3.2,2.9,4.8,4.9
06019,Silstrup,2025-11-15 01:00:00+00:00,2025-11-15,2025,11,15,1,0,56.93,8.6412,,,72.0,71.0,,,0.0,0.0,0.0,0.0,,1014.7,1020.1,0.0,0.0,,,-0.8,3.9,3.0,3.4,3.1,2.8,,4.2,3.9,,3.7,6.2,6.5,6.3,6.1,,,,60.0,59.0,7.5,6.2,5.0,2.0,2.0,4.1,4.4
06019,Silstrup,2025-11-15 02:00:00+00:00,2025-11-15,2025,11,15,2,0,56.93,8.6412,,,70.0,71.0,,,0.0,0.0,0.0,0.0,,1015.2,1020.6,0.0,0.0,,,-0.9,4.2,3.3,3.4,3.2,2.9,,4.2,4.0,,3.6,6.1,6.3,6.2,6.0,,,,65.0,63.0,7.5,6.6,4.6,2.2,2.2,4.2,4.3
06019,Silstrup,2025-11-15 03:00:00+00:00,2025-11-15,2025,11,15,3,0,56.93,8.6412,,,64.0,65.0,,,0.0,0.0,0.0,0.0,,1015.2,1020.6,0.0,0.0,,,-1.7,4.4,3.5,3.8,3.6,3.3,,4.7,4.5,,4.2,6.1,6.2,6.1,6.0,,,,79.0,79.0,9.2,7.6,6.1,3.0,2.7,4.7,5.3
06019,Silstrup,2025-11-15 04:00:00+00:00,2025-11-15,2025,11,15,4,0,56.93,8.6412,,,70.0,67.0,,,0.0,0.0,0.0,0.0,,1015.6,1021.1,0.0,0.0,,,-0.9,4.1,3.2,3.9,3.5,3.1,,4.7,4.4,,3.9,6.0,6.1,6.0,5.9,,,,63.0,73.0,8.8,7.5,6.3,2.8,1.8,4.6,5.0
06019,Silstrup,2025-11-15 05:00:00+00:00,2025-11-15,2025,11,15,5,0,56.93,8.6412,,,66.0,67.0,,,0.0,0.0,0.0,0.0,,1015.8,1021.2,0.0,0.0,,,-1.6,4.2,3.4,3.7,3.5,3.2,,4.5,4.3,,4.1,5.7,6.1,5.9,5.7,,,,84.0,78.0,8.9,7.6,6.2,3.8,2.0,5.6,5.5
06019,Silstrup,2025-11-15 06:00:00+00:00,2025-11-15,2025,11,15,6,0,56.93,8.6412,,,66.0,68.0,,,0.0,0.0,0.0,0.0,,1016.0,1021.4,0.0,0.0,,,-1.7,4.1,3.3,3.5,3.3,3.0,4.7,4.3,4.0,3.1,3.7,5.7,5.9,5.8,5.7,,,,80.0,81.0,8.0,7.5,5.7,3.3,2.2,5.4,5.0
06019,Silstrup,2025-11-15 07:00:00+00:00,2025-11-15,2025,11,15,7,0,56.93,8.6412,,,77.0,69.0,,,0.0,0.0,0.0,0.0,,1016.9,1022.4,0.0,0.0,,,-1.4,2.3,1.5,3.3,2.8,1.5,,4.1,3.5,,2.2,5.7,5.9,5.8,5.6,,,,37.0,65.0,7.8,4.6,5.4,2.7,1.5,3.7,4.3
06019,Silstrup,2025-11-15 08:00:00+00:00,2025-11-15,2025,11,15,8,0,56.93,8.6412,,,75.0,78.0,,,0.0,0.0,0.0,0.0,,1016.8,1022.2,62.0,25.0,,,-0.1,3.9,3.1,3.1,1.6,0.5,,3.9,2.6,,1.5,5.5,5.8,5.6,5.5,,,,78.0,65.0,6.2,5.6,4.5,2.6,1.0,4.0,2.9
06019,Silstrup,2025-11-15 09:00:00+00:00,2025-11-15,2025,11,15,9,0,56.93,8.6412,,,74.0,75.0,,,0.0,0.0,0.0,0.0,,1016.6,1022.0,148.0,107.0,8.0,8.0,0.2,4.5,4.2,4.2,3.6,3.1,,4.5,4.1,,3.6,5.4,5.7,5.6,5.4,,,,99.0,85.0,6.1,6.1,4.3,2.3,1.2,4.1,3.6
06019,Silstrup,2025-11-15 10:00:00+00:00,2025-11-15,2025,11,15,10,0,56.93,8.6412,,,73.0,75.0,,,0.0,0.0,0.0,0.0,,1016.6,1022.1,211.0,183.0,10.0,60.0,0.5,5.0,5.6,5.6,4.9,4.1,,5.0,4.8,,4.5,5.4,5.7,5.4,5.4,,,,91.0,96.0,5.7,5.1,4.3,1.8,1.8,3.6,3.6
06019,Silstrup,2025-11-15 11:00:00+00:00,2025-11-15,2025,11,15,11,0,56.93,8.6412,,,71.0,72.0,,,0.0,0.0,0.0,0.0,,1016.4,1021.9,239.0,228.0,10.0,60.0,0.4,5.1,6.1,6.3,6.0,5.6,,5.3,5.1,,4.9,5.5,5.6,5.4,5.4,,,,108.0,105.0,4.9,4.8,3.7,2.0,1.5,3.2,3.1
06019,Silstrup,2025-11-15 12:00:00+00:00,2025-11-15,2025,11,15,12,0,56.93,8.6412,,,69.0,70.0,,,0.0,0.0,0.0,0.0,,1015.9,1021.3,222.0,237.0,10.0,60.0,0.4,5.5,6.8,6.9,6.4,6.1,5.6,5.6,5.3,1.5,5.1,6.4,6.4,6.1,5.6,,,,131.0,130.0,4.6,2.8,3.7,1.2,1.2,1.9,2.6
06019,Silstrup,2025-11-15 13:00:00+00:00,2025-11-15,2025,11,15,13,0,56.93,8.6412,,,71.0,71.0,,,0.0,0.0,0.0,0.0,,1015.1,1020.5,176.0,198.0,10.0,60.0,0.3,5.1,6.2,6.7,6.4,6.1,,5.4,5.2,,5.0,6.1,6.4,6.1,6.0,,,,93.0,113.0,3.5,2.6,2.5,1.0,0.5,1.6,2.0
06019,Silstrup,2025-11-15 14:00:00+00:00,2025-11-15,2025,11,15,14,0,56.93,8.6412,,,71.0,73.0,,,0.0,0.0,0.0,0.0,,1014.7,1020.2,96.0,138.0,0.0,34.0,-0.3,4.5,5.1,6.2,5.8,5.1,,5.2,4.9,,4.5,6.4,6.6,6.4,6.1,,,,84.0,83.0,2.8,2.3,1.8,0.9,0.6,1.5,1.5
06019,Silstrup,2025-11-15 15:00:00+00:00,2025-11-15,2025,11,15,15,0,56.93,8.6412,,,79.0,75.0,,,0.0,0.0,0.0,0.0,,1014.3,1019.7,16.0,55.0,0.0,0.0,-0.6,2.8,2.5,5.1,4.1,2.5,,4.6,3.9,,2.8,6.4,6.7,6.5,6.3,,,,36.0,55.0,2.9,2.9,1.9,1.2,0.0,1.9,1.4
06019,Silstrup,2025-11-15 16:00:00+00:00,2025-11-15,2025,11,15,16,0,56.93,8.6412,,,87.0,83.0,,,0.0,0.0,0.0,0.0,,1013.6,1019.0,0.0,2.0,,0.0,0.2,2.2,0.4,2.4,1.2,0.4,,2.8,2.3,,1.6,6.5,6.7,6.5,6.3,,,,62.0,42.0,2.3,1.3,1.9,0.0,0.0,0.7,1.3
06019,Silstrup,2025-11-15 17:00:00+00:00,2025-11-15,2025,11,15,17,0,56.93,8.6412,,,74.0,80.0,,,0.0,0.0,0.0,0.0,,1013.2,1018.6,0.0,0.0,,,-1.3,2.9,-0.4,0.2,-0.2,-0.6,,3.3,2.9,,2.1,6.2,6.5,6.4,6.2,,,,116.0,94.0,2.8,2.7,2.1,1.5,0.5,2.0,1.6
06019,Silstrup,2025-11-15 18:00:00+00:00,2025-11-15,2025,11,15,18,0,56.93,8.6412,,,79.0,77.0,,,0.0,0.0,0.0,0.0,,1012.9,1018.4,0.0,0.0,,,-0.8,2.5,0.8,1.0,0.4,-0.3,5.6,3.3,3.0,1.5,2.5,6.0,6.2,6.1,5.9,,,,151.0,123.0,3.1,1.8,2.1,0.8,0.8,1.3,1.8
06019,Silstrup,2025-11-15 19:00:00+00:00,2025-11-15,2025,11,15,19,0,56.93,8.6412,,,83.0,82.0,,,0.0,0.0,0.0,0.0,,1012.4,1017.9,0.0,0.0,,,-0.6,2.0,0.5,0.9,0.8,0.5,,3.1,2.4,,2.0,5.9,6.1,5.9,5.8,,,,182.0,162.0,2.5,1.2,1.9,0.7,0.7,1.0,1.2
06019,Silstrup,2025-11-15 20:00:00+00:00,2025-11-15,2025,11,15,20,0,56.93,8.6412,,,87.0,85.0,,,0.0,0.0,0.0,0.0,,1012.0,1017.5,0.0,0.0,,,-1.1,0.8,-0.9,0.4,-0.2,-0.9,,2.3,1.6,,0.8,5.8,5.9,5.9,5.8,,,,200.0,189.0,2.0,2.0,1.3,0.7,0.0,1.3,0.6
06019,Silstrup,2025-11-15 21:00:00+00:00,2025-11-15,2025,11,15,21,0,56.93,8.6412,,,91.0,90.0,,,0.0,0.0,0.0,0.0,,1011.2,1016.7,0.0,0.0,,,-0.4,0.9,-0.3,-0.3,-0.7,-0.9,,0.9,0.4,,-0.1,5.5,5.8,5.6,5.4,,,,191.0,191.0,2.6,1.9,2.3,1.1,0.9,1.6,1.8
06019,Silstrup,2025-11-15 22:00:00+00:00,2025-11-15,2025,11,15,22,0,56.93,8.6412,,,91.0,91.0,,,0.0,0.0,0.0,0.0,,1010.5,1016.0,0.0,0.0,,,-0.8,0.5,-0.5,-0.3,-0.6,-0.8,,1.1,0.8,,0.2,5.4,5.5,5.4,5.3,,,,188.0,194.0,3.4,3.4,2.6,2.1,1.2,2.6,2.1
06019,Silstrup,2025-11-15 23:00:00+00:00,2025-11-15,2025,11,15,23,0,56.93,8.6412,,,89.0,90.0,,,0.0,0.0,0.0,0.0,,1009.9,1015.4,0.0,0.0,,,-0.6,1.0,-0.8,-0.4,-0.6,-0.8,,1.3,1.0,,0.4,5.1,5.4,5.3,5.1,,,,221.0,215.0,2.6,2.4,2.5,1.7,1.4,2.0,1.9
06019,Silstrup,2025-11-16 00:00:00+00:00,2025-11-16,2025,11,16,0,0,56.93,8.6412,,,93.0,90.0,,,0.0,0.0,0.0,0.0,,1009.1,1014.6,0.0,0.0,,,-1.2,-0.2,-1.2,-0.9,-1.0,-1.3,5.4,1.0,0.6,-0.4,-0.4,5.1,5.3,5.2,5.1,,,,236.0,233.0,3.3,3.3,2.8,1.8,1.8,2.5,2.4
06019,Silstrup,2025-11-16 01:00:00+00:00,2025-11-16,2025,11,16,1,0,56.93,8.6412,,,86.0,90.0,,,0.0,0.0,0.0,0.0,,1008.0,1013.5,0.0,0.0,,,-2.2,-0.2,-1.5,-1.0,-1.4,-1.8,,0.5,0.0,,-0.2,4.9,5.2,5.0,4.9,,,,213.0,227.0,3.6,3.6,2.7,2.0,0.8,2.7,2.0
06019,Silstrup,2025-11-16 02:00:00+00:00,2025-11-16,2025,11,16,2,0,56.93,8.6412,,,85.0,86.0,,,0.0,0.0,0.0,0.0,,1007.3,1012.7,0.0,0.0,,,-2.0,0.3,-1.0,-0.4,-0.8,-1.5,,0.7,0.4,,-0.1,4.9,5.0,4.9,4.7,,,,221.0,218.0,4.0,3.3,3.0,1.1,1.1,2.2,2.6
06019,Silstrup,2025-11-16 03:00:00+00:00,2025-11-16,2025,11,16,3,0,56.93,8.6412,,,87.0,84.0,,,0.0,0.0,0.0,0.0,,1006.5,1011.9,0.0,0.0,,,-1.5,0.4,-0.7,-0.3,-0.7,-1.0,,0.5,0.2,,-0.4,4.7,5.0,4.8,4.6,,,,227.0,224.0,4.6,4.6,3.4,2.5,1.3,3.4,2.8
06019,Silstrup,2025-11-16 04:00:00+00:00,2025-11-16,2025,11,16,4,0,56.93,8.6412,,,90.0,86.0,,,0.0,0.0,0.0,0.0,,1006.0,1011.4,0.0,0.0,,,-0.5,1.0,0.9,1.1,0.5,-0.6,,1.5,1.0,,0.5,4.8,4.8,4.7,4.6,,,,223.0,236.0,4.2,2.8,3.4,1.3,1.2,2.0,2.6
06019,Silstrup,2025-11-16 05:00:00+00:00,2025-11-16,2025,11,16,5,0,56.93,8.6412,,,90.0,90.0,,,0.0,0.0,0.0,0.0,,1005.0,1010.4,0.0,0.0,,,0.5,2.0,1.5,1.5,1.1,0.8,,2.1,1.6,,0.9,4.6,4.8,4.7,4.6,,,,262.0,240.0,3.9,3.4,2.8,2.2,1.6,2.8,2.6
06019,Silstrup,2025-11-16 06:00:00+00:00,2025-11-16,2025,11,16,6,0,56.93,8.6412,,,82.0,86.0,,,0.0,0.0,0.0,0.0,,1004.3,1009.8,0.0,0.0,,,-0.2,2.5,0.8,1.5,1.0,0.5,3.1,2.9,2.4,-0.4,2.0,4.7,4.7,4.6,4.5,,,,263.0,265.0,4.0,3.4,3.4,2.5,2.5,3.0,3.2
06019,Silstrup,2025-11-16 07:00:00+00:00,2025-11-16,2025,11,16,7,0,56.93,8.6412,,,85.0,83.0,,,0.0,0.0,0.0,0.0,,1003.8,1009.2,0.0,0.0,,,0.7,2.9,2.2,2.3,1.3,0.6,,3.3,2.6,,2.1,4.6,4.7,4.6,4.4,,,,277.0,276.0,4.0,3.5,3.4,2.2,2.2,2.8,3.1
06019,Silstrup,2025-11-16 08:00:00+00:00,2025-11-16,2025,11,16,8,0,56.93,8.6412,,,85.0,85.0,,,0.0,0.0,0.0,0.0,,1003.2,1008.5,30.0,13.0,,,1.4,3.6,2.5,2.6,2.3,2.0,,3.8,3.3,,2.7,4.6,4.7,4.6,4.4,,,,276.0,269.0,4.3,4.3,3.4,1.9,1.5,3.1,2.6
06019,Silstrup,2025-11-16 09:00:00+00:00,2025-11-16,2025,11,16,9,0,56.93,8.6412,,,87.0,87.0,,,0.0,0.0,0.0,0.0,,1002.5,1007.9,60.0,58.0,4.0,4.0,2.0,4.0,3.3,3.3,2.9,2.5,,4.1,3.8,,3.6,4.5,4.7,4.6,4.4,,,,241.0,259.0,3.9,2.5,3.1,1.5,1.3,2.0,2.5
06019,Silstrup,2025-11-16 10:00:00+00:00,2025-11-16,2025,11,16,10,0,56.93,8.6412,,,85.0,85.0,,,0.0,7.0,0.0,0.4,,1002.1,1007.4,161.0,72.0,8.0,24.0,3.9,6.3,6.4,6.4,4.6,3.2,,6.3,5.1,,4.0,4.6,4.9,4.8,4.5,,,,274.0,275.0,7.1,6.2,4.6,2.7,1.6,4.1,3.7
06019,Silstrup,2025-11-16 11:00:00+00:00,2025-11-16,2025,11,16,11,0,56.93,8.6412,,,77.0,81.0,,,0.0,0.0,0.0,0.0,,1001.0,1006.2,339.0,212.0,10.0,40.0,3.9,7.8,8.2,9.0,7.6,6.5,,8.2,7.2,,6.3,5.0,5.0,4.6,4.5,,,,273.0,277.0,9.6,8.8,6.0,3.8,1.6,6.0,4.5
06019,Silstrup,2025-11-16 12:00:00+00:00,2025-11-16,2025,11,16,12,0,56.93,8.6412,,,80.0,77.0,,,0.0,0.0,0.0,0.0,,1000.3,1005.6,97.0,168.0,0.0,29.0,4.1,7.3,7.2,9.3,8.3,7.2,8.5,8.5,7.9,-0.4,7.3,5.4,5.6,5.3,4.9,,,,286.0,279.0,10.1,7.6,6.8,3.3,3.2,5.3,5.9
06019,Silstrup,2025-11-16 13:00:00+00:00,2025-11-16,2025,11,16,13,0,56.93,8.6412,,,79.0,78.0,,,0.0,0.0,0.0,0.0,,999.2,1004.4,218.0,119.0,5.0,20.0,4.9,8.3,8.4,9.0,7.9,7.3,,8.5,7.8,,7.4,5.5,5.7,5.6,5.4,,,,272.0,278.0,9.6,7.6,7.2,3.4,2.8,5.2,6.1
06019,Silstrup,2025-11-16 14:00:00+00:00,2025-11-16,2025,11,16,14,0,56.93,8.6412,,,82.0,82.0,,,0.0,3.0,0.0,0.4,,998.3,1003.6,52.0,63.0,0.0,4.0,4.8,7.6,7.5,8.7,7.7,7.4,,8.4,7.7,,7.4,6.1,6.1,5.8,5.5,,,,277.0,281.0,13.0,10.4,8.2,4.4,3.4,7.2,7.2
06019,Silstrup,2025-11-16 15:00:00+00:00,2025-11-16,2025,11,16,15,0,56.93,8.6412,,,83.0,81.0,,,0.0,0.0,0.0,0.0,,998.0,1003.3,6.0,17.0,0.0,0.0,4.5,7.1,6.9,7.6,7.2,6.9,,7.7,7.4,,7.1,6.1,6.4,6.1,5.9,,,,289.0,286.0,10.7,8.0,8.2,3.9,3.3,5.7,6.2
06019,Silstrup,2025-11-16 16:00:00+00:00,2025-11-16,2025,11,16,16,0,56.93,8.6412,,,73.0,76.0,,,0.0,0.0,0.0,0.0,,997.6,1002.9,0.0,0.0,,0.0,2.4,6.9,6.3,6.9,6.3,6.0,,7.1,6.8,,6.6,6.1,6.3,6.1,6.0,,,,292.0,291.0,8.7,8.6,6.1,3.7,3.4,6.1,5.8
06019,Silstrup,2025-11-16 17:00:00+00:00,2025-11-16,2025,11,16,17,0,56.93,8.6412,,,76.0,75.0,,,0.0,0.0,0.0,0.0,,997.5,1002.8,0.0,0.0,,,2.8,6.8,6.0,6.3,6.0,5.8,,7.0,6.6,,6.4,6.2,6.3,6.2,6.1,,,,297.0,291.0,9.8,8.2,6.8,3.8,3.7,5.8,6.2
06019,Silstrup,2025-11-16 18:00:00+00:00,2025-11-16,2025,11,16,18,0,56.93,8.6412,,,74.0,74.0,,,0.0,0.0,0.0,0.0,,997.6,1002.9,0.0,0.0,,,2.1,6.4,5.8,6.5,6.1,5.8,8.5,7.0,6.7,2.1,6.3,6.1,6.2,6.1,6.0,,,,309.0,305.0,9.8,7.6,6.3,2.8,2.8,5.2,5.6
06019,Silstrup,2025-11-16 19:00:00+00:00,2025-11-16,2025,11,16,19,0,56.93,8.6412,,,68.0,71.0,,,0.0,0.0,0.0,0.0,,997.5,1002.8,0.0,0.0,,,0.6,6.1,5.6,5.9,5.6,5.3,,6.4,6.1,,5.9,5.9,6.1,5.9,5.9,,,,315.0,312.0,9.8,9.5,6.3,3.4,2.6,6.0,5.3
06019,Silstrup,2025-11-16 20:00:00+00:00,2025-11-16,2025,11,16,20,0,56.93,8.6412,,,66.0,66.0,,,0.0,0.0,0.0,0.0,,997.6,1002.9,0.0,0.0,,,-0.3,5.6,5.1,5.6,5.5,5.1,,6.3,6.1,,5.6,5.7,6.1,5.9,5.7,,,,323.0,319.0,11.2,6.4,6.2,1.9,1.9,3.9,5.4
06019,Silstrup,2025-11-16 21:00:00+00:00,2025-11-16,2025,11,16,21,0,56.93,8.6412,,,63.0,63.0,,,0.0,0.0,0.0,0.0,,997.4,1002.7,0.0,0.0,,,-0.9,5.7,5.0,5.2,5.0,4.7,,6.0,5.6,,5.3,5.8,5.9,5.8,5.7,,,,313.0,312.0,10.1,10.1,6.6,3.9,2.6,6.5,6.1
06019,Silstrup,2025-11-16 22:00:00+00:00,2025-11-16,2025,11,16,22,0,56.93,8.6412,,,64.0,65.0,,,0.0,0.0,0.0,0.0,,997.0,1002.3,0.0,0.0,,,-0.6,5.6,5.1,5.2,5.0,4.8,,5.8,5.6,,5.3,5.5,5.9,5.7,5.5,,,,314.0,312.0,9.4,8.4,6.4,2.8,2.1,4.9,4.7
06019,Silstrup,2025-11-16 23:00:00+00:00,2025-11-16,2025,11,16,23,0,56.93,8.6412,,,71.0,69.0,,,0.0,0.0,0.0,0.0,,996.7,1002.1,0.0,0.0,,,0.2,5.0,4.8,5.1,4.7,4.4,,5.6,5.1,,4.8,5.5,5.7,5.6,5.5,,,,322.0,314.0,6.2,4.1,4.9,1.2,1.2,2.5,3.4
06019,Silstrup,2025-11-17 00:00:00+00:00,2025-11-17,2025,11,17,0,0,56.93,8.6412,,,69.0,70.0,,,0.0,0.0,0.0,0.0,,996.5,1001.8,0.0,0.0,,,-0.2,5.0,4.6,5.1,4.8,4.6,8.5,5.6,5.2,4.8,5.0,5.5,5.6,5.5,5.4,,,,322.0,313.0,7.9,7.6,4.5,1.4,1.3,3.9,4.0
06019,Silstrup,2025-11-17 01:00:00+00:00,2025-11-17,2025,11,17,1,0,56.93,8.6412,,,70.0,68.0,,,0.0,0.0,0.0,0.0,,996.3,1001.7,0.0,0.0,,,-0.5,4.6,4.2,4.9,4.6,4.2,,5.5,5.1,,4.6,5.3,5.6,5.4,5.3,,,,317.0,315.0,9.8,6.7,6.0,2.4,1.4,4.2,4.6
06019,Silstrup,2025-11-17 02:00:00+00:00,2025-11-17,2025,11,17,2,0,56.93,8.6412,,,69.0,69.0,,,0.0,0.0,0.0,0.0,,996.6,1002.0,0.0,0.0,,,-1.3,4.0,3.4,4.3,3.8,3.3,,4.8,4.3,,3.7,5.4,5.5,5.4,5.2,,,,339.0,322.0,8.6,6.2,5.3,1.4,1.3,3.2,4.1
06019,Silstrup,2025-11-17 03:00:00+00:00,2025-11-17,2025,11,17,3,0,56.93,8.6412,,,71.0,70.0,,,0.0,0.0,0.0,0.0,,997.0,1002.4,0.0,0.0,,,-1.1,3.6,3.3,3.9,3.6,3.3,,4.2,4.0,,3.6,5.2,5.4,5.3,5.1,,,,331.0,338.0,6.3,5.1,5.3,1.5,1.2,2.8,3.3
06019,Silstrup,2025-11-17 04:00:00+00:00,2025-11-17,2025,11,17,4,0,56.93,8.6412,,,66.0,69.0,,,0.0,0.0,0.0,0.0,,997.6,1003.0,0.0,0.0,,,-2.1,3.6,3.1,3.6,3.3,3.1,,4.0,3.7,,3.5,5.2,5.4,5.2,5.1,,,,349.0,343.0,5.8,5.2,3.7,1.3,1.1,2.9,3.0
06019,Silstrup,2025-11-17 05:00:00+00:00,2025-11-17,2025,11,17,5,0,56.93,8.6412,,,63.0,65.0,,,0.0,0.0,0.0,0.0,,998.4,1003.8,0.0,0.0,,,-1.9,4.5,4.1,4.3,3.8,3.1,,4.7,4.2,,3.5,5.0,5.2,5.0,4.9,,,,10.0,360.0,9.5,7.2,4.9,2.0,1.3,4.4,3.7
06019,Silstrup,2025-11-17 06:00:00+00:00,2025-11-17,2025,11,17,6,0,56.93,8.6412,,,80.0,72.0,,,1.0,4.0,0.2,0.6,0.0,999.9,1005.2,0.0,0.0,,,0.2,3.3,2.8,4.0,3.4,2.7,6.4,4.4,3.8,2.9,2.9,5.0,5.2,5.0,4.9,,,,42.0,21.0,13.6,12.2,8.3,5.1,0.9,7.8,5.1
06019,Silstrup,2025-11-17 07:00:00+00:00,2025-11-17,2025,11,17,7,0,56.93,8.6412,,,86.0,85.0,,,6.0,12.0,0.5,0.7,0.2,1001.3,1006.7,0.0,0.0,,,0.1,2.2,2.3,2.8,2.3,1.7,,3.3,2.5,,1.7,4.9,5.1,5.0,4.9,,,,353.0,27.0,8.5,4.6,7.8,1.1,1.1,2.3,3.7
06019,Silstrup,2025-11-17 08:00:00+00:00,2025-11-17,2025,11,17,8,0,56.93,8.6412,,,76.0,87.0,,,0.0,6.0,0.0,0.9,,1002.7,1008.1,19.0,6.0,,,-0.7,3.1,2.5,2.5,2.0,1.4,,3.1,2.1,,1.3,4.9,5.1,4.9,4.8,,,,349.0,346.0,6.2,6.2,3.7,1.3,0.9,3.7,2.5
06019,Silstrup,2025-11-17 09:00:00+00:00,2025-11-17,2025,11,17,9,0,56.93,8.6412,,,70.0,72.0,,,0.0,0.0,0.0,0.0,,1003.5,1008.9,128.0,88.0,1.0,1.0,-0.9,4.0,3.7,3.7,3.3,2.5,,4.0,3.7,,3.3,4.9,5.0,4.9,4.8,,,,340.0,346.0,7.3,4.3,4.4,1.3,1.3,2.9,3.5
06019,Silstrup,2025-11-17 10:00:00+00:00,2025-11-17,2025,11,17,10,0,56.93,8.6412,,,63.0,67.0,,,0.0,0.0,0.0,0.0,,1004.2,1009.6,200.0,172.0,10.0,60.0,-1.0,5.4,5.8,5.8,4.6,3.8,,5.4,4.7,,4.0,4.7,5.0,4.8,4.6,,,,336.0,337.0,4.4,4.4,3.0,0.8,0.7,2.3,2.5
06019,Silstrup,2025-11-17 11:00:00+00:00,2025-11-17,2025,11,17,11,0,56.93,8.6412,,,53.0,57.0,,,0.0,0.0,0.0,0.0,,1004.2,1009.6,227.0,217.0,10.0,60.0,-2.8,6.1,6.6,6.7,6.3,5.8,,6.1,5.8,,5.4,4.7,4.7,4.7,4.6,,,,311.0,322.0,7.0,5.1,3.7,1.5,0.8,3.2,2.8
06019,Silstrup,2025-11-17 12:00:00+00:00,2025-11-17,2025,11,17,12,0,56.93,8.6412,,,54.0,52.0,,,0.0,0.0,0.0,0.0,,1004.3,1009.6,214.0,223.0,10.0,60.0,-2.3,6.3,6.6,6.7,6.6,6.5,6.3,6.3,6.2,1.3,6.1,5.4,5.4,5.0,4.7,,,,312.0,310.0,8.5,7.3,5.2,2.8,2.2,4.7,4.3
06019,Silstrup,2025-11-17 13:00:00+00:00,2025-11-17,2025,11,17,13,0,56.93,8.6412,,,56.0,54.0,,,0.0,0.0,0.0,0.0,,1004.5,1009.8,162.0,190.0,10.0,60.0,-2.0,6.1,6.2,6.7,6.5,6.2,,6.4,6.3,,6.1,5.7,5.7,5.5,5.3,,,,322.0,318.0,9.0,9.0,5.7,2.7,2.7,5.1,5.1
06019,Silstrup,2025-11-17 14:00:00+00:00,2025-11-17,2025,11,17,14,0,56.93,8.6412,,,60.0,58.0,,,0.0,0.0,0.0,0.0,,1004.4,1009.7,82.0,122.0,0.0,26.0,-1.5,5.7,5.7,6.2,6.0,5.7,,6.2,6.0,,5.7,5.4,5.8,5.6,5.4,,,,306.0,312.0,8.4,6.0,5.7,2.3,1.9,4.0,4.6
06019,Silstrup,2025-11-17 15:00:00+00:00,2025-11-17,2025,11,17,15,0,56.93,8.6412,,,65.0,63.0,,,0.0,0.0,0.0,0.0,,1004.4,1009.7,5.0,33.0,0.0,0.0,-1.6,4.3,3.7,5.7,4.8,3.7,,5.7,5.1,,4.3,5.3,5.7,5.4,5.3,,,,307.0,309.0,6.1,5.3,3.9,2.1,2.1,3.4,3.4
06019,Silstrup,2025-11-17 16:00:00+00:00,2025-11-17,2025,11,17,16,0,56.93,8.6412,,,63.0,63.0,,,0.0,0.0,0.0,0.0,,1004.4,1009.8,0.0,1.0,,0.0,-1.5,5.0,4.3,4.3,3.8,3.6,,5.1,4.6,,4.3,5.3,5.6,5.4,5.2,,,,308.0,305.0,7.3,7.3,4.6,2.6,2.0,4.4,4.0
06019,Silstrup,2025-11-17 17:00:00+00:00,2025-11-17,2025,11,17,17,0,56.93,8.6412,,,68.0,65.0,,,0.0,0.0,0.0,0.0,,1004.4,1009.8,0.0,0.0,,,0.4,5.9,5.5,5.6,4.8,4.3,,6.2,5.5,,5.0,5.2,5.4,5.3,5.2,,,,312.0,310.0,11.6,11.6,6.4,3.8,2.2,6.4,5.4
06019,Silstrup,2025-11-17 18:00:00+00:00,2025-11-17,2025,11,17,18,0,56.93,8.6412,,,68.0,68.0,,,0.0,0.0,0.0,0.0,,1004.8,1010.1,0.0,0.0,,,0.3,5.8,5.3,5.8,5.4,5.2,6.4,6.4,5.9,1.3,5.7,5.1,5.3,5.2,5.1,,,,300.0,303.0,11.0,9.2,7.1,3.0,3.0,5.3,6.0
06019,Silstrup,2025-11-17 19:00:00+00:00,2025-11-17,2025,11,17,19,0,56.93,8.6412,,,70.0,70.0,,,0.0,0.0,0.0,0.0,,1004.5,1009.9,0.0,0.0,,,1.0,6.0,5.5,5.6,5.5,5.3,,6.1,6.0,,5.8,5.2,5.3,5.2,5.1,,,,300.0,300.0,11.3,9.5,7.1,4.0,2.6,6.7,6.1
06019,Silstrup,2025-11-17 20:00:00+00:00,2025-11-17,2025,11,17,20,0,56.93,8.6412,,,70.0,70.0,,,0.0,0.0,0.0,0.0,,1004.5,1009.8,0.0,0.0,,,0.3,5.3,5.0,5.5,5.2,4.8,,6.0,5.6,,5.3,5.1,5.4,5.3,5.1,,,,315.0,309.0,9.8,8.3,6.9,3.0,2.6,4.8,5.4
06019,Silstrup,2025-11-17 21:00:00+00:00,2025-11-17,2025,11,17,21,0,56.93,8.6412,,,72.0,71.0,,,0.0,0.0,0.0,0.0,,1004.1,1009.5,0.0,0.0,,,0.4,5.1,4.6,4.9,4.7,4.6,,5.4,5.2,,5.1,5.2,5.3,5.2,5.1,,,,310.0,314.0,8.1,6.7,4.8,2.1,2.1,4.1,4.3
06019,Silstrup,2025-11-17 22:00:00+00:00,2025-11-17,2025,11,17,22,0,56.93,8.6412,,,73.0,73.0,,,0.0,0.0,0.0,0.0,,1003.7,1009.1,0.0,0.0,,,0.7,5.1,4.6,4.9,4.6,4.3,,5.4,5.1,,4.8,5.1,5.3,5.1,5.0,,,,309.0,304.0,7.5,5.9,4.5,2.3,2.2,3.9,3.9
06019,Silstrup,2025-11-17 23:00:00+00:00,2025-11-17,2025,11,17,23,0,56.93,8.6412,,,73.0,73.0,,,0.0,0.0,0.0,0.0,,1003.5,1008.9,0.0,0.0,,,0.6,5.1,4.6,4.7,4.5,4.2,,5.2,5.0,,4.7,5.0,5.2,5.0,4.9,,,,293.0,302.0,6.1,5.4,3.9,2.6,1.7,3.6,3.4
06019,Silstrup,2025-11-18 00:00:00+00:00,2025-11-18,2025,11,18,0,0,56.93,8.6412,,,68.0,69.0,,,0.0,0.0,0.0,0.0,,1003.1,1008.5,0.0,0.0,,,0.3,5.8,5.4,5.6,5.3,4.6,6.4,6.1,5.7,4.3,5.0,5.0,5.1,5.0,4.9,,,,294.0,295.0,9.1,7.7,6.3,2.8,2.5,4.8,5.2
06019,Silstrup,2025-11-18 01:00:00+00:00,2025-11-18,2025,11,18,1,0,56.93,8.6412,,,66.0,68.0,,,0.0,0.0,0.0,0.0,,1002.7,1008.1,0.0,0.0,,,0.0,5.8,5.3,5.7,5.5,5.3,,6.1,5.9,,5.6,5.0,5.2,5.1,5.0,,,,301.0,298.0,9.5,9.2,6.0,3.1,2.8,5.7,5.6
06019,Silstrup,2025-11-18 02:00:00+00:00,2025-11-18,2025,11,18,2,0,56.93,8.6412,,,69.0,65.0,,,0.0,0.0,0.0,0.0,,1002.6,1008.0,0.0,0.0,,,-0.1,5.2,4.7,5.4,5.1,4.7,,5.9,5.6,,5.1,5.1,5.1,5.1,4.9,,,,301.0,296.0,10.2,9.1,6.7,3.1,3.1,5.0,5.9
06019,Silstrup,2025-11-18 03:00:00+00:00,2025-11-18,2025,11,18,3,0,56.93,8.6412,,,69.0,67.0,,,0.0,0.0,0.0,0.0,,1002.4,1007.7,0.0,0.0,,,0.2,5.6,5.1,5.2,5.0,4.7,,5.7,5.5,,5.3,4.9,5.2,5.1,4.9,,,,293.0,297.0,10.7,10.7,7.3,4.6,3.3,7.1,6.5
06019,Silstrup,2025-11-18 04:00:00+00:00,2025-11-18,2025,11,18,4,0,56.93,8.6412,,,67.0,65.0,,,0.0,0.0,0.0,0.0,,1002.2,1007.5,0.0,0.0,,,-0.1,5.5,5.1,5.3,5.1,5.0,,5.8,5.6,,5.4,5.0,5.1,5.0,4.9,,,,294.0,296.0,10.6,9.6,7.1,2.9,2.9,6.1,6.0
06019,Silstrup,2025-11-18 05:00:00+00:00,2025-11-18,2025,11,18,5,0,56.93,8.6412,,,66.0,67.0,,,0.0,0.0,0.0,0.0,,1001.9,1007.3,0.0,0.0,,,-0.4,5.4,4.9,5.1,5.0,4.8,,5.7,5.4,,5.2,4.9,5.1,5.0,4.9,,,,295.0,294.0,10.6,9.4,6.2,3.3,3.0,5.6,5.8
06019,Silstrup,2025-11-18 06:00:00+00:00,2025-11-18,2025,11,18,6,0,56.93,8.6412,,,64.0,64.0,,,0.0,0.0,0.0,0.0,,1001.8,1007.1,0.0,0.0,,,-1.0,5.2,4.6,5.1,4.7,4.4,6.1,5.6,5.2,4.7,4.9,4.8,5.1,5.0,4.8,,,,296.0,297.0,10.9,9.4,6.5,3.0,3.0,5.8,5.8
06019,Silstrup,2025-11-18 07:00:00+00:00,2025-11-18,2025,11,18,7,0,56.93,8.6412,,,69.0,66.0,,,0.0,0.0,0.0,0.0,,1001.8,1007.2,0.0,0.0,,,-0.3,4.9,4.3,4.7,4.4,4.1,,5.2,4.9,,4.6,4.9,5.1,4.9,4.8,,,,292.0,294.0,9.3,7.6,6.3,3.6,3.1,5.4,5.7
06019,Silstrup,2025-11-18 08:00:00+00:00,2025-11-18,2025,11,18,8,0,56.93,8.6412,,,65.0,67.0,,,0.0,0.0,0.0,0.0,,1001.9,1007.2,36.0,12.0,,,-1.3,4.6,4.1,4.4,4.2,4.0,,5.0,4.7,,4.5,4.9,5.0,4.9,4.8,,,,293.0,298.0,8.9,7.2,5.5,2.8,2.4,4.7,4.9
06019,Silstrup,2025-11-18 09:00:00+00:00,2025-11-18,2025,11,18,9,0,56.93,8.6412,,,70.0,65.0,,,0.0,0.0,0.0,0.0,,1001.9,1007.3,69.0,55.0,1.0,1.0,-0.2,4.9,4.6,4.7,4.5,4.1,,5.1,4.9,,4.7,4.9,5.0,4.9,4.8,,,,288.0,296.0,8.6,7.1,5.6,2.8,2.8,4.3,4.9
06019,Silstrup,2025-11-18 10:00:00+00:00,2025-11-18,2025,11,18,10,0,56.93,8.6412,,,67.0,67.0,,,0.0,0.0,0.0,0.0,,1001.7,1007.1,257.0,110.0,10.0,60.0,0.1,5.8,5.8,5.8,5.2,4.6,,5.8,5.4,,4.9,4.7,5.0,4.8,4.7,,,,296.0,297.0,8.9,8.9,6.0,3.8,2.2,5.8,5.0
06019,Silstrup,2025-11-18 11:00:00+00:00,2025-11-18,2025,11,18,11,0,56.93,8.6412,,,64.0,65.0,,,0.0,0.0,0.0,0.0,,1001.3,1006.7,207.0,207.0,10.0,60.0,-0.3,5.9,6.1,7.4,6.6,5.9,,6.6,6.2,,5.8,4.9,5.2,5.0,4.7,,,,300.0,300.0,9.9,9.8,6.2,3.4,2.0,6.1,5.6
06019,Silstrup,2025-11-18 12:00:00+00:00,2025-11-18,2025,11,18,12,0,56.93,8.6412,,,66.0,66.0,,,0.0,0.0,0.0,0.0,,1001.2,1006.5,177.0,173.0,8.0,50.0,0.1,6.0,6.1,6.6,6.3,6.0,6.6,6.2,5.9,4.5,5.7,5.1,5.4,5.1,4.9,,,,291.0,294.0,9.5,9.0,6.1,3.3,2.5,5.8,5.3
06019,Silstrup,2025-11-18 13:00:00+00:00,2025-11-18,2025,11,18,13,0,56.93,8.6412,,,67.0,66.0,,,0.0,0.0,0.0,0.0,,1000.8,1006.2,93.0,152.0,8.0,41.0,0.5,6.1,6.3,6.8,6.3,5.9,,6.4,6.1,,5.8,5.2,5.5,5.2,5.1,,,,291.0,291.0,9.4,8.8,6.4,3.4,2.5,5.8,5.6
06019,Silstrup,2025-11-18 14:00:00+00:00,2025-11-18,2025,11,18,14,0,56.93,8.6412,,,67.0,66.0,,,0.0,0.0,0.0,0.0,,1000.5,1005.9,41.0,73.0,0.0,0.0,-0.6,5.0,4.7,6.3,5.4,4.7,,6.1,5.5,,5.0,5.5,5.8,5.6,5.2,,,,289.0,291.0,9.2,6.3,6.3,2.9,2.6,4.4,4.8
06019,Silstrup,2025-11-18 15:00:00+00:00,2025-11-18,2025,11,18,15,0,56.93,8.6412,,,68.0,67.0,,,0.0,0.0,0.0,0.0,,1000.5,1005.9,4.0,24.0,0.0,0.0,-1.6,3.8,3.1,4.7,4.1,3.1,,5.0,4.5,,3.8,5.6,5.6,5.4,5.3,,,,293.0,293.0,7.8,4.0,4.4,2.0,2.0,2.8,3.8
06019,Silstrup,2025-11-18 16:00:00+00:00,2025-11-18,2025,11,18,16,0,56.93,8.6412,,,70.0,68.0,,,0.0,0.0,0.0,0.0,,1000.3,1005.7,0.0,0.0,,0.0,-2.2,2.8,1.2,3.0,1.9,1.2,,3.8,3.4,,2.7,5.4,5.6,5.3,5.2,,,,287.0,289.0,4.5,3.4,2.8,1.9,1.2,2.6,2.4
06019,Silstrup,2025-11-18 17:00:00+00:00,2025-11-18,2025,11,18,17,0,56.93,8.6412,,,70.0,69.0,,,0.0,0.0,0.0,0.0,,1000.1,1005.5,0.0,0.0,,,-2.0,2.8,1.5,2.2,1.7,1.0,,3.6,3.0,,2.4,5.1,5.4,5.2,5.0,,,,284.0,288.0,4.8,4.5,3.4,2.4,1.9,3.4,3.1
06019,Silstrup,2025-11-18 18:00:00+00:00,2025-11-18,2025,11,18,18,0,56.93,8.6412,,,73.0,72.0,,,0.0,0.0,0.0,0.0,,999.9,1005.3,0.0,0.0,,,-1.2,3.2,0.8,2.1,1.5,0.7,6.6,3.4,3.0,2.4,2.4,5.0,5.2,5.0,4.8,,,,276.0,284.0,4.5,3.6,3.4,2.0,1.7,2.6,2.7
06019,Silstrup,2025-11-18 19:00:00+00:00,2025-11-18,2025,11,18,19,0,56.93,8.6412,,,72.0,74.0,,,0.0,0.0,0.0,0.0,,999.9,1005.3,0.0,0.0,,,-1.4,3.3,1.2,1.2,1.0,0.7,,3.4,2.9,,2.4,4.7,5.0,4.9,4.7,,,,295.0,279.0,4.3,3.0,3.3,1.2,1.2,2.1,2.6
06019,Silstrup,2025-11-18 20:00:00+00:00,2025-11-18,2025,11,18,20,0,56.93,8.6412,,,76.0,72.0,,,0.0,0.0,0.0,0.0,,999.7,1005.1,0.0,0.0,,,-1.4,2.4,1.5,1.8,1.6,1.2,,3.9,3.1,,2.2,4.7,4.8,4.7,4.6,,,,276.0,288.0,3.1,3.0,2.6,2.2,1.2,2.6,2.1
06019,Silstrup,2025-11-18 21:00:00+00:00,2025-11-18,2025,11,18,21,0,56.93,8.6412,,,74.0,75.0,,,0.0,0.0,0.0,0.0,,999.5,1004.9,0.0,0.0,,,-1.4,2.8,0.8,1.6,1.2,0.8,,2.9,2.6,,2.2,4.4,4.7,4.6,4.4,,,,256.0,264.0,3.1,3.1,2.6,2.1,1.6,2.4,2.2
06019,Silstrup,2025-11-18 22:00:00+00:00,2025-11-18,2025,11,18,22,0,56.93,8.6412,,,78.0,77.0,,,0.0,0.0,0.0,0.0,,999.2,1004.6,0.0,0.0,,,-1.5,1.9,1.1,1.3,1.1,0.7,,2.8,2.2,,1.9,4.5,4.6,4.5,4.4,,,,246.0,255.0,2.8,2.2,2.4,1.4,1.2,1.8,1.8
06019,Silstrup,2025-11-18 23:00:00+00:00,2025-11-18,2025,11,18,23,0,56.93,8.6412,,,72.0,72.0,,,0.0,0.0,0.0,0.0,,999.0,1004.4,0.0,0.0,,,-1.6,2.9,1.0,1.4,1.1,0.8,,3.6,3.1,,1.8,4.4,4.6,4.5,4.4,,,,253.0,247.0,2.7,2.3,2.1,1.4,1.2,1.9,1.8
06019,Silstrup,2025-11-19 00:00:00+00:00,2025-11-19,2025,11,19,0,0,56.93,8.6412,,,84.0,76.0,,,0.0,0.0,0.0,0.0,,999.0,1004.4,0.0,0.0,,,-0.2,2.3,1.5,1.5,0.8,0.4,6.4,3.0,2.5,1.8,1.8,4.4,4.5,4.4,4.3,,,,286.0,262.0,5.2,5.2,3.3,1.2,0.5,3.3,2.1
06019,Silstrup,2025-11-19 01:00:00+00:00,2025-11-19,2025,11,19,1,0,56.93,8.6412,,,91.0,86.0,,,0.0,0.0,0.0,0.0,,998.5,1004.0,0.0,0.0,,,0.1,1.5,0.9,2.3,1.7,0.7,,2.6,2.1,,1.1,4.4,4.4,4.3,4.2,,,,191.0,281.0,5.2,3.0,3.3,1.4,0.0,2.3,2.0
06019,Silstrup,2025-11-19 02:00:00+00:00,2025-11-19,2025,11,19,2,0,56.93,8.6412,,,89.0,88.0,,,0.0,0.0,0.0,0.0,,998.4,1003.8,0.0,0.0,,,0.1,1.7,0.8,1.1,0.9,0.7,,2.6,2.0,,1.4,4.3,4.4,4.3,4.2,,,,185.0,187.0,3.1,2.8,2.3,1.6,1.2,2.1,1.9
06019,Silstrup,2025-11-19 03:00:00+00:00,2025-11-19,2025,11,19,3,0,56.93,8.6412,,,87.0,92.0,,,0.0,2.0,0.0,0.2,,998.3,1003.7,0.0,0.0,,,0.3,2.3,2.0,2.3,1.8,0.9,,2.4,2.0,,1.7,4.3,4.4,4.3,4.1,,,,274.0,209.0,3.9,3.3,2.8,0.1,0.1,1.2,2.3
06019,Silstrup,2025-11-19 04:00:00+00:00,2025-11-19,2025,11,19,4,0,56.93,8.6412,,,77.0,84.0,,,0.0,0.0,0.0,0.0,,998.1,1003.5,0.0,0.0,,,-1.4,2.3,0.7,2.0,1.6,0.7,,2.3,2.1,,1.9,4.2,4.4,4.2,4.1,,,,302.0,318.0,4.0,2.1,2.6,1.4,0.0,1.8,1.6
06019,Silstrup,2025-11-19 05:00:00+00:00,2025-11-19,2025,11,19,5,0,56.93,8.6412,,,82.0,79.0,,,0.0,0.0,0.0,0.0,,998.1,1003.5,0.0,0.0,,,-0.6,2.1,0.4,0.9,0.6,0.3,,2.3,2.0,,1.7,4.1,4.3,4.2,4.1,,,,332.0,310.0,2.8,1.9,1.9,0.6,0.6,1.3,1.4
06019,Silstrup,2025-11-19 06:00:00+00:00,2025-11-19,2025,11,19,6,0,56.93,8.6412,,,77.0,80.0,,,0.0,0.0,0.0,0.0,,998.2,1003.6,0.0,0.0,,,-1.9,1.8,-0.2,0.8,0.5,-0.2,3.9,2.2,1.9,1.1,1.6,4.0,4.2,4.1,4.0,,,,330.0,334.0,2.2,1.8,1.4,0.5,0.4,1.1,1.2
06019,Silstrup,2025-11-19 07:00:00+00:00,2025-11-19,2025,11,19,7,0,56.93,8.6412,,,78.0,80.0,,,0.0,0.0,0.0,0.0,,998.6,1004.0,0.0,0.0,,,-2.1,1.3,-0.9,-0.3,-1.0,-1.7,,1.7,1.2,,0.6,4.1,4.2,4.1,4.0,,,,320.0,315.0,2.3,2.3,1.6,1.1,0.1,1.6,1.1
06019,Silstrup,2025-11-19 08:00:00+00:00,2025-11-19,2025,11,19,8,0,56.93,8.6412,,,74.0,77.0,,,0.0,0.0,0.0,0.0,,998.6,1004.0,16.0,7.0,,,-2.9,1.3,-0.4,-0.2,-0.4,-0.9,,1.3,1.0,,0.7,3.9,4.1,3.9,3.8,,,,314.0,325.0,3.1,2.3,2.6,1.4,1.3,1.9,2.2
06019,Silstrup,2025-11-19 09:00:00+00:00,2025-11-19,2025,11,19,9,0,56.93,8.6412,,,76.0,75.0,,,0.0,0.0,0.0,0.0,,998.8,1004.2,33.0,22.0,0.0,0.0,-2.7,1.1,-0.4,-0.1,-0.4,-0.6,,1.8,1.2,,0.6,3.8,4.0,3.9,3.8,,,,288.0,299.0,2.1,1.3,1.9,0.0,0.0,0.9,1.2
06019,Silstrup,2025-11-19 10:00:00+00:00,2025-11-19,2025,11,19,10,0,56.93,8.6412,,,85.0,82.0,,,0.0,0.0,0.0,0.0,,999.1,1004.5,114.0,119.0,10.0,47.0,0.5,2.8,3.1,3.1,1.0,-0.5,,2.8,1.8,,0.9,4.0,4.0,4.0,3.8,,,,56.0,50.0,6.1,4.9,4.3,2.3,0.0,3.4,2.7
06019,Silstrup,2025-11-19 11:00:00+00:00,2025-11-19,2025,11,19,11,0,56.93,8.6412,,,87.0,85.0,,,0.0,6.0,0.0,0.4,,999.0,1004.4,92.0,192.0,0.0,35.0,0.4,2.4,2.5,4.5,3.1,2.3,,3.2,2.4,,1.7,4.0,4.1,3.9,3.6,,,,40.0,34.0,8.0,5.5,3.9,2.3,0.7,3.8,3.4
06019,Silstrup,2025-11-19 12:00:00+00:00,2025-11-19,2025,11,19,12,0,56.93,8.6412,,,86.0,88.0,,,0.0,0.0,0.0,0.0,,999.0,1004.4,114.0,169.0,10.0,44.0,0.5,2.6,3.4,3.5,2.8,2.3,3.2,2.8,2.4,0.6,2.1,3.7,4.1,3.8,3.7,,,,47.0,49.0,7.2,4.8,5.0,2.4,2.1,3.6,4.2
06019,Silstrup,2025-11-19 13:00:00+00:00,2025-11-19,2025,11,19,13,0,56.93,8.6412,,,86.0,79.0,,,0.0,0.0,0.0,0.0,,999.4,1004.9,24.0,197.0,0.0,48.0,-0.9,1.3,2.0,4.7,3.8,2.0,,3.3,2.6,,1.3,4.1,4.3,4.0,3.7,,,,347.0,355.0,9.2,9.2,4.6,1.1,0.6,4.4,3.3
06019,Silstrup,2025-11-19 14:00:00+00:00,2025-11-19,2025,11,19,14,0,56.93,8.6412,,,87.0,90.0,,,0.0,8.0,0.0,0.3,,998.9,1004.3,95.0,51.0,1.0,1.0,-0.3,1.6,2.2,2.2,1.6,1.4,,1.6,1.1,,0.8,4.1,4.1,4.1,4.0,,,,27.0,351.0,5.4,3.6,4.5,1.3,0.0,2.3,2.0
06019,Silstrup,2025-11-19 15:00:00+00:00,2025-11-19,2025,11,19,15,0,56.93,8.6412,,,91.0,87.0,,,0.0,0.0,0.0,0.0,,999.2,1004.6,4.0,35.0,0.0,1.0,0.0,1.3,1.1,2.2,1.6,1.1,,1.7,1.4,,1.3,4.2,4.5,4.3,4.1,,,,65.0,49.0,5.5,5.3,3.8,1.9,1.2,3.6,3.3
06019,Silstrup,2025-11-19 16:00:00+00:00,2025-11-19,2025,11,19,16,0,56.93,8.6412,,,95.0,91.0,,,0.0,0.0,0.0,0.0,,999.4,1004.8,0.0,0.0,,0.0,-1.2,-0.5,-0.6,1.1,0.2,-0.7,,1.4,0.6,,-0.6,4.3,4.6,4.4,4.2,,,,317.0,16.0,4.2,3.1,3.4,1.6,0.8,2.2,2.0
06019,Silstrup,2025-11-19 17:00:00+00:00,2025-11-19,2025,11,19,17,0,56.93,8.6412,,,95.0,95.0,,,0.0,0.0,0.0,0.0,,999.5,1004.9,0.0,0.0,,,-0.5,0.2,-0.1,0.3,-0.2,-0.7,,0.3,0.0,,-0.5,4.2,4.4,4.3,4.2,,,,42.0,22.0,3.6,2.6,2.5,1.2,0.6,1.9,1.8
06019,Silstrup,2025-11-19 18:00:00+00:00,2025-11-19,2025,11,19,18,0,56.93,8.6412,,,96.0,96.0,,,0.0,0.0,0.0,0.0,,999.5,1005.0,0.0,0.0,,,-0.9,-0.3,-1.9,0.1,-1.0,-2.3,3.3,0.2,-0.1,-0.6,-0.4,4.1,4.2,4.1,4.0,,,,2.0,22.0,2.0,1.7,1.8,0.4,0.0,1.1,0.8
06019,Silstrup,2025-11-19 19:00:00+00:00,2025-11-19,2025,11,19,19,0,56.93,8.6412,,,95.0,95.0,,,0.0,0.0,0.0,0.0,,999.8,1005.2,0.0,0.0,,,-1.0,-0.2,-2.4,-1.5,-1.9,-2.7,,-0.1,-0.3,,-0.7,3.9,4.1,4.0,3.8,,,,52.0,27.0,2.5,2.5,2.0,0.7,0.5,1.3,1.4
06019,Silstrup,2025-11-19 20:00:00+00:00,2025-11-19,2025,11,19,20,0,56.93,8.6412,,,95.0,94.0,,,0.0,0.0,0.0,0.0,,999.9,1005.4,0.0,0.0,,,-0.6,0.1,-1.2,-0.1,-1.2,-2.5,,0.8,0.3,,-0.3,3.8,4.0,3.9,3.8,,,,20.0,50.0,4.6,1.7,2.9,0.1,0.1,0.9,1.9
06019,Silstrup,2025-11-19 21:00:00+00:00,2025-11-19,2025,11,19,21,0,56.93,8.6412,,,86.0,94.0,,,0.0,0.0,0.0,0.0,,1000.0,1005.4,0.0,0.0,,,-2.0,0.1,-1.2,-1.2,-1.4,-1.8,,0.1,-0.7,,-1.2,3.7,3.9,3.8,3.6,,,,55.0,16.0,4.2,4.2,2.8,2.0,0.1,2.8,1.9
06019,Silstrup,2025-11-19 22:00:00+00:00,2025-11-19,2025,11,19,22,0,56.93,8.6412,,,84.0,86.0,,,0.0,0.0,0.0,0.0,,999.9,1005.3,0.0,0.0,,,-2.2,0.2,-0.6,-0.5,-1.5,-2.3,,0.3,-0.2,,-1.0,3.6,3.8,3.6,3.5,,,,57.0,51.0,5.5,5.5,3.6,2.0,1.3,3.5,2.6
06019,Silstrup,2025-11-19 23:00:00+00:00,2025-11-19,2025,11,19,23,0,56.93,8.6412,,,87.0,86.0,,,0.0,0.0,0.0,0.0,,1000.1,1005.6,0.0,0.0,,,-3.0,-1.1,-2.3,-0.4,-1.3,-2.3,,0.3,-0.5,,-1.2,3.4,3.7,3.5,3.4,,,,37.0,41.0,4.6,2.7,3.4,1.4,0.8,2.0,2.3
06019,Silstrup,2025-11-20 00:00:00+00:00,2025-11-20,2025,11,20,0,0,56.93,8.6412,,,86.0,87.0,,,0.0,0.0,0.0,0.0,,1000.4,1005.8,0.0,0.0,,,-3.3,-1.3,-1.7,-1.4,-1.8,-2.7,3.3,-0.4,-0.9,-1.3,-1.3,3.4,3.6,3.5,3.4,,,,30.0,38.0,3.8,3.2,2.6,0.6,0.4,1.9,2.2
06019,Silstrup,2025-11-20 01:00:00+00:00,2025-11-20,2025,11,20,1,0,56.93,8.6412,,,87.0,88.0,,,0.0,0.0,0.0,0.0,,1000.4,1005.8,0.0,0.0,,,-1.9,-0.1,-0.5,-0.5,-1.4,-2.3,,-0.1,-0.8,,-1.4,3.5,3.6,3.4,3.3,,,,52.0,52.0,4.7,4.7,3.1,2.1,1.2,3.1,2.7
06019,Silstrup,2025-11-20 02:00:00+00:00,2025-11-20,2025,11,20,2,0,56.93,8.6412,,,95.0,90.0,,,0.0,0.0,0.0,0.0,,1000.6,1006.0,0.0,0.0,,,-0.9,-0.2,-0.4,-0.3,-0.5,-0.7,,0.2,-0.2,,-0.4,3.5,3.5,3.4,3.3,,,,61.0,61.0,7.4,3.4,4.4,1.4,1.4,2.4,3.7
06019,Silstrup,2025-11-20 03:00:00+00:00,2025-11-20,2025,11,20,3,0,56.93,8.6412,,,90.0,94.0,,,0.0,0.0,0.0,0.0,,1000.6,1006.1,0.0,0.0,,,-2.2,-0.8,-1.5,-0.4,-1.1,-2.2,,-0.2,-0.9,,-1.5,3.4,3.5,3.4,3.2,,,,44.0,36.0,4.2,4.1,3.0,1.5,0.4,2.3,2.1
06019,Silstrup,2025-11-20 04:00:00+00:00,2025-11-20,2025,11,20,4,0,56.93,8.6412,,,82.0,86.0,,,0.0,0.0,0.0,0.0,,1000.8,1006.2,0.0,0.0,,,-2.6,0.1,-0.3,-0.3,-0.8,-1.4,,0.1,-0.5,,-0.9,3.2,3.5,3.3,3.2,,,,50.0,42.0,4.8,4.2,3.0,1.9,0.6,2.9,2.3
06019,Silstrup,2025-11-20 05:00:00+00:00,2025-11-20,2025,11,20,5,0,56.93,8.6412,,,83.0,83.0,,,0.0,0.0,0.0,0.0,,1001.0,1006.4,0.0,0.0,,,-2.5,0.1,-0.1,-0.1,-0.3,-0.5,,0.1,-0.2,,-0.4,3.2,3.4,3.3,3.1,,,,53.0,44.0,5.3,5.1,3.6,2.4,0.9,3.3,2.8
06019,Silstrup,2025-11-20 06:00:00+00:00,2025-11-20,2025,11,20,6,0,56.93,8.6412,,,87.0,83.0,,,0.0,0.0,0.0,0.0,,1001.3,1006.7,0.0,0.0,,,-1.8,0.1,0.2,0.3,0.1,-0.2,0.8,0.4,0.2,-1.5,0.0,3.1,3.3,3.2,3.0,,,,36.0,46.0,6.7,5.9,4.4,2.7,1.7,4.1,3.5
06019,Silstrup,2025-11-20 07:00:00+00:00,2025-11-20,2025,11,20,7,0,56.93,8.6412,,,84.0,86.0,,,0.0,0.0,0.0,0.0,,1001.8,1007.2,0.0,0.0,,,-1.4,0.9,0.9,0.9,0.6,0.2,,1.1,0.6,,0.1,3.0,3.2,3.1,3.0,,,,55.0,36.0,7.9,4.1,4.8,1.9,1.9,2.8,3.7
06019,Silstrup,2025-11-20 08:00:00+00:00,2025-11-20,2025,11,20,8,0,56.93,8.6412,,,77.0,80.0,,,0.0,0.0,0.0,0.0,,1002.5,1007.9,9.0,4.0,,,-2.8,0.8,0.8,0.9,0.8,0.6,,1.0,0.8,,0.6,3.1,3.3,3.1,3.0,,,,48.0,45.0,3.5,3.3,2.8,1.4,1.4,2.3,2.3
06019,Silstrup,2025-11-20 09:00:00+00:00,2025-11-20,2025,11,20,9,0,56.93,8.6412,,,75.0,77.0,,,0.0,0.0,0.0,0.0,,1003.0,1008.5,47.0,25.0,1.0,1.0,-2.8,1.1,1.2,1.2,0.9,0.8,,1.1,0.9,,0.7,3.1,3.2,3.1,3.0,,,,15.0,30.0,6.1,4.4,3.4,1.6,1.2,2.7,2.9
06019,Silstrup,2025-11-20 10:00:00+00:00,2025-11-20,2025,11,20,10,0,56.93,8.6412,,,75.0,73.0,,,0.0,0.0,0.0,0.0,,1003.4,1008.9,81.0,65.0,9.0,45.0,-2.7,1.3,1.4,1.4,1.1,1.0,,1.4,1.2,,1.0,3.4,3.4,3.2,3.0,,,,23.0,29.0,8.9,8.9,6.5,2.8,2.2,5.4,5.6
06019,Silstrup,2025-11-20 11:00:00+00:00,2025-11-20,2025,11,20,11,0,56.93,8.6412,,,71.0,73.0,,,0.0,0.0,0.0,0.0,,1003.5,1008.9,79.0,110.0,0.0,41.0,-3.0,1.7,2.1,2.5,1.8,1.4,,2.2,1.6,,1.3,3.0,3.4,3.2,3.0,,,,13.0,13.0,7.9,6.6,6.5,1.8,1.3,4.3,4.4
06019,Silstrup,2025-11-20 12:00:00+00:00,2025-11-20,2025,11,20,12,0,56.93,8.6412,,,75.0,70.0,,,0.0,0.0,0.0,0.0,,1003.6,1009.0,68.0,115.0,0.0,15.0,-2.1,1.9,2.6,3.1,2.4,2.0,2.5,2.5,2.0,-1.5,1.7,3.3,3.3,3.2,3.0,,,,4.0,16.0,7.7,5.7,5.3,2.1,0.8,3.7,4.5
06019,Silstrup,2025-11-20 13:00:00+00:00,2025-11-20,2025,11,20,13,0,56.93,8.6412,,,67.0,73.0,,,0.0,0.0,0.0,0.0,,1003.8,1009.2,73.0,124.0,9.0,31.0,-2.8,2.7,3.6,3.7,2.7,2.0,,2.9,2.0,,1.4,3.1,3.4,3.2,3.1,,,,358.0,359.0,7.8,6.7,5.3,1.5,0.7,3.7,2.9
06019,Silstrup,2025-11-20 14:00:00+00:00,2025-11-20,2025,11,20,14,0,56.93,8.6412,,,69.0,66.0,,,0.0,0.0,0.0,0.0,,1004.3,1009.7,22.0,78.0,0.0,19.0,-3.0,2.0,2.3,3.5,2.7,2.3,,2.7,2.2,,1.9,3.3,3.4,3.2,3.1,,,,2.0,3.0,8.9,6.1,4.7,1.3,1.3,3.3,3.9
06019,Silstrup,2025-11-20 15:00:00+00:00,2025-11-20,2025,11,20,15,0,56.93,8.6412,,,66.0,67.0,,,0.0,0.0,0.0,0.0,,1004.9,1010.3,3.0,17.0,0.0,0.0,-4.2,1.4,1.5,2.3,2.0,1.5,,2.0,1.8,,1.4,3.4,3.7,3.4,3.3,,,,360.0,5.0,7.6,5.6,4.1,0.9,0.9,2.9,3.5
06019,Silstrup,2025-11-20 16:00:00+00:00,2025-11-20,2025,11,20,16,0,56.93,8.6412,,,79.0,76.0,,,1.0,5.0,0.0,0.2,,1005.5,1011.0,0.0,0.0,,0.0,-2.1,1.1,1.4,1.5,1.3,1.1,,1.4,1.2,,0.9,3.6,3.8,3.6,3.4,,,,6.0,6.0,7.8,2.8,4.3,0.2,0.2,1.4,2.9
06019,Silstrup,2025-11-20 17:00:00+00:00,2025-11-20,2025,11,20,17,0,56.93,8.6412,,,70.0,69.0,,,0.0,0.0,0.0,0.0,,1006.3,1011.7,0.0,0.0,,,-3.2,1.7,1.7,1.7,1.4,1.1,,1.7,1.4,,1.0,3.4,3.6,3.6,3.4,,,,343.0,346.0,6.5,6.3,3.8,2.1,0.6,3.8,3.2
06019,Silstrup,2025-11-20 18:00:00+00:00,2025-11-20,2025,11,20,18,0,56.93,8.6412,,,65.0,67.0,,,0.0,0.0,0.0,0.0,,1006.9,1012.3,0.0,0.0,,,-4.4,1.5,1.3,1.7,1.4,1.2,2.9,1.8,1.5,0.1,1.3,3.5,3.6,3.4,3.3,,,,345.0,343.0,6.9,5.7,4.0,1.8,1.3,3.8,3.8
06019,Silstrup,2025-11-20 19:00:00+00:00,2025-11-20,2025,11,20,19,0,56.93,8.6412,,,67.0,65.0,,,0.0,0.0,0.0,0.0,,1007.6,1013.0,0.0,0.0,,,-4.1,1.4,1.2,1.4,1.3,1.2,,1.5,1.4,,1.3,3.5,3.6,3.5,3.4,,,,336.0,343.0,6.0,4.9,3.7,2.0,1.1,3.2,3.2
06019,Silstrup,2025-11-20 20:00:00+00:00,2025-11-20,2025,11,20,20,0,56.93,8.6412,,,66.0,66.0,,,0.0,0.0,0.0,0.0,,1008.0,1013.4,0.0,0.0,,,-5.0,0.6,0.1,1.3,0.8,0.0,,1.4,1.0,,0.4,3.4,3.6,3.4,3.3,,,,338.0,338.0,6.1,3.8,3.9,1.1,0.7,2.6,3.2
06019,Silstrup,2025-11-20 21:00:00+00:00,2025-11-20,2025,11,20,21,0,56.93,8.6412,,,70.0,67.0,,,0.0,0.0,0.0,0.0,,1008.4,1013.9,0.0,0.0,,,-5.1,-0.3,-1.4,0.2,-0.4,-1.4,,0.7,0.2,,-0.5,3.4,3.4,3.3,3.2,,,,320.0,332.0,4.1,2.7,2.7,1.0,0.8,1.7,2.2
06019,Silstrup,2025-11-20 22:00:00+00:00,2025-11-20,2025,11,20,22,0,56.93,8.6412,,,68.0,69.0,,,0.0,0.0,0.0,0.0,,1008.6,1014.1,0.0,0.0,,,-5.3,0.0,-2.3,-1.3,-1.9,-2.4,,0.0,-0.2,,-0.4,3.2,3.4,3.3,3.1,,,,309.0,313.0,2.5,2.4,1.9,1.3,0.9,1.9,1.8
06019,Silstrup,2025-11-20 23:00:00+00:00,2025-11-20,2025,11,20,23,0,56.93,8.6412,,,70.0,69.0,,,0.0,0.0,0.0,0.0,,1009.1,1014.6,0.0,0.0,,,-5.0,-0.3,-2.3,-2.0,-2.3,-2.5,,0.1,-0.2,,-0.5,3.1,3.3,3.2,3.0,,,,313.0,312.0,2.6,2.3,2.0,1.3,1.1,1.9,1.9
06019,Silstrup,2025-11-21 00:00:00+00:00,2025-11-21,2025,11,21,0,0,56.93,8.6412,,,69.0,71.0,,,0.0,0.0,0.0,0.0,,1009.6,1015.0,0.0,0.0,,,-5.0,0.0,-1.7,-1.7,-2.4,-2.9,2.9,0.0,-0.5,-0.7,-0.7,3.1,3.3,3.2,3.1,,,,343.0,324.0,3.4,2.8,1.9,0.9,0.8,1.9,1.8
06019,Silstrup,2025-11-21 01:00:00+00:00,2025-11-21,2025,11,21,1,0,56.93,8.6412,,,69.0,69.0,,,0.0,0.0,0.0,0.0,,1010.0,1015.5,0.0,0.0,,,-5.2,-0.1,-1.6,-1.1,-1.6,-2.1,,0.2,-0.1,,-0.5,3.0,3.3,3.1,2.9,,,,336.0,342.0,3.2,2.1,2.1,0.8,0.4,1.4,1.6
06019,Silstrup,2025-11-21 02:00:00+00:00,2025-11-21,2025,11,21,2,0,56.93,8.6412,,,70.0,70.0,,,0.0,0.0,0.0,0.0,,1010.5,1016.0,0.0,0.0,,,-5.3,-0.5,-3.0,-1.6,-2.8,-3.3,,0.0,-0.5,,-1.0,2.9,3.1,3.0,2.9,,,,315.0,319.0,2.3,2.0,1.6,1.1,0.7,1.5,1.4
06019,Silstrup,2025-11-21 03:00:00+00:00,2025-11-21,2025,11,21,3,0,56.93,8.6412,,,67.0,69.0,,,0.0,0.0,0.0,0.0,,1010.9,1016.4,0.0,0.0,,,-6.0,-0.5,-2.8,-2.7,-3.2,-3.8,,-0.4,-0.5,,-0.6,2.8,3.1,2.9,2.8,,,,312.0,310.0,2.3,2.3,1.8,1.2,1.0,1.8,1.6
06019,Silstrup,2025-11-21 04:00:00+00:00,2025-11-21,2025,11,21,4,0,56.93,8.6412,,,64.0,65.0,,,0.0,0.0,0.0,0.0,,1011.3,1016.8,0.0,0.0,,,-6.6,-0.6,-3.1,-2.5,-2.8,-3.1,,-0.3,-0.6,,-0.9,2.9,2.9,2.8,2.7,,,,315.0,316.0,3.1,3.1,2.1,1.2,0.9,2.1,1.9
06019,Silstrup,2025-11-21 05:00:00+00:00,2025-11-21,2025,11,21,5,0,56.93,8.6412,,,61.0,62.0,,,0.0,0.0,0.0,0.0,,1011.9,1017.4,0.0,0.0,,,-6.9,-0.2,-2.5,-2.0,-2.4,-3.1,,0.0,-0.3,,-0.7,2.9,3.0,2.8,2.7,,,,326.0,322.0,3.3,2.7,2.3,1.1,1.1,2.0,2.0
06019,Silstrup,2025-11-21 06:00:00+00:00,2025-11-21,2025,11,21,6,0,56.93,8.6412,,,59.0,60.0,,,0.0,0.0,0.0,0.0,,1012.4,1017.9,0.0,0.0,,,-6.9,0.1,-2.7,-2.2,-2.5,-2.9,1.5,0.1,-0.2,-1.0,-0.5,2.8,2.9,2.8,2.6,,,,310.0,314.0,2.7,1.9,2.0,1.1,0.8,1.5,1.5
06019,Silstrup,2025-11-21 07:00:00+00:00,2025-11-21,2025,11,21,7,0,56.93,8.6412,,,64.0,59.0,,,0.0,0.0,0.0,0.0,,1013.1,1018.6,0.0,0.0,,,-6.8,-0.8,-3.0,-2.0,-2.7,-3.5,,0.9,0.2,,-0.8,2.8,2.9,2.8,2.7,,,,284.0,309.0,2.4,1.6,2.0,1.1,1.1,1.3,1.7
06019,Silstrup,2025-11-21 08:00:00+00:00,2025-11-21,2025,11,21,8,0,56.93,8.6412,,,60.0,61.0,,,0.0,0.0,0.0,0.0,,1013.7,1019.2,41.0,14.0,,,-7.4,-0.7,-2.6,-2.6,-3.3,-3.9,,-0.3,-0.6,,-0.9,2.8,2.9,2.8,2.7,,,,262.0,271.0,2.3,1.9,1.6,1.1,0.7,1.5,1.3
06019,Silstrup,2025-11-21 09:00:00+00:00,2025-11-21,2025,11,21,9,0,56.93,8.6412,,,56.0,56.0,,,0.0,0.0,0.0,0.0,,1014.1,1019.6,126.0,84.0,1.0,1.0,-6.8,1.0,0.4,0.4,-1.1,-2.6,,1.3,0.4,,-0.7,2.7,2.9,2.8,2.7,,,,228.0,242.0,2.1,2.0,1.6,1.2,0.7,1.6,1.3
06019,Silstrup,2025-11-21 10:00:00+00:00,2025-11-21,2025,11,21,10,0,56.93,8.6412,,,65.0,62.0,,,0.0,0.0,0.0,0.0,,1014.5,1020.0,188.0,159.0,10.0,60.0,-4.5,1.3,2.3,2.3,1.3,0.4,,2.3,1.3,,0.6,2.5,2.7,2.5,2.4,,,,198.0,201.0,2.5,2.2,2.2,1.4,0.4,1.8,1.5
06019,Silstrup,2025-11-21 11:00:00+00:00,2025-11-21,2025,11,21,11,0,56.93,8.6412,,,71.0,67.0,,,0.0,0.0,0.0,0.0,,1014.6,1020.0,217.0,205.0,10.0,60.0,-1.8,2.9,4.1,4.1,3.4,2.4,,2.9,2.2,,1.4,2.4,2.7,2.5,2.4,,,,201.0,196.0,2.8,2.5,2.1,1.3,1.0,1.9,1.8
06019,Silstrup,2025-11-21 12:00:00+00:00,2025-11-21,2025,11,21,12,0,56.93,8.6412,,,72.0,69.0,,,0.0,0.0,0.0,0.0,,1014.6,1020.0,212.0,216.0,10.0,60.0,-0.9,3.8,4.5,4.5,4.3,4.1,3.8,3.8,3.5,-1.0,3.0,2.3,2.7,2.5,2.3,,,,198.0,198.0,5.3,5.3,3.6,2.4,1.6,3.3,3.0
06019,Silstrup,2025-11-21 13:00:00+00:00,2025-11-21,2025,11,21,13,0,56.93,8.6412,,,70.0,68.0,,,0.0,0.0,0.0,0.0,,1014.3,1019.8,142.0,176.0,10.0,60.0,-1.5,3.5,3.8,4.5,4.1,3.8,,3.8,3.6,,3.5,2.7,2.7,2.4,2.3,,,,195.0,197.0,5.5,4.7,3.8,2.6,2.0,3.6,3.6
06019,Silstrup,2025-11-21 14:00:00+00:00,2025-11-21,2025,11,21,14,0,56.93,8.6412,,,79.0,75.0,,,0.0,0.0,0.0,0.0,,1014.1,1019.6,72.0,106.0,0.0,14.0,-0.7,2.6,2.7,3.8,3.3,2.7,,3.5,3.1,,2.6,2.4,2.7,2.4,2.3,,,,194.0,197.0,4.9,4.7,3.6,2.1,1.8,3.2,3.2
06019,Silstrup,2025-11-21 15:00:00+00:00,2025-11-21,2025,11,21,15,0,56.93,8.6412,,,86.0,83.0,,,0.0,0.0,0.0,0.0,,1014.5,1020.0,3.0,34.0,0.0,0.0,-1.0,1.1,-0.3,2.7,1.4,-0.3,,2.6,1.8,,0.7,2.7,2.7,2.6,2.4,,,,210.0,202.0,4.4,2.8,3.3,1.7,1.7,2.2,2.7
06019,Silstrup,2025-11-21 16:00:00+00:00,2025-11-21,2025,11,21,16,0,56.93,8.6412,,,65.0,75.0,,,0.0,0.0,0.0,0.0,,1014.5,1020.0,0.0,0.0,,0.0,-3.6,2.3,-1.2,-0.4,-1.1,-1.4,,2.4,1.5,,0.6,2.5,2.7,2.5,2.3,,,,253.0,237.0,3.4,3.4,2.9,2.4,1.8,2.9,2.6
06019,Silstrup,2025-11-21 17:00:00+00:00,2025-11-21,2025,11,21,17,0,56.93,8.6412,,,68.0,64.0,,,0.0,0.0,0.0,0.0,,1014.6,1020.1,0.0,0.0,,,-3.7,1.6,-0.6,-0.6,-0.9,-1.3,,2.7,2.3,,1.6,2.3,2.6,2.4,2.3,,,,215.0,247.0,3.5,2.1,2.9,1.2,1.2,1.8,2.4
06019,Silstrup,2025-11-21 18:00:00+00:00,2025-11-21,2025,11,21,18,0,56.93,8.6412,,,74.0,71.0,,,0.0,0.0,0.0,0.0,,1014.7,1020.2,0.0,0.0,,,-2.6,1.6,0.1,0.1,-0.6,-0.8,3.8,1.8,1.4,-0.9,0.5,2.5,2.6,2.5,2.3,,,,235.0,218.0,3.1,2.7,2.2,1.2,1.1,2.0,1.8
06019,Silstrup,2025-11-21 19:00:00+00:00,2025-11-21,2025,11,21,19,0,56.93,8.6412,,,90.0,83.0,,,0.0,0.0,0.0,0.0,,1014.7,1020.2,0.0,0.0,,,0.5,2.0,1.9,1.9,1.3,0.1,,2.6,2.1,,1.5,2.3,2.6,2.4,2.3,,,,215.0,227.0,7.9,3.9,5.7,1.6,1.2,2.6,3.5
06019,Silstrup,2025-11-21 20:00:00+00:00,2025-11-21,2025,11,21,20,0,56.93,8.6412,,,90.0,90.0,,,0.0,0.0,0.0,0.0,,1014.5,1020.0,0.0,0.0,,,0.1,1.6,0.9,1.9,1.1,0.8,,2.0,1.6,,1.3,2.4,2.6,2.4,2.3,,,,197.0,199.0,4.2,3.8,3.2,1.9,1.3,2.7,2.7
06019,Silstrup,2025-11-21 21:00:00+00:00,2025-11-21,2025,11,21,21,0,56.93,8.6412,,,92.0,90.0,,,7.0,15.0,0.5,0.8,0.0,1014.5,1020.0,0.0,0.0,,,1.0,2.1,2.0,2.2,1.6,0.9,,2.6,2.0,,1.5,2.6,2.6,2.5,2.4,,,,223.0,217.0,6.4,2.6,4.0,0.4,0.4,1.3,2.9
06019,Silstrup,2025-11-21 22:00:00+00:00,2025-11-21,2025,11,21,22,0,56.93,8.6412,,,91.0,92.0,,,2.0,2.0,0.1,0.1,0.0,1014.4,1019.9,0.0,0.0,,,1.1,2.4,2.0,2.0,1.6,1.4,,2.4,2.0,,1.6,2.5,2.6,2.4,2.3,,,,217.0,197.0,4.6,4.6,3.4,2.0,0.9,3.1,2.4
06019,Silstrup,2025-11-21 23:00:00+00:00,2025-11-21,2025,11,21,23,0,56.93,8.6412,,,94.0,92.0,,,0.0,9.0,0.0,0.3,,1013.8,1019.2,0.0,0.0,,,1.4,2.3,1.9,2.2,1.9,1.6,,2.6,2.1,,1.5,2.4,2.5,2.4,2.3,,,,193.0,201.0,5.4,5.4,4.0,2.5,1.6,3.9,3.4
06019,Silstrup,2025-11-22 00:00:00+00:00,2025-11-22,2025,11,22,0,0,56.93,8.6412,,,93.0,94.0,,,0.0,0.0,0.0,0.0,,1013.4,1018.9,0.0,0.0,,,1.1,2.1,2.0,2.0,1.7,1.3,3.8,2.4,2.0,0.5,1.6,2.4,2.6,2.5,2.4,,,,209.0,195.0,6.2,6.2,4.2,2.0,2.0,3.5,3.5
06019,Silstrup,2025-11-22 01:00:00+00:00,2025-11-22,2025,11,22,1,0,56.93,8.6412,,,94.0,93.0,,,0.0,1.0,0.0,0.1,,1012.8,1018.3,0.0,0.0,,,1.6,2.5,2.4,2.4,2.0,1.9,,2.6,2.3,,2.1,2.4,2.6,2.5,2.4,,,,196.0,195.0,7.1,6.9,5.3,3.0,2.8,4.5,4.7
06019,Silstrup,2025-11-22 02:00:00+00:00,2025-11-22,2025,11,22,2,0,56.93,8.6412,,,91.0,93.0,,,0.0,3.0,0.0,0.1,,1012.3,1017.7,0.0,0.0,,,1.7,3.0,2.8,2.9,2.6,2.3,,3.1,2.8,,2.3,2.4,2.5,2.4,2.3,,,,188.0,192.0,6.9,6.9,5.1,3.4,2.4,4.9,4.5
06019,Silstrup,2025-11-22 03:00:00+00:00,2025-11-22,2025,11,22,3,0,56.93,8.6412,,,94.0,93.0,,,3.0,10.0,0.3,0.6,0.2,1011.8,1017.3,0.0,0.0,,,2.6,3.5,3.4,3.4,2.9,2.8,,3.5,3.0,,2.7,2.4,2.5,2.4,2.3,,,,200.0,201.0,9.4,9.4,6.1,3.6,2.0,6.1,4.5
06019,Silstrup,2025-11-22 04:00:00+00:00,2025-11-22,2025,11,22,4,0,56.93,8.6412,,,92.0,93.0,,,0.0,7.0,0.0,0.6,,1011.5,1016.9,0.0,0.0,,,2.5,3.7,3.5,3.9,3.5,3.2,,4.0,3.6,,3.4,2.5,2.6,2.4,2.4,,,,189.0,202.0,8.7,6.6,6.1,3.1,3.0,4.5,4.8
06019,Silstrup,2025-11-22 05:00:00+00:00,2025-11-22,2025,11,22,5,0,56.93,8.6412,,,92.0,94.0,,,0.0,0.0,0.0,0.0,,1010.9,1016.4,0.0,0.0,,,1.9,3.1,2.7,3.4,2.9,2.3,,3.6,3.1,,2.7,2.6,2.6,2.5,2.4,,,,194.0,196.0,5.1,5.1,4.4,2.8,2.5,3.9,3.6
06019,Silstrup,2025-11-22 06:00:00+00:00,2025-11-22,2025,11,22,6,0,56.93,8.6412,,,90.0,92.0,,,0.0,0.0,0.0,0.0,,1010.5,1016.0,0.0,0.0,,,1.4,2.8,2.3,2.9,2.5,2.2,4.0,3.3,2.9,1.3,2.6,2.4,2.7,2.5,2.4,,,,195.0,197.0,5.7,4.9,4.2,2.8,2.5,3.9,3.9
06019,Silstrup,2025-11-22 07:00:00+00:00,2025-11-22,2025,11,22,7,0,56.93,8.6412,,,87.0,87.0,,,0.0,0.0,0.0,0.0,,1010.5,1015.9,0.0,0.0,,,1.8,3.8,3.5,3.7,3.1,2.4,,4.1,3.5,,2.9,2.6,2.7,2.5,2.4,,,,190.0,194.0,6.8,5.3,4.7,3.0,2.7,4.1,4.2
06019,Silstrup,2025-11-22 08:00:00+00:00,2025-11-22,2025,11,22,8,0,56.93,8.6412,,,88.0,88.0,,,0.0,0.0,0.0,0.0,,1010.1,1015.5,36.0,9.0,,,2.2,4.0,3.6,3.8,3.6,3.3,,4.1,3.8,,3.3,2.8,2.8,2.6,2.5,,,,195.0,189.0,6.9,5.5,5.1,2.9,2.8,4.1,4.3
06019,Silstrup,2025-11-22 09:00:00+00:00,2025-11-22,2025,11,22,9,0,56.93,8.6412,,,84.0,86.0,,,0.0,0.0,0.0,0.0,,1009.9,1015.3,41.0,36.0,1.0,1.0,2.6,5.0,4.9,4.9,4.5,3.7,,5.0,4.6,,4.1,3.0,3.0,2.8,2.7,,,,193.0,192.0,6.7,6.2,4.8,2.9,2.6,4.6,4.4
06019,Silstrup,2025-11-22 10:00:00+00:00,2025-11-22,2025,11,22,10,0,56.93,8.6412,,,84.0,83.0,,,1.0,1.0,0.1,0.1,0.0,1009.9,1015.3,63.0,56.0,8.0,45.0,3.7,6.3,6.1,6.1,5.6,4.9,,6.3,5.7,,5.0,2.9,3.2,3.0,2.8,,,,213.0,201.0,10.8,9.0,6.5,4.6,2.7,6.4,5.1
06019,Silstrup,2025-11-22 11:00:00+00:00,2025-11-22,2025,11,22,11,0,56.93,8.6412,,,82.0,82.0,,,0.0,0.0,0.0,0.0,,1009.2,1014.6,84.0,69.0,0.0,7.0,3.5,6.4,6.2,6.4,6.3,6.0,,6.5,6.3,,6.2,3.4,3.4,3.1,2.9,,,,206.0,209.0,11.3,11.3,6.9,3.7,3.1,6.9,5.7
06019,Silstrup,2025-11-22 12:00:00+00:00,2025-11-22,2025,11,22,12,0,56.93,8.6412,,,84.0,84.0,,,0.0,0.0,0.0,0.0,,1008.6,1013.9,99.0,93.0,0.0,0.0,4.1,6.6,6.6,6.6,6.4,6.1,6.7,6.7,6.4,2.1,6.1,3.4,3.7,3.5,3.4,,,,206.0,201.0,9.3,8.5,6.9,4.1,2.8,6.1,5.5
06019,Silstrup,2025-11-22 13:00:00+00:00,2025-11-22,2025,11,22,13,0,56.93,8.6412,,,88.0,86.0,,,0.0,0.0,0.0,0.0,,1008.2,1013.5,70.0,85.0,0.0,0.0,4.6,6.4,6.4,6.6,6.5,6.3,,6.6,6.5,,6.3,3.7,4.0,3.8,3.4,,,,194.0,194.0,10.1,10.1,6.9,4.7,3.4,6.9,6.3
06019,Silstrup,2025-11-22 14:00:00+00:00,2025-11-22,2025,11,22,14,0,56.93,8.6412,,,91.0,86.0,,,0.0,1.0,0.0,0.1,,1007.6,1013.0,32.0,53.0,0.0,3.0,4.7,6.1,6.1,6.7,6.5,6.1,,7.0,6.6,,6.1,3.8,3.9,3.8,3.7,,,,192.0,205.0,14.3,6.5,9.5,3.5,3.5,5.0,7.1
06019,Silstrup,2025-11-22 15:00:00+00:00,2025-11-22,2025,11,22,15,0,56.93,8.6412,,,82.0,86.0,,,0.0,1.0,0.0,0.1,,1007.2,1012.6,2.0,11.0,0.0,0.0,3.5,6.4,6.0,6.3,6.1,5.6,,6.4,6.2,,5.9,4.4,4.4,4.1,3.8,,,,205.0,208.0,8.4,8.4,9.5,2.4,2.4,5.3,4.4
06019,Silstrup,2025-11-22 16:00:00+00:00,2025-11-22,2025,11,22,16,0,56.93,8.6412,,,86.0,85.0,,,0.0,0.0,0.0,0.0,,1006.8,1012.2,0.0,0.0,,0.0,3.7,5.8,5.6,6.0,5.7,5.4,,6.4,5.9,,5.6,4.3,4.4,4.2,4.1,,,,188.0,197.0,8.5,8.2,6.1,3.9,3.7,5.6,5.6
06019,Silstrup,2025-11-22 17:00:00+00:00,2025-11-22,2025,11,22,17,0,56.93,8.6412,,,86.0,86.0,,,0.0,0.0,0.0,0.0,,1006.5,1011.9,0.0,0.0,,,2.9,5.1,4.5,5.7,4.9,4.4,,5.9,5.3,,4.9,4.4,4.4,4.4,4.2,,,,189.0,188.0,8.5,7.8,6.4,4.0,3.3,5.7,5.6
06019,Silstrup,2025-11-22 18:00:00+00:00,2025-11-22,2025,11,22,18,0,56.93,8.6412,,,90.0,89.0,,,0.0,0.0,0.0,0.0,,1005.9,1011.3,0.0,0.0,,,3.6,5.1,4.8,5.1,4.9,4.4,7.0,5.3,5.2,2.9,5.0,4.4,4.4,4.3,4.2,,,,188.0,185.0,9.9,9.7,7.3,4.5,3.8,7.2,6.3
06019,Silstrup,2025-11-22 19:00:00+00:00,2025-11-22,2025,11,22,19,0,56.93,8.6412,,,95.0,91.0,,,0.0,2.0,0.0,0.5,,1005.6,1011.0,0.0,0.0,,,4.8,5.6,5.3,5.5,5.2,4.8,,5.6,5.4,,5.1,4.4,4.5,4.4,4.2,,,,187.0,188.0,12.1,11.0,8.3,5.4,4.8,8.2,7.7
06019,Silstrup,2025-11-22 20:00:00+00:00,2025-11-22,2025,11,22,20,0,56.93,8.6412,,,97.0,96.0,,,1.0,5.0,0.1,0.7,0.0,1005.1,1010.4,0.0,0.0,,,5.4,5.9,5.9,5.9,5.7,5.4,,5.9,5.7,,5.6,4.4,4.5,4.4,4.3,,,,177.0,182.0,10.8,9.3,8.2,4.8,4.4,6.7,6.8
06019,Silstrup,2025-11-22 21:00:00+00:00,2025-11-22,2025,11,22,21,0,56.93,8.6412,,,97.0,97.0,,,1.0,5.0,0.2,0.9,0.0,1004.4,1009.7,0.0,0.0,,,5.5,5.9,6.0,6.2,6.1,5.9,,6.2,6.0,,5.9,4.4,4.5,4.4,4.3,,,,184.0,185.0,13.3,10.6,8.8,4.0,4.0,7.6,7.9
06019,Silstrup,2025-11-22 22:00:00+00:00,2025-11-22,2025,11,22,22,0,56.93,8.6412,,,96.0,97.0,,,1.0,2.0,0.3,0.5,0.0,1003.9,1009.2,0.0,0.0,,,5.1,5.7,5.7,6.0,5.9,5.7,,5.9,5.8,,5.7,4.6,4.7,4.5,4.3,,,,185.0,185.0,13.5,12.4,9.6,6.3,5.4,9.0,9.0
06019,Silstrup,2025-11-22 23:00:00+00:00,2025-11-22,2025,11,22,23,0,56.93,8.6412,,,95.0,95.0,,,0.0,0.0,0.0,0.0,,1003.5,1008.9,0.0,0.0,,,4.6,5.4,5.4,5.7,5.5,5.2,,5.6,5.4,,5.3,4.8,4.8,4.6,4.5,,,,183.0,182.0,14.4,14.4,10.2,6.1,5.4,9.7,9.2
06019,Silstrup,2025-11-23 00:00:00+00:00,2025-11-23,2025,11,23,0,0,56.93,8.6412,,,94.0,95.0,,,0.0,0.0,0.0,0.0,,1003.3,1008.6,0.0,0.0,,,4.4,5.3,5.3,5.4,5.3,5.1,7.0,5.4,5.3,4.9,5.2,4.7,4.9,4.7,4.6,,,,187.0,185.0,14.4,14.4,11.2,7.4,5.2,11.1,9.8
06019,Silstrup,2025-11-23 01:00:00+00:00,2025-11-23,2025,11,23,1,0,56.93,8.6412,,,95.0,95.0,,,0.0,0.0,0.0,0.0,,1003.0,1008.4,0.0,0.0,,,4.3,5.1,5.0,5.3,5.2,5.0,,5.4,5.2,,5.0,4.9,5.0,4.8,4.7,,,,185.0,184.0,15.0,13.4,10.9,6.6,6.0,9.7,9.7
06019,Silstrup,2025-11-23 02:00:00+00:00,2025-11-23,2025,11,23,2,0,56.93,8.6412,,,95.0,95.0,,,0.0,0.0,0.0,0.0,,1002.3,1007.7,0.0,0.0,,,4.2,4.9,4.9,5.1,5.0,4.8,,5.1,4.9,,4.9,5.0,5.0,4.9,4.7,,,,184.0,184.0,14.8,14.8,10.1,6.4,5.5,10.0,9.6
06019,Silstrup,2025-11-23 03:00:00+00:00,2025-11-23,2025,11,23,3,0,56.93,8.6412,,,95.0,95.0,,,0.0,0.0,0.0,0.0,,1001.8,1007.1,0.0,0.0,,,4.1,4.8,4.8,5.0,4.9,4.7,,4.9,4.9,,4.8,4.9,5.0,4.9,4.8,,,,186.0,185.0,15.0,13.7,10.8,6.1,6.0,10.1,10.2
06019,Silstrup,2025-11-23 04:00:00+00:00,2025-11-23,2025,11,23,4,0,56.93,8.6412,,,94.0,95.0,,,0.0,0.0,0.0,0.0,,1001.5,1006.8,0.0,0.0,,,3.8,4.7,4.7,4.9,4.8,4.6,,4.9,4.8,,4.7,4.9,5.1,4.9,4.8,,,,186.0,186.0,14.4,13.5,10.3,6.1,5.4,9.8,9.6
06019,Silstrup,2025-11-23 05:00:00+00:00,2025-11-23,2025,11,23,5,0,56.93,8.6412,,,92.0,93.0,,,0.0,0.0,0.0,0.0,,1001.0,1006.4,0.0,0.0,,,2.9,4.2,4.2,4.7,4.4,4.1,,4.7,4.4,,4.2,5.0,5.1,5.0,4.9,,,,183.0,185.0,13.4,13.3,9.6,6.2,4.7,8.9,8.4
06019,Silstrup,2025-11-23 06:00:00+00:00,2025-11-23,2025,11,23,6,0,56.93,8.6412,,,90.0,90.0,,,0.0,0.0,0.0,0.0,,1000.5,1005.9,0.0,0.0,,,3.1,4.6,4.5,4.5,4.4,4.3,6.2,4.6,4.4,4.2,4.2,4.8,5.1,4.9,4.7,,,,180.0,180.0,14.9,14.0,10.2,6.8,5.8,9.6,9.6
06019,Silstrup,2025-11-23 07:00:00+00:00,2025-11-23,2025,11,23,7,0,56.93,8.6412,,,89.0,89.0,,,0.0,0.0,0.0,0.0,,1000.7,1006.0,0.0,0.0,,,2.5,4.2,4.2,4.7,4.5,4.2,,4.7,4.5,,4.1,4.8,4.9,4.8,4.7,,,,175.0,178.0,14.2,11.5,10.0,5.8,5.5,8.0,9.3
06019,Silstrup,2025-11-23 08:00:00+00:00,2025-11-23,2025,11,23,8,0,56.93,8.6412,,,90.0,88.0,,,0.0,0.0,0.0,0.0,,1000.6,1005.9,2.0,0.0,,,2.1,3.6,3.6,4.2,3.9,3.6,,4.1,3.9,,3.6,4.7,4.9,4.8,4.7,,,,174.0,174.0,13.6,12.4,9.4,5.8,5.1,8.6,8.8
06019,Silstrup,2025-11-23 09:00:00+00:00,2025-11-23,2025,11,23,9,0,56.93,8.6412,,,89.0,88.0,,,0.0,0.0,0.0,0.0,,1000.3,1005.7,21.0,12.0,0.0,0.0,1.8,3.4,3.4,3.6,3.4,3.2,,3.7,3.4,,3.2,4.8,4.9,4.8,4.7,,,,176.0,174.0,13.1,11.4,9.0,5.4,5.2,8.5,8.6
06019,Silstrup,2025-11-23 10:00:00+00:00,2025-11-23,2025,11,23,10,0,56.93,8.6412,,,88.0,89.0,,,0.0,0.0,0.0,0.0,,1000.2,1005.6,113.0,73.0,10.0,50.0,1.6,3.5,3.6,3.8,3.7,3.4,,3.7,3.6,,3.4,4.9,4.9,4.7,4.6,,,,175.0,177.0,13.6,11.2,9.3,5.4,4.7,7.9,8.5
06019,Silstrup,2025-11-23 11:00:00+00:00,2025-11-23,2025,11,23,11,0,56.93,8.6412,,,87.0,86.0,,,0.0,0.0,0.0,0.0,,999.6,1005.0,85.0,83.0,0.0,23.0,1.0,3.0,3.2,3.6,3.3,3.0,,3.5,3.1,,2.9,4.6,4.9,4.6,4.5,,,,174.0,173.0,12.6,11.5,9.3,5.3,4.6,8.2,8.3
06019,Silstrup,2025-11-23 12:00:00+00:00,2025-11-23,2025,11,23,12,0,56.93,8.6412,,,87.0,87.0,,,0.0,0.0,0.0,0.0,,998.7,1004.1,61.0,76.0,0.0,0.0,1.2,3.2,3.3,3.4,3.3,3.2,5.4,3.2,3.1,2.9,3.0,4.5,4.6,4.5,4.5,,,,169.0,171.0,13.5,11.5,9.3,5.2,5.2,8.4,8.5
06019,Silstrup,2025-11-23 13:00:00+00:00,2025-11-23,2025,11,23,13,0,56.93,8.6412,,,85.0,87.0,,,0.0,0.0,0.0,0.0,,998.1,1003.5,82.0,76.0,0.0,0.0,0.7,2.9,3.1,3.5,3.3,3.1,,3.4,3.1,,2.9,4.5,4.5,4.5,4.5,,,,163.0,167.0,13.0,12.5,9.5,5.8,5.0,8.9,8.8
06019,Silstrup,2025-11-23 14:00:00+00:00,2025-11-23,2025,11,23,14,0,56.93,8.6412,,,82.0,83.0,,,0.0,0.0,0.0,0.0,,997.1,1002.5,25.0,43.0,0.0,0.0,-0.6,2.2,2.4,3.1,2.5,2.3,,2.8,2.4,,2.2,4.5,4.9,4.7,4.5,,,,148.0,155.0,12.4,9.2,9.0,3.4,3.4,6.3,7.6
06019,Silstrup,2025-11-23 15:00:00+00:00,2025-11-23,2025,11,23,15,0,56.93,8.6412,,,78.0,78.0,,,0.0,0.0,0.0,0.0,,997.0,1002.4,1.0,10.0,0.0,0.0,-2.0,1.5,1.6,2.4,1.9,1.6,,2.2,1.8,,1.5,4.7,4.9,4.6,4.5,,,,150.0,144.0,10.6,8.4,7.1,3.0,3.0,5.3,6.1
06019,Silstrup,2025-11-23 16:00:00+00:00,2025-11-23,2025,11,23,16,0,56.93,8.6412,,,73.0,74.0,,,0.0,0.0,0.0,0.0,,996.4,1001.8,0.0,0.0,,0.0,-3.1,1.3,1.3,1.6,1.5,1.3,,1.5,1.4,,1.3,4.6,4.8,4.7,4.4,,,,152.0,149.0,9.8,8.8,6.7,3.0,3.0,5.8,6.0
06019,Silstrup,2025-11-23 17:00:00+00:00,2025-11-23,2025,11,23,17,0,56.93,8.6412,,,72.0,72.0,,,0.0,0.0,0.0,0.0,,995.6,1001.0,0.0,0.0,,,-3.4,1.2,1.3,1.4,1.4,1.2,,1.3,1.3,,1.2,4.4,4.6,4.4,4.3,,,,143.0,148.0,8.0,6.6,5.7,2.4,2.4,4.3,4.8
06019,Silstrup,2025-11-23 18:00:00+00:00,2025-11-23,2025,11,23,18,0,56.93,8.6412,,,70.0,72.0,,,0.0,0.0,0.0,0.0,,994.8,1000.2,0.0,0.0,,,-3.0,1.8,1.9,1.9,1.6,1.3,4.7,1.8,1.4,1.2,1.2,4.1,4.4,4.3,4.1,,,,135.0,134.0,6.5,6.5,4.4,2.5,2.2,4.2,4.0
06019,Silstrup,2025-11-23 19:00:00+00:00,2025-11-23,2025,11,23,19,0,56.93,8.6412,,,79.0,74.0,,,0.0,0.0,0.0,0.0,,994.2,999.6,0.0,0.0,,,-1.7,1.6,1.6,2.1,1.9,1.4,,2.0,1.8,,1.4,4.1,4.3,4.1,4.0,,,,150.0,149.0,12.4,7.1,7.7,3.0,2.7,5.0,5.7
06019,Silstrup,2025-11-23 20:00:00+00:00,2025-11-23,2025,11,23,20,0,56.93,8.6412,,,75.0,76.0,,,0.0,0.0,0.0,0.0,,993.4,998.8,0.0,0.0,,,-1.9,2.2,2.2,2.3,2.1,1.6,,2.2,2.0,,1.6,4.1,4.2,4.1,4.0,,,,125.0,129.0,9.1,9.1,6.7,4.5,2.5,6.7,5.5
06019,Silstrup,2025-11-23 21:00:00+00:00,2025-11-23,2025,11,23,21,0,56.93,8.6412,,,76.0,75.0,,,0.0,0.0,0.0,0.0,,992.9,998.2,0.0,0.0,,,-1.7,2.2,2.3,2.3,2.2,2.1,,2.3,2.2,,2.1,3.9,4.2,4.1,3.9,,,,128.0,126.0,9.9,9.6,7.0,3.4,3.4,5.9,6.3
06019,Silstrup,2025-11-23 22:00:00+00:00,2025-11-23,2025,11,23,22,0,56.93,8.6412,,,69.0,72.0,,,0.0,0.0,0.0,0.0,,992.2,997.6,0.0,0.0,,,-3.0,2.1,2.2,2.3,2.2,2.1,,2.3,2.2,,2.1,3.9,4.1,4.0,3.9,,,,124.0,125.0,10.0,9.5,7.1,4.0,3.8,6.9,6.7
06019,Silstrup,2025-11-23 23:00:00+00:00,2025-11-23,2025,11,23,23,0,56.93,8.6412,,,68.0,67.0,,,0.0,0.0,0.0,0.0,,991.7,997.0,0.0,0.0,,,-3.1,2.3,2.3,2.3,2.2,2.1,,2.3,2.3,,2.1,3.7,4.0,3.8,3.7,,,,119.0,122.0,11.1,8.4,7.2,4.1,3.7,6.2,6.5
06019,Silstrup,2025-11-24 00:00:00+00:00,2025-11-24,2025,11,24,0,0,56.93,8.6412,,,65.0,66.0,,,0.0,0.0,0.0,0.0,,990.9,996.3,0.0,0.0,,,-3.2,2.6,2.6,2.6,2.5,2.3,3.4,2.7,2.5,1.2,2.3,3.7,4.0,3.8,3.7,,,,119.0,120.0,10.3,9.5,7.6,4.0,3.5,6.5,6.6
06019,Silstrup,2025-11-24 01:00:00+00:00,2025-11-24,2025,11,24,1,0,56.93,8.6412,,,64.0,66.0,,,0.0,0.0,0.0,0.0,,990.6,995.9,0.0,0.0,,,-3.6,2.4,2.3,2.6,2.5,2.3,,2.8,2.6,,2.3,3.8,3.9,3.8,3.7,,,,120.0,118.0,11.3,9.5,8.4,3.8,3.8,6.6,7.3
06019,Silstrup,2025-11-24 02:00:00+00:00,2025-11-24,2025,11,24,2,0,56.93,8.6412,,,72.0,67.0,,,0.0,0.0,0.0,0.0,,990.2,995.6,0.0,0.0,,,-2.3,2.3,2.3,2.3,2.2,2.0,,2.4,2.3,,2.2,3.8,3.9,3.8,3.6,,,,104.0,116.0,10.7,9.8,7.3,4.0,3.7,6.7,6.7
06019,Silstrup,2025-11-24 03:00:00+00:00,2025-11-24,2025,11,24,3,0,56.93,8.6412,,,71.0,70.0,,,0.0,0.0,0.0,0.0,,989.5,994.8,0.0,0.0,,,-2.7,2.0,1.9,2.3,2.1,1.9,,2.4,2.2,,2.0,3.7,3.8,3.7,3.6,,,,98.0,102.0,11.7,11.0,8.1,4.1,3.6,7.3,7.3
06019,Silstrup,2025-11-24 04:00:00+00:00,2025-11-24,2025,11,24,4,0,56.93,8.6412,,,75.0,72.0,,,0.0,0.0,0.0,0.0,,989.0,994.4,0.0,0.0,,,-2.0,2.0,1.9,2.1,1.9,1.7,,2.1,2.0,,1.9,3.8,3.8,3.8,3.6,,,,98.0,98.0,12.6,12.6,8.7,5.0,4.5,8.2,8.0
06019,Silstrup,2025-11-24 05:00:00+00:00,2025-11-24,2025,11,24,5,0,56.93,8.6412,,,74.0,73.0,,,0.0,0.0,0.0,0.0,,988.9,994.3,0.0,0.0,,,-2.3,1.8,1.8,1.9,1.8,1.8,,2.0,1.9,,1.8,3.5,3.8,3.6,3.5,,,,94.0,98.0,13.3,11.7,9.1,5.0,4.7,8.1,8.5
06019,Silstrup,2025-11-24 06:00:00+00:00,2025-11-24,2025,11,24,6,0,56.93,8.6412,,,76.0,75.0,,,0.0,0.0,0.0,0.0,,988.9,994.2,0.0,0.0,,,-2.4,1.4,1.2,1.8,1.4,1.1,2.8,1.8,1.6,1.3,1.3,3.4,3.8,3.6,3.4,,,,88.0,89.0,14.1,14.1,9.3,4.6,4.6,9.3,8.9
06019,Silstrup,2025-11-24 07:00:00+00:00,2025-11-24,2025,11,24,7,0,56.93,8.6412,,,75.0,76.0,,,0.0,0.0,0.0,0.0,,988.9,994.2,0.0,0.0,,,-2.2,1.7,1.6,1.7,1.5,1.2,,1.7,1.6,,1.4,3.6,3.6,3.5,3.4,,,,88.0,91.0,14.2,14.2,9.9,5.7,4.4,9.7,9.3
06019,Silstrup,2025-11-24 08:00:00+00:00,2025-11-24,2025,11,24,8,0,56.93,8.6412,,,75.0,75.0,,,0.0,0.0,0.0,0.0,,989.3,994.7,14.0,4.0,,,-2.0,1.9,1.9,1.9,1.8,1.6,,2.0,1.8,,1.7,3.4,3.6,3.4,3.3,,,,89.0,88.0,13.7,13.2,9.8,6.1,4.0,9.0,9.1
06019,Silstrup,2025-11-24 09:00:00+00:00,2025-11-24,2025,11,24,9,0,56.93,8.6412,,,70.0,72.0,,,0.0,0.0,0.0,0.0,,989.4,994.7,50.0,34.0,1.0,1.0,-3.1,1.9,1.7,2.0,1.9,1.7,,2.1,2.0,,1.9,3.5,3.6,3.5,3.3,,,,94.0,91.0,15.2,13.1,9.5,5.5,4.6,9.1,8.9
06019,Silstrup,2025-11-24 10:00:00+00:00,2025-11-24,2025,11,24,10,0,56.93,8.6412,,,76.0,73.0,,,0.0,0.0,0.0,0.0,,989.8,995.1,59.0,58.0,6.0,46.0,-1.7,2.1,2.2,2.2,2.1,1.8,,2.1,2.0,,1.9,3.6,3.6,3.4,3.3,,,,92.0,93.0,13.1,11.0,9.3,4.4,4.4,7.9,8.1
06019,Silstrup,2025-11-24 11:00:00+00:00,2025-11-24,2025,11,24,11,0,56.93,8.6412,,,77.0,76.0,,,0.0,0.0,0.0,0.0,,989.8,995.1,32.0,61.0,0.0,0.0,-1.4,2.2,2.3,2.5,2.3,2.2,,2.2,2.1,,2.0,3.4,3.7,3.5,3.4,,,,84.0,85.0,12.0,10.8,7.9,4.0,3.7,6.9,7.2
06019,Silstrup,2025-11-24 12:00:00+00:00,2025-11-24,2025,11,24,12,0,56.93,8.6412,,,80.0,78.0,,,0.0,0.0,0.0,0.0,,989.7,995.0,35.0,38.0,0.0,0.0,-0.8,2.3,2.4,2.5,2.3,2.2,2.8,2.3,2.2,1.3,2.0,3.8,3.8,3.6,3.4,,,,75.0,77.0,11.2,10.6,7.9,3.9,3.8,7.4,7.2
06019,Silstrup,2025-11-24 13:00:00+00:00,2025-11-24,2025,11,24,13,0,56.93,8.6412,,,79.0,80.0,,,0.0,0.0,0.0,0.0,,989.6,994.9,17.0,29.0,0.0,0.0,-0.9,2.4,2.4,2.6,2.4,2.3,,2.5,2.3,,2.1,3.4,3.5,3.4,3.4,,,,70.0,70.0,13.6,12.3,9.2,4.8,3.6,8.4,7.8
06019,Silstrup,2025-11-24 14:00:00+00:00,2025-11-24,2025,11,24,14,0,56.93,8.6412,,,74.0,78.0,,,0.0,0.0,0.0,0.0,,990.1,995.4,4.0,11.0,0.0,0.0,-2.0,2.2,2.2,2.5,2.3,2.2,,2.4,2.3,,2.2,3.6,3.9,3.8,3.6,,,,54.0,62.0,12.3,10.7,9.0,5.2,3.8,7.7,7.3
06019,Silstrup,2025-11-24 15:00:00+00:00,2025-11-24,2025,11,24,15,0,56.93,8.6412,,,79.0,76.0,,,0.0,0.0,0.0,0.0,,990.5,995.9,0.0,2.0,0.0,0.0,-1.4,1.8,1.9,2.3,2.1,1.9,,2.2,2.1,,1.8,3.9,3.9,3.7,3.5,,,,49.0,52.0,12.2,12.2,8.3,5.6,3.6,8.3,7.7
06019,Silstrup,2025-11-24 16:00:00+00:00,2025-11-24,2025,11,24,16,0,56.93,8.6412,,,82.0,81.0,,,0.0,0.0,0.0,0.0,,991.3,996.6,0.0,0.0,,0.0,-1.4,1.4,1.6,1.9,1.7,1.5,,1.8,1.6,,1.4,3.6,3.7,3.6,3.6,,,,46.0,48.0,12.0,11.0,8.5,4.1,4.1,6.9,7.6
06019,Silstrup,2025-11-24 17:00:00+00:00,2025-11-24,2025,11,24,17,0,56.93,8.6412,,,83.0,82.0,,,0.0,0.0,0.0,0.0,,991.8,997.2,0.0,0.0,,,-1.0,1.6,1.7,1.7,1.6,1.4,,1.6,1.5,,1.4,3.5,3.7,3.6,3.5,,,,47.0,48.0,12.5,10.8,8.8,4.8,4.1,7.4,7.8
06019,Silstrup,2025-11-24 18:00:00+00:00,2025-11-24,2025,11,24,18,0,56.93,8.6412,,,82.0,82.0,,,0.0,0.0,0.0,0.0,,992.4,997.8,0.0,0.0,,,-0.8,2.0,2.1,2.1,1.9,1.6,2.5,2.0,1.9,1.4,1.6,3.5,3.7,3.6,3.5,,,,48.0,47.0,13.1,12.6,8.8,4.4,4.3,7.8,8.1
06019,Silstrup,2025-11-24 19:00:00+00:00,2025-11-24,2025,11,24,19,0,56.93,8.6412,,,82.0,81.0,,,0.0,0.0,0.0,0.0,,993.1,998.5,0.0,0.0,,,-0.7,2.1,2.1,2.1,2.1,1.9,,2.1,2.1,,2.0,3.5,3.7,3.6,3.5,,,,47.0,46.0,12.4,11.3,8.6,4.8,4.4,7.8,8.1
06019,Silstrup,2025-11-24 20:00:00+00:00,2025-11-24,2025,11,24,20,0,56.93,8.6412,,,83.0,82.0,,,0.0,0.0,0.0,0.0,,993.8,999.2,0.0,0.0,,,-0.6,2.1,2.1,2.1,2.0,1.9,,2.1,2.0,,1.9,3.6,3.7,3.6,3.5,,,,43.0,45.0,12.0,10.2,8.0,5.2,4.6,7.5,7.5
06019,Silstrup,2025-11-24 21:00:00+00:00,2025-11-24,2025,11,24,21,0,56.93,8.6412,,,82.0,83.0,,,0.0,0.0,0.0,0.0,,994.4,999.7,0.0,0.0,,,-0.6,2.1,2.1,2.1,2.0,1.9,2.5,2.1,2.0,1.4,1.9,3.5,3.6,3.5,3.4,,,,40.0,41.0,11.3,10.3,7.9,4.6,4.2,7.4,7.4
06019,Silstrup,2025-11-24 22:00:00+00:00,2025-11-24,2025,11,24,22,0,56.93,8.6412,,,83.0,82.0,,,0.0,0.0,0.0,0.0,,995.0,1000.4,0.0,0.0,,,-0.5,2.2,2.3,2.3,2.2,2.1,,2.3,2.2,,2.1,3.4,3.6,3.5,3.4,,,,44.0,43.0,12.4,9.4,7.9,4.3,4.1,6.7,7.3
06019,Silstrup,2025-11-24 23:00:00+00:00,2025-11-24,2025,11,24,23,0,56.93,8.6412,,,84.0,83.0,,,0.0,0.0,0.0,0.0,,995.5,1000.9,0.0,0.0,,,-0.3,2.2,2.2,2.3,2.2,2.1,,2.3,2.2,,2.2,3.5,3.7,3.6,3.5,,,,46.0,45.0,10.9,10.9,7.9,4.8,4.5,7.4,7.3
06019,Silstrup,2025-11-25 00:00:00+00:00,2025-11-25,2025,11,25,0,0,56.93,8.6412,,,83.0,83.0,,,0.0,0.0,0.0,0.0,,996.1,1001.5,0.0,0.0,,,-0.5,2.1,2.0,2.2,2.1,1.9,2.5,2.2,2.1,1.4,2.0,3.6,3.7,3.6,3.5,,,,43.0,43.0,11.2,10.6,8.0,4.6,4.6,7.2,7.6
06019,Silstrup,2025-11-25 01:00:00+00:00,2025-11-25,2025,11,25,1,0,56.93,8.6412,,,83.0,83.0,,,0.0,0.0,0.0,0.0,,996.7,1002.1,0.0,0.0,,,-0.7,1.9,1.8,2.1,1.9,1.8,,2.0,1.9,,1.8,3.6,3.7,3.6,3.5,,,,42.0,43.0,11.2,11.2,8.3,4.6,4.2,8.0,7.4
06019,Silstrup,2025-11-25 02:00:00+00:00,2025-11-25,2025,11,25,2,0,56.93,8.6412,,,81.0,83.0,,,0.0,0.0,0.0,0.0,,997.2,1002.6,0.0,0.0,,,-0.9,2.1,2.1,2.1,2.0,1.7,,2.2,2.0,,1.8,3.5,3.6,3.5,3.5,,,,39.0,42.0,10.3,10.3,7.9,5.1,4.2,7.9,7.0
06019,Silstrup,2025-11-25 03:00:00+00:00,2025-11-25,2025,11,25,3,0,56.93,8.6412,,,79.0,79.0,,,0.0,0.0,0.0,0.0,,997.9,1003.3,0.0,0.0,,,-1.2,2.1,2.0,2.1,2.1,2.0,2.3,2.2,2.1,1.4,2.1,3.5,3.6,3.5,3.5,,,,45.0,43.0,11.8,10.5,8.5,4.8,4.7,7.4,7.8
06019,Silstrup,2025-11-25 04:00:00+00:00,2025-11-25,2025,11,25,4,0,56.93,8.6412,,,78.0,77.0,,,0.0,0.0,0.0,0.0,,998.7,1004.0,0.0,0.0,,,-1.3,2.1,2.0,2.1,2.0,1.8,,2.1,2.1,,1.9,3.5,3.6,3.5,3.4,,,,38.0,39.0,11.8,10.3,8.6,4.9,4.9,7.4,8.1
06019,Silstrup,2025-11-25 05:00:00+00:00,2025-11-25,2025,11,25,5,0,56.93,8.6412,,,78.0,77.0,,,0.0,0.0,0.0,0.0,,999.4,1004.8,0.0,0.0,,,-1.4,2.0,1.9,2.1,2.0,1.9,,2.1,2.1,,2.0,3.5,3.5,3.4,3.4,,,,32.0,34.0,11.0,10.4,8.2,4.4,4.4,7.0,7.6
06019,Silstrup,2025-11-25 06:00:00+00:00,2025-11-25,2025,11,25,6,0,56.93,8.6412,,,84.0,83.0,,,0.0,0.0,0.0,0.0,,1000.3,1005.7,0.0,0.0,,,-0.6,1.7,1.6,2.0,1.8,1.6,2.3,2.0,1.9,1.7,1.7,3.3,3.5,3.4,3.3,,,,46.0,41.0,9.2,7.7,6.8,3.3,3.3,5.5,6.1
06019,Silstrup,2025-11-25 07:00:00+00:00,2025-11-25,2025,11,25,7,0,56.93,8.6412,,,87.0,86.0,,,0.0,0.0,0.0,0.0,,1001.2,1006.7,0.0,0.0,,,-0.7,1.1,0.8,1.6,1.1,0.8,,1.7,1.3,,1.1,3.4,3.4,3.3,3.3,,,,39.0,42.0,10.6,10.6,7.8,4.6,3.2,7.1,6.7
06019,Silstrup,2025-11-25 08:00:00+00:00,2025-11-25,2025,11,25,8,0,56.93,8.6412,,,86.0,86.0,,,0.0,0.0,0.0,0.0,,1002.3,1007.7,9.0,3.0,,,-0.7,1.4,1.2,1.2,1.0,0.8,,1.5,1.3,,1.1,3.2,3.4,3.3,3.2,,,,44.0,41.0,10.8,9.9,7.6,5.1,4.4,7.5,7.2
06019,Silstrup,2025-11-25 09:00:00+00:00,2025-11-25,2025,11,25,9,0,56.93,8.6412,,,85.0,86.0,,,0.0,0.0,0.0,0.0,,1003.0,1008.5,27.0,18.0,0.0,0.0,-0.5,1.7,1.4,1.5,1.3,1.1,2.3,1.7,1.5,1.1,1.4,3.3,3.3,3.3,3.2,,,,44.0,42.0,10.8,9.0,7.5,4.1,4.1,6.3,7.1
06019,Silstrup,2025-11-25 10:00:00+00:00,2025-11-25,2025,11,25,10,0,56.93,8.6412,,,85.0,86.0,,,0.0,0.0,0.0,0.0,,1004.1,1009.5,144.0,49.0,10.0,12.0,0.1,2.3,2.4,2.4,1.6,1.3,,2.3,1.8,,1.5,3.0,3.5,3.2,3.0,,,,45.0,43.0,8.6,7.0,6.6,3.5,2.9,4.7,5.4
06019,Silstrup,2025-11-25 11:00:00+00:00,2025-11-25,2025,11,25,11,0,56.93,8.6412,,,84.0,85.0,,,0.0,0.0,0.0,0.0,,1004.8,1010.2,70.0,108.0,0.0,27.0,0.3,2.6,2.6,3.3,2.7,2.4,,2.8,2.5,,2.3,3.0,3.3,3.1,3.0,,,,47.0,45.0,9.0,9.0,6.4,4.0,3.1,6.2,5.4
06019,Silstrup,2025-11-25 12:00:00+00:00,2025-11-25,2025,11,25,12,0,56.93,8.6412,,,87.0,84.0,,,0.0,0.0,0.0,0.0,,1005.2,1010.6,63.0,141.0,0.0,39.0,0.3,2.3,2.4,3.4,3.1,2.4,3.0,3.0,2.7,1.1,2.3,3.5,3.5,3.2,3.1,,,,51.0,55.0,8.9,8.0,6.2,3.2,3.0,5.3,5.4
06019,Silstrup,2025-11-25 13:00:00+00:00,2025-11-25,2025,11,25,13,0,56.93,8.6412,,,88.0,87.0,,,0.0,0.0,0.0,0.0,,1005.9,1011.3,91.0,89.0,0.0,10.0,0.4,2.3,2.5,2.5,2.3,2.0,,2.3,2.1,,2.0,3.6,3.6,3.3,3.2,,,,65.0,60.0,8.0,4.9,6.2,2.1,2.1,3.4,4.6
06019,Silstrup,2025-11-25 14:00:00+00:00,2025-11-25,2025,11,25,14,0,56.93,8.6412,,,85.0,84.0,,,0.0,0.0,0.0,0.0,,1006.5,1012.0,53.0,79.0,0.0,16.0,0.0,2.3,2.2,3.3,2.7,2.2,,2.9,2.5,,2.2,3.3,3.6,3.4,3.3,,,,53.0,56.0,8.5,6.6,5.7,2.5,2.2,4.2,4.5
06019,Silstrup,2025-11-25 15:00:00+00:00,2025-11-25,2025,11,25,15,0,56.93,8.6412,,,86.0,85.0,,,0.0,0.0,0.0,0.0,,1007.2,1012.6,2.0,23.0,0.0,0.0,-0.1,2.1,1.6,2.2,1.9,1.6,3.0,2.3,2.2,1.1,2.0,3.8,3.8,3.6,3.3,,,,49.0,48.0,7.7,6.2,5.1,2.5,2.5,4.3,4.5
06019,Silstrup,2025-11-25 16:00:00+00:00,2025-11-25,2025,11,25,16,0,56.93,8.6412,,,89.0,87.0,,,0.0,0.0,0.0,0.0,,1008.1,1013.5,0.0,0.0,,0.0,-0.5,1.1,0.4,1.6,0.9,0.3,,2.0,1.4,,0.9,3.4,3.5,3.5,3.4,,,,43.0,42.0,5.7,4.6,4.3,2.3,2.3,3.4,3.7
06019,Silstrup,2025-11-25 17:00:00+00:00,2025-11-25,2025,11,25,17,0,56.93,8.6412,,,87.0,88.0,,,0.0,0.0,0.0,0.0,,1008.6,1014.1,0.0,0.0,,,-0.5,1.4,0.6,1.0,0.8,0.4,,1.6,1.4,,1.1,3.5,3.5,3.4,3.3,,,,48.0,48.0,5.5,4.9,3.7,2.2,2.1,3.4,3.4
06019,Silstrup,2025-11-25 18:00:00+00:00,2025-11-25,2025,11,25,18,0,56.93,8.6412,,,89.0,88.0,,,0.0,0.0,0.0,0.0,,1009.4,1014.9,0.0,0.0,,,-0.3,1.3,0.6,0.8,0.4,0.1,3.0,1.5,1.2,0.8,0.8,3.1,3.4,3.3,3.1,,,,49.0,45.0,5.1,4.7,3.3,1.9,1.9,3.1,3.1
06019,Silstrup,2025-11-25 19:00:00+00:00,2025-11-25,2025,11,25,19,0,56.93,8.6412,,,89.0,88.0,,,0.0,0.0,0.0,0.0,,1010.0,1015.5,0.0,0.0,,,-0.1,1.6,1.0,1.3,1.1,0.6,,2.0,1.8,,1.4,3.2,3.3,3.2,3.0,,,,,64.0,5.9,4.7,3.9,1.8,1.8,,3.4
06019,Silstrup,2025-11-25 20:00:00+00:00,2025-11-25,2025,11,25,20,0,56.93,8.6412,,,92.0,90.0,,,0.0,0.0,0.0,0.0,,1010.8,1016.3,0.0,0.0,,,-1.0,0.2,-1.3,1.0,-0.2,-1.3,,1.5,0.7,,-0.2,3.1,3.3,3.2,3.1,,,,14.0,32.0,4.2,2.6,3.0,1.0,0.9,1.6,2.0
06019,Silstrup,2025-11-25 21:00:00+00:00,2025-11-25,2025,11,25,21,0,56.93,8.6412,,,90.0,91.0,,,0.0,0.0,0.0,0.0,,1011.0,1016.5,0.0,0.0,,,-1.6,-0.1,-1.5,-1.1,-1.4,-1.7,3.0,0.6,0.2,-0.5,-0.5,3.0,3.1,3.1,3.0,,,,351.0,12.0,2.7,2.4,2.1,1.4,0.9,2.0,1.9
06019,Silstrup,2025-11-25 22:00:00+00:00,2025-11-25,2025,11,25,22,0,56.93,8.6412,,,91.0,92.0,,,0.0,0.0,0.0,0.0,,1011.4,1016.9,0.0,0.0,,,-1.2,0.1,-0.7,-0.7,-1.6,-2.1,,0.4,-0.3,,-0.9,2.9,3.0,2.9,2.9,,,,8.0,352.0,3.4,3.2,2.5,1.1,1.0,2.1,2.1
06019,Silstrup,2025-11-25 23:00:00+00:00,2025-11-25,2025,11,25,23,0,56.93,8.6412,,,89.0,91.0,,,0.0,0.0,0.0,0.0,,1011.8,1017.3,0.0,0.0,,,-1.0,0.6,0.0,0.0,-0.8,-1.3,,0.7,0.2,,-0.2,2.8,2.9,2.8,2.8,,,,22.0,360.0,3.4,3.2,2.4,1.7,0.9,2.3,2.2
06019,Silstrup,2025-11-26 00:00:00+00:00,2025-11-26,2025,11,26,0,0,56.93,8.6412,,,90.0,90.0,,,0.0,0.0,0.0,0.0,,1012.2,1017.7,0.0,0.0,,,-0.6,0.9,-0.9,-0.1,-0.3,-0.9,2.9,1.2,0.9,-0.9,0.5,2.7,2.8,2.8,2.7,,,,35.0,38.0,2.7,2.0,2.3,1.4,1.4,1.6,2.0
06019,Silstrup,2025-11-26 01:00:00+00:00,2025-11-26,2025,11,26,1,0,56.93,8.6412,,,93.0,91.0,,,0.0,0.0,0.0,0.0,,1012.4,1017.9,0.0,0.0,,,-0.9,0.1,-2.3,-1.0,-1.8,-2.3,,1.3,0.6,,-0.1,2.8,2.9,2.8,2.7,,,,340.0,24.0,2.7,1.7,2.3,0.9,0.8,1.3,1.6
06019,Silstrup,2025-11-26 02:00:00+00:00,2025-11-26,2025,11,26,2,0,56.93,8.6412,,,93.0,93.0,,,0.0,0.0,0.0,0.0,,1012.7,1018.2,0.0,0.0,,,-1.7,-0.7,-2.9,-1.8,-2.5,-3.1,,0.2,-0.1,,-0.7,2.8,2.9,2.8,2.7,,,,355.0,357.0,1.9,1.9,1.6,0.6,0.6,1.4,1.4
06019,Silstrup,2025-11-26 03:00:00+00:00,2025-11-26,2025,11,26,3,0,56.93,8.6412,,,95.0,95.0,,,0.0,0.0,0.0,0.0,,1012.7,1018.2,0.0,0.0,,,-1.1,-0.3,-2.6,-2.6,-2.9,-3.3,2.0,0.0,-0.4,-1.0,-1.0,2.7,2.8,2.7,2.7,,,,318.0,320.0,2.1,2.1,1.8,1.4,0.6,1.8,1.3
06019,Silstrup,2025-11-26 04:00:00+00:00,2025-11-26,2025,11,26,4,0,56.93,8.6412,,,95.0,95.0,,,0.0,0.0,0.0,0.0,,1013.1,1018.6,0.0,0.0,,,-0.6,0.0,-2.6,-2.3,-2.8,-3.7,,0.2,-0.5,,-1.3,2.7,2.8,2.7,2.7,,,,315.0,313.0,2.8,1.6,2.3,0.8,0.1,1.3,1.4
06019,Silstrup,2025-11-26 05:00:00+00:00,2025-11-26,2025,11,26,5,0,56.93,8.6412,,,92.0,93.0,,,0.0,0.0,0.0,0.0,,1013.1,1018.6,0.0,0.0,,,-0.5,0.6,-1.7,-1.0,-1.8,-2.8,,1.0,0.6,,0.0,2.6,2.7,2.6,2.6,,,,0.0,304.0,1.0,0.0,1.2,0.0,0.0,0.0,0.1
06019,Silstrup,2025-11-26 06:00:00+00:00,2025-11-26,2025,11,26,6,0,56.93,8.6412,,,90.0,91.0,,,0.0,0.0,0.0,0.0,,1013.5,1019.0,0.0,0.0,,,-0.5,1.0,-1.4,-1.4,-1.9,-2.2,2.0,1.1,0.4,-1.3,-0.7,2.7,2.7,2.7,2.6,,,,205.0,207.0,0.8,0.8,0.4,0.0,0.0,0.4,0.1
06019,Silstrup,2025-11-26 07:00:00+00:00,2025-11-26,2025,11,26,7,0,56.93,8.6412,,,94.0,92.0,,,0.0,0.0,0.0,0.0,,1013.8,1019.3,0.0,0.0,,,-1.2,-0.3,-3.3,-1.3,-2.0,-3.3,,0.9,0.2,,-0.6,2.6,2.6,2.5,2.5,,,,230.0,226.0,2.2,2.2,1.9,1.4,0.0,1.9,0.6
06019,Silstrup,2025-11-26 08:00:00+00:00,2025-11-26,2025,11,26,8,0,56.93,8.6412,,,94.0,95.0,,,0.0,0.0,0.0,0.0,,1014.2,1019.7,19.0,7.0,,,-1.4,-0.6,-2.6,-2.6,-3.0,-3.3,,-0.3,-0.7,,-1.1,2.5,2.6,2.5,2.4,,,,231.0,248.0,2.2,1.9,1.9,0.5,0.4,1.2,1.4
06019,Silstrup,2025-11-26 09:00:00+00:00,2025-11-26,2025,11,26,9,0,56.93,8.6412,,,92.0,93.0,,,0.0,0.0,0.0,0.0,,1014.5,1020.0,101.0,60.0,1.0,1.0,-1.6,-0.5,-0.9,-0.9,-1.6,-2.7,1.3,0.4,-0.1,-1.3,-0.7,2.5,2.5,2.5,2.4,,,,213.0,217.0,2.4,2.4,2.1,1.6,0.8,2.1,1.5
06019,Silstrup,2025-11-26 10:00:00+00:00,2025-11-26,2025,11,26,10,0,56.93,8.6412,,,92.0,92.0,,,0.0,0.0,0.0,0.0,,1014.7,1020.2,162.0,134.0,10.0,60.0,-0.1,1.1,1.9,1.9,0.5,-0.9,,1.1,0.6,,-0.4,2.3,2.6,2.5,2.3,,,,196.0,194.0,2.8,2.2,2.4,1.0,1.0,1.6,2.0
06019,Silstrup,2025-11-26 11:00:00+00:00,2025-11-26,2025,11,26,11,0,56.93,8.6412,,,94.0,91.0,,,0.0,0.0,0.0,0.0,,1014.5,1020.0,187.0,178.0,10.0,60.0,0.6,1.4,2.7,2.7,2.5,2.0,,1.5,1.4,,1.1,2.1,2.2,2.2,2.1,,,,191.0,190.0,3.0,3.0,2.5,1.6,1.3,2.3,2.1
06019,Silstrup,2025-11-26 12:00:00+00:00,2025-11-26,2025,11,26,12,0,56.93,8.6412,,,86.0,92.0,,,0.0,0.0,0.0,0.0,,1014.0,1019.5,182.0,186.0,10.0,60.0,0.6,2.8,3.9,3.9,3.3,2.6,2.8,2.8,2.1,-1.3,1.4,2.1,2.1,2.1,2.1,,,,200.0,190.0,3.2,2.7,2.5,1.7,1.5,2.2,2.3
06019,Silstrup,2025-11-26 14:00:00+00:00,2025-11-26,2025,11,26,14,0,56.93,8.6412,,,91.0,89.0,,,0.0,0.0,0.0,0.0,,1013.5,1019.0,56.0,93.0,0.0,20.0,0.0,1.4,1.9,3.3,2.6,1.9,,2.7,2.0,,1.4,2.4,2.4,2.3,2.1,,,,195.0,192.0,4.1,3.7,3.3,2.1,1.5,2.7,2.8
06019,Silstrup,2025-11-26 15:00:00+00:00,2025-11-26,2025,11,26,15,0,56.93,8.6412,,,94.0,92.0,,,0.0,0.0,0.0,0.0,,1013.5,1019.0,2.0,20.0,0.0,0.0,-0.5,0.4,0.0,1.9,0.8,0.0,,1.4,0.9,,0.4,2.2,2.3,2.2,2.1,,,,189.0,190.0,4.2,3.6,3.3,2.4,1.9,3.0,2.9
06019,Silstrup,2025-11-26 16:00:00+00:00,2025-11-26,2025,11,26,16,0,56.93,8.6412,,,96.0,95.0,,,0.0,0.0,0.0,0.0,,1013.2,1018.7,0.0,0.0,,0.0,-0.5,0.1,-1.1,-0.1,-0.7,-1.1,,0.6,0.3,,0.1,2.4,2.4,2.3,2.2,,,,184.0,182.0,3.7,2.9,3.0,1.9,1.9,2.3,2.6
06019,Silstrup,2025-11-26 17:00:00+00:00,2025-11-26,2025,11,26,17,0,56.93,8.6412,,,96.0,96.0,,,0.0,0.0,0.0,0.0,,1013.2,1018.7,0.0,0.0,,,-0.6,0.0,-1.0,-1.0,-1.3,-1.6,,0.4,0.1,,-0.2,2.3,2.4,2.4,2.3,,,,165.0,173.0,3.8,3.7,3.0,2.1,1.8,2.8,2.6
06019,Silstrup,2025-11-26 18:00:00+00:00,2025-11-26,2025,11,26,18,0,56.93,8.6412,,,97.0,96.0,,,0.0,0.0,0.0,0.0,,1013.0,1018.5,0.0,0.0,,,-0.2,0.2,-0.1,-0.1,-0.8,-1.2,3.2,0.2,0.0,-1.1,-0.3,2.4,2.4,2.4,2.4,,,,167.0,172.0,4.7,4.0,3.7,2.8,2.2,3.4,3.2
06019,Silstrup,2025-11-26 19:00:00+00:00,2025-11-26,2025,11,26,19,0,56.93,8.6412,,,97.0,97.0,,,0.0,0.0,0.0,0.0,,1012.7,1018.2,0.0,0.0,,,0.4,0.9,1.0,1.1,0.8,-0.1,,1.1,0.9,,0.3,2.3,2.4,2.3,2.3,,,,187.0,169.0,5.7,4.3,4.1,2.2,2.2,3.2,3.6
06019,Silstrup,2025-11-26 20:00:00+00:00,2025-11-26,2025,11,26,20,0,56.93,8.6412,,,93.0,95.0,,,0.0,0.0,0.0,0.0,,1012.1,1017.6,0.0,0.0,,,0.4,1.4,1.3,1.3,1.0,0.8,,1.4,1.0,,0.8,2.2,2.4,2.3,2.2,,,,181.0,179.0,5.0,5.0,3.5,2.4,2.1,3.2,3.2
06019,Silstrup,2025-11-26 21:00:00+00:00,2025-11-26,2025,11,26,21,0,56.93,8.6412,,,96.0,94.0,,,0.0,0.0,0.0,0.0,,1011.3,1016.8,0.0,0.0,,,0.4,1.0,0.9,1.4,1.3,0.9,,1.5,1.3,,1.0,2.3,2.3,2.2,2.1,,,,170.0,179.0,6.3,6.3,4.3,2.7,2.2,4.3,3.6
06019,Silstrup,2025-11-26 22:00:00+00:00,2025-11-26,2025,11,26,22,0,56.93,8.6412,,,97.0,97.0,,,0.0,0.0,0.0,0.0,,1010.4,1015.9,0.0,0.0,,,-0.1,0.4,0.5,1.0,0.6,0.4,,1.0,0.5,,0.3,2.4,2.4,2.3,2.3,,,,172.0,172.0,6.2,5.5,4.8,2.8,2.1,4.1,4.2
06019,Silstrup,2025-11-26 23:00:00+00:00,2025-11-26,2025,11,26,23,0,56.93,8.6412,,,88.0,90.0,,,0.0,0.0,0.0,0.0,,1009.6,1015.1,0.0,0.0,,,-0.6,1.2,1.1,1.3,1.0,0.5,,1.3,1.1,,0.4,2.2,2.4,2.2,2.2,,,,181.0,178.0,7.9,7.8,5.8,3.5,3.1,5.7,5.0
06019,Silstrup,2025-11-27 00:00:00+00:00,2025-11-27,2025,11,27,0,0,56.93,8.6412,,,87.0,87.0,,,0.0,0.0,0.0,0.0,,1008.2,1013.7,0.0,0.0,,,-1.0,1.0,0.9,1.1,1.0,0.8,3.2,1.2,1.1,-0.2,1.0,2.3,2.3,2.3,2.2,,,,177.0,179.0,9.3,8.4,6.3,4.2,3.3,5.9,5.7
06019,Silstrup,2025-11-27 01:00:00+00:00,2025-11-27,2025,11,27,1,0,56.93,8.6412,,,89.0,88.0,,,0.0,0.0,0.0,0.0,,1007.3,1012.8,0.0,0.0,,,-0.4,1.2,1.1,1.1,1.0,0.9,,1.2,1.1,,1.0,2.4,2.4,2.3,2.2,,,,181.0,179.0,8.5,8.0,6.0,3.4,3.4,5.6,5.6
06019,Silstrup,2025-11-27 02:00:00+00:00,2025-11-27,2025,11,27,2,0,56.93,8.6412,,,92.0,91.0,,,0.0,0.0,0.0,0.0,,1006.3,1011.7,0.0,0.0,,,1.0,2.2,2.1,2.1,1.4,1.0,,2.2,1.6,,1.2,2.3,2.4,2.4,2.3,,,,176.0,178.0,10.0,10.0,6.5,4.6,3.8,6.5,6.0
06019,Silstrup,2025-11-27 03:00:00+00:00,2025-11-27,2025,11,27,3,0,56.93,8.6412,,,93.0,92.0,,,0.0,0.0,0.0,0.0,,1005.1,1010.5,0.0,0.0,,,1.5,2.5,2.5,2.5,2.3,2.1,2.5,2.5,2.3,-0.2,2.2,2.3,2.4,2.3,2.3,,,,181.0,178.0,10.3,10.2,7.1,4.5,3.9,6.9,6.7
06019,Silstrup,2025-11-27 04:00:00+00:00,2025-11-27,2025,11,27,4,0,56.93,8.6412,,,94.0,94.0,,,0.0,0.0,0.0,0.0,,1003.9,1009.3,0.0,0.0,,,2.1,3.0,3.1,3.1,2.7,2.4,,3.1,2.8,,2.5,2.4,2.5,2.4,2.3,,,,181.0,180.0,13.5,11.2,8.1,4.5,4.2,7.9,7.4
06019,Silstrup,2025-11-27 05:00:00+00:00,2025-11-27,2025,11,27,5,0,56.93,8.6412,,,96.0,95.0,,,0.0,0.0,0.0,0.0,,1002.8,1008.2,0.0,0.0,,,3.1,3.6,3.6,3.6,3.3,3.0,,3.6,3.3,,3.0,2.3,2.5,2.4,2.3,,,,182.0,182.0,12.4,11.3,8.5,5.0,5.0,7.9,8.0
06019,Silstrup,2025-11-27 06:00:00+00:00,2025-11-27,2025,11,27,6,0,56.93,8.6412,,,97.0,97.0,,,0.0,1.0,0.0,0.3,,1001.7,1007.0,0.0,0.0,,,3.9,4.4,4.5,4.5,4.1,3.6,4.4,4.4,4.0,0.3,3.6,2.5,2.6,2.5,2.4,,,,181.0,179.0,13.0,13.0,8.7,5.9,4.8,8.3,8.2
06019,Silstrup,2025-11-27 07:00:00+00:00,2025-11-27,2025,11,27,7,0,56.93,8.6412,,,97.0,97.0,,,0.0,2.0,0.0,0.5,,1000.7,1006.1,0.0,0.0,,,4.7,5.1,5.1,5.1,4.9,4.5,,5.1,4.9,,4.5,2.8,2.8,2.7,2.5,,,,183.0,182.0,13.6,13.6,9.8,6.5,5.5,9.5,9.1
06019,Silstrup,2025-11-27 08:00:00+00:00,2025-11-27,2025,11,27,8,0,56.93,8.6412,,,97.0,97.0,,,0.0,3.0,0.0,1.0,,999.9,1005.2,2.0,0.0,,,5.2,5.7,5.6,5.6,5.3,5.1,,5.7,5.3,,5.1,3.1,3.1,2.9,2.8,,,,185.0,184.0,15.9,14.4,10.8,7.3,6.1,10.3,10.1
06019,Silstrup,2025-11-27 09:00:00+00:00,2025-11-27,2025,11,27,9,0,56.93,8.6412,,,96.0,96.0,,,0.0,3.0,0.0,1.2,,998.9,1004.2,12.0,6.0,0.0,0.0,5.4,6.0,5.9,6.0,5.8,5.6,6.0,6.0,5.9,0.3,5.7,3.4,3.4,3.1,3.0,,,,186.0,186.0,16.7,16.7,11.3,7.3,6.4,10.8,10.9
06019,Silstrup,2025-11-27 10:00:00+00:00,2025-11-27,2025,11,27,10,0,56.93,8.6412,,,97.0,96.0,,,1.0,2.0,0.4,0.8,0.0,998.5,1003.8,18.0,20.0,0.0,0.0,6.1,6.5,6.5,6.5,6.3,5.9,,6.5,6.3,,6.0,3.7,3.7,3.5,3.4,,,,191.0,190.0,17.8,17.5,12.4,8.1,7.5,11.9,11.6
06019,Silstrup,2025-11-27 11:00:00+00:00,2025-11-27,2025,11,27,11,0,56.93,8.6412,,,99.0,98.0,,,0.0,1.0,0.0,0.5,,997.6,1002.9,17.0,22.0,0.0,0.0,6.5,6.7,6.8,6.8,6.6,6.5,,6.7,6.6,,6.5,3.6,3.6,3.6,3.5,,,,193.0,191.0,17.1,15.0,12.7,8.0,7.4,11.0,11.6
06019,Silstrup,2025-11-27 12:00:00+00:00,2025-11-27,2025,11,27,12,0,56.93,8.6412,,,99.0,99.0,,,1.0,2.0,0.3,0.7,0.0,997.4,1002.7,24.0,24.0,0.0,0.0,7.2,7.3,7.4,7.4,7.0,6.8,7.3,7.3,6.9,1.0,6.7,4.0,4.3,4.0,3.8,,,,196.0,194.0,16.4,14.0,11.8,7.7,6.6,10.6,11.0
06019,Silstrup,2025-11-27 13:00:00+00:00,2025-11-27,2025,11,27,13,0,56.93,8.6412,,,100.0,100.0,,,0.0,1.0,0.0,0.2,,997.6,1002.8,18.0,18.0,0.0,0.0,9.1,9.1,9.1,9.1,8.3,7.4,,9.1,8.3,,7.3,4.2,4.4,4.2,4.1,,,,214.0,206.0,13.4,9.9,10.4,5.0,5.0,6.7,8.5
06019,Silstrup,2025-11-27 14:00:00+00:00,2025-11-27,2025,11,27,14,0,56.93,8.6412,,,100.0,100.0,,,0.0,1.0,0.0,0.2,,997.6,1002.8,8.0,12.0,0.0,0.0,10.0,10.0,10.0,10.0,9.8,9.2,,10.0,9.8,,9.2,4.5,4.8,4.6,4.5,,,,226.0,225.0,13.0,11.7,9.4,5.5,4.9,8.4,8.6
06019,Silstrup,2025-11-27 15:00:00+00:00,2025-11-27,2025,11,27,15,0,56.93,8.6412,,,100.0,100.0,,,0.0,2.0,0.0,0.5,,997.7,1003.0,0.0,3.0,0.0,0.0,10.0,10.0,9.9,10.1,10.0,9.9,,10.0,10.0,,9.9,5.2,5.2,4.8,4.5,,,,225.0,226.0,12.3,11.7,8.8,4.7,4.7,8.2,8.4
06019,Silstrup,2025-11-27 16:00:00+00:00,2025-11-27,2025,11,27,16,0,56.93,8.6412,,,100.0,100.0,,,1.0,,0.2,,0.0,997.9,1003.1,0.0,0.0,,0.0,10.0,10.0,10.1,10.1,10.0,10.0,,10.0,10.0,,10.0,5.0,5.2,5.0,5.0,,,,225.0,226.0,13.5,11.3,9.0,5.1,4.9,7.9,8.2
06019,Silstrup,2025-11-27 17:00:00+00:00,2025-11-27,2025,11,27,17,0,56.93,8.6412,,,100.0,100.0,,,0.0,0.0,0.0,0.0,,998.3,1003.5,0.0,0.0,,,10.1,10.1,10.1,10.1,10.0,9.9,,10.1,10.0,,9.9,5.2,5.2,5.2,5.1,,,,215.0,217.0,11.0,10.5,7.8,5.2,4.2,7.4,7.1
06019,Silstrup,2025-11-27 18:00:00+00:00,2025-11-27,2025,11,27,18,0,56.93,8.6412,,,100.0,100.0,,,0.0,,0.0,,,998.0,1003.3,0.0,0.0,,,10.1,10.1,10.1,10.2,10.1,10.1,10.1,10.1,10.1,4.5,10.0,5.4,5.4,5.3,5.2,,,,212.0,215.0,12.9,12.9,8.5,5.7,4.7,8.4,7.8
06019,Silstrup,2025-11-27 19:00:00+00:00,2025-11-27,2025,11,27,19,0,56.93,8.6412,,,,,,,0.0,0.0,,,,998.2,1003.4,,,,,,,,10.1,10.0,9.9,,,,,,5.8,5.8,5.6,5.4,,,,,,14.1,,,6.4,6.4,,
06019,Silstrup,2025-11-27 20:00:00+00:00,2025-11-27,2025,11,27,20,0,56.93,8.6412,,,100.0,100.0,,,0.0,0.0,0.0,0.0,,997.9,1003.1,0.0,0.0,,,9.9,9.9,9.9,10.0,9.9,9.8,,9.9,9.9,,9.8,6.0,6.1,5.9,5.7,,,,204.0,207.0,12.2,11.5,9.3,5.1,5.0,8.4,8.4
06019,Silstrup,2025-11-27 21:00:00+00:00,2025-11-27,2025,11,27,21,0,56.93,8.6412,,,100.0,100.0,,,0.0,2.0,0.0,0.5,,997.8,1003.0,0.0,0.0,,,10.1,10.1,10.1,10.2,10.1,9.8,,10.2,10.0,,9.8,5.9,6.0,5.9,5.9,,,,209.0,209.0,14.9,14.9,11.0,6.7,5.3,10.7,9.9
06019,Silstrup,2025-11-27 22:00:00+00:00,2025-11-27,2025,11,27,22,0,56.93,8.6412,,,99.0,99.0,,,0.0,3.0,0.0,1.0,,997.7,1002.9,0.0,0.0,,,10.0,10.2,10.2,10.2,10.2,10.1,,10.2,10.2,,10.1,6.1,6.1,6.0,6.0,,,,209.0,207.0,15.9,13.6,11.0,7.5,6.2,10.5,10.5
06019,Silstrup,2025-11-27 23:00:00+00:00,2025-11-27,2025,11,27,23,0,56.93,8.6412,,,99.0,99.0,,,1.0,2.0,0.3,0.6,0.0,997.7,1002.9,0.0,0.0,,,10.1,10.2,10.3,10.4,10.3,10.2,,10.3,10.3,,10.2,6.3,6.3,6.2,6.1,,,,209.0,210.0,15.0,13.2,10.8,6.8,6.3,10.0,10.2
06019,Silstrup,2025-11-28 00:00:00+00:00,2025-11-28,2025,11,28,0,0,56.93,8.6412,,,99.0,99.0,,,0.0,0.0,0.0,0.0,,997.3,1002.6,0.0,0.0,,,10.4,10.5,10.5,10.5,10.3,10.2,10.5,10.5,10.3,7.3,10.2,6.4,6.4,6.3,6.3,,,,213.0,212.0,14.8,13.3,10.3,6.7,6.5,10.0,9.8
06019,Silstrup,2025-11-28 01:00:00+00:00,2025-11-28,2025,11,28,1,0,56.93,8.6412,,,97.0,99.0,,,0.0,0.0,0.0,0.0,,997.1,1002.3,0.0,0.0,,,10.6,11.0,10.7,10.7,10.6,10.5,,11.0,10.7,,10.5,7.0,7.0,6.7,6.4,,,,221.0,218.0,15.0,15.0,10.7,6.9,6.3,10.7,10.0
06019,Silstrup,2025-11-28 02:00:00+00:00,2025-11-28,2025,11,28,2,0,56.93,8.6412,,,98.0,98.0,,,0.0,0.0,0.0,0.0,,997.2,1002.4,0.0,0.0,,,10.7,11.0,11.0,11.0,10.9,10.7,,11.0,11.0,,10.9,6.7,6.8,6.7,6.6,,,,224.0,223.0,16.6,14.3,11.5,6.9,6.2,10.6,10.7
06019,Silstrup,2025-11-28 03:00:00+00:00,2025-11-28,2025,11,28,3,0,56.93,8.6412,,,96.0,97.0,,,0.0,0.0,0.0,0.0,,997.6,1002.8,0.0,0.0,,,10.2,10.8,10.8,11.0,10.9,10.8,,11.1,10.9,,10.8,6.8,6.8,6.8,6.7,,,,230.0,230.0,16.0,11.4,11.1,5.7,5.7,8.8,9.8
06019,Silstrup,2025-11-28 04:00:00+00:00,2025-11-28,2025,11,28,4,0,56.93,8.6412,,,95.0,96.0,,,0.0,0.0,0.0,0.0,,997.8,1003.0,0.0,0.0,,,9.6,10.3,10.1,10.8,10.4,10.0,,10.8,10.5,,10.2,6.9,6.9,6.9,6.8,,,,227.0,228.0,13.6,13.6,9.7,6.7,6.1,9.6,9.2
06019,Silstrup,2025-11-28 05:00:00+00:00,2025-11-28,2025,11,28,5,0,56.93,8.6412,,,94.0,95.0,,,0.0,0.0,0.0,0.0,,998.2,1003.4,0.0,0.0,,,8.4,9.3,8.9,10.0,9.4,8.9,,10.2,9.6,,9.3,7.1,7.1,7.1,7.0,,,,229.0,228.0,12.4,11.1,9.5,6.0,5.2,8.2,8.7
06019,Silstrup,2025-11-28 06:00:00+00:00,2025-11-28,2025,11,28,6,0,56.93,8.6412,,,92.0,93.0,,,0.0,0.0,0.0,0.0,,998.1,1003.3,0.0,0.0,,,7.6,8.8,8.3,9.0,8.6,8.3,11.1,9.4,9.1,8.8,8.8,7.1,7.2,7.1,7.0,,,,221.0,223.0,10.9,9.9,8.4,5.7,5.3,7.5,7.7
06019,Silstrup,2025-11-28 07:00:00+00:00,2025-11-28,2025,11,28,7,0,56.93,8.6412,,,89.0,91.0,,,0.0,,0.0,,,998.4,1003.7,0.0,0.0,,,6.7,8.4,7.9,8.4,8.1,7.9,,8.8,8.6,,8.4,6.8,7.1,6.9,6.8,,,,217.0,219.0,10.0,8.5,7.5,5.0,4.4,6.5,6.8
06019,Silstrup,2025-11-28 08:00:00+00:00,2025-11-28,2025,11,28,8,0,56.93,8.6412,,,93.0,92.0,,,0.0,0.0,0.0,0.0,,998.7,1003.9,12.0,1.0,,,7.5,8.6,8.1,8.2,7.8,7.4,,8.6,8.2,,7.7,6.7,6.9,6.8,6.7,,,,214.0,211.0,9.7,9.7,6.8,4.9,3.9,6.8,6.2
06019,Silstrup,2025-11-28 09:00:00+00:00,2025-11-28,2025,11,28,9,0,56.93,8.6412,,,92.0,90.0,,,0.0,0.0,0.0,0.0,,998.5,1003.8,73.0,45.0,1.0,1.0,7.4,8.7,8.6,8.8,8.5,8.2,,9.1,8.9,,8.7,6.6,6.8,6.7,6.6,,,,207.0,210.0,11.3,8.8,8.2,4.3,4.3,6.4,7.4
06019,Silstrup,2025-11-28 10:00:00+00:00,2025-11-28,2025,11,28,10,0,56.93,8.6412,,,88.0,88.0,,,0.0,0.0,0.0,0.0,,998.8,1004.0,100.0,93.0,10.0,60.0,7.9,9.8,9.7,9.7,9.3,8.6,,9.9,9.5,,8.8,6.7,6.9,6.7,6.6,,,,216.0,213.0,12.6,12.6,9.0,5.6,5.4,8.2,8.2
06019,Silstrup,2025-11-28 11:00:00+00:00,2025-11-28,2025,11,28,11,0,56.93,8.6412,,,86.0,87.0,,,0.0,0.0,0.0,0.0,,998.5,1003.8,117.0,90.0,10.0,36.0,7.5,9.7,9.6,9.7,9.5,9.3,,9.8,9.7,,9.4,6.6,6.9,6.6,6.6,,,,215.0,217.0,12.6,11.5,9.0,5.9,4.9,8.5,8.4
06019,Silstrup,2025-11-28 12:00:00+00:00,2025-11-28,2025,11,28,12,0,56.93,8.6412,,,86.0,86.0,,,0.0,0.0,0.0,0.0,,998.2,1003.4,73.0,95.0,0.0,18.0,7.4,9.6,9.4,9.7,9.5,9.4,11.1,9.7,9.6,7.7,9.5,6.7,6.9,6.8,6.7,,,,212.0,213.0,14.0,14.0,9.2,6.2,5.3,8.9,8.5
06019,Silstrup,2025-11-28 13:00:00+00:00,2025-11-28,2025,11,28,13,0,56.93,8.6412,,,85.0,85.0,,,0.0,0.0,0.0,0.0,,997.8,1003.0,75.0,95.0,0.0,0.0,7.0,9.4,9.2,9.5,9.4,9.2,,9.7,9.5,,9.4,7.2,7.2,6.9,6.7,,,,212.0,214.0,14.0,11.8,9.2,5.6,5.0,8.6,8.6
06019,Silstrup,2025-11-28 14:00:00+00:00,2025-11-28,2025,11,28,14,0,56.93,8.6412,,,90.0,88.0,,,0.0,0.0,0.0,0.0,,997.2,1002.4,42.0,55.0,0.0,0.0,7.2,8.8,8.6,9.2,8.9,8.6,,9.5,9.1,,8.8,6.8,6.9,6.8,6.8,,,,205.0,206.0,13.5,11.5,9.4,6.0,5.1,8.4,8.6
06019,Silstrup,2025-11-28 15:00:00+00:00,2025-11-28,2025,11,28,15,0,56.93,8.6412,,,92.0,91.0,,,0.0,0.0,0.0,0.0,,997.2,1002.4,0.0,17.0,0.0,0.0,7.1,8.2,7.9,8.6,8.3,7.9,,8.8,8.6,,8.2,7.2,7.2,7.0,6.8,,,,198.0,204.0,12.1,10.2,8.7,5.0,5.0,7.2,8.1
06019,Silstrup,2025-11-28 16:00:00+00:00,2025-11-28,2025,11,28,16,0,56.93,8.6412,,,94.0,94.0,,,0.0,0.0,0.0,0.0,,997.0,1002.2,0.0,0.0,,0.0,7.3,8.2,7.9,8.1,7.9,7.7,,8.3,8.2,,8.0,6.8,7.2,6.9,6.8,,,,204.0,202.0,11.1,10.3,8.1,5.3,4.8,7.9,7.6
06019,Silstrup,2025-11-28 17:00:00+00:00,2025-11-28,2025,11,28,17,0,56.93,8.6412,,,95.0,94.0,,,0.0,0.0,0.0,0.0,,996.7,1002.0,0.0,0.0,,,7.0,7.8,7.6,8.1,7.8,7.5,,8.3,8.0,,7.8,6.7,6.9,6.8,6.7,,,,202.0,201.0,11.0,9.6,7.9,4.9,4.8,7.1,7.4
06019,Silstrup,2025-11-28 18:00:00+00:00,2025-11-28,2025,11,28,18,0,56.93,8.6412,,,94.0,94.0,,,0.0,0.0,0.0,0.0,,996.4,1001.7,0.0,0.0,,,6.9,7.8,7.6,7.8,7.5,7.1,9.9,7.9,7.8,7.5,7.5,6.8,6.8,6.8,6.7,,,,196.0,201.0,10.8,9.2,7.1,4.7,4.1,6.9,6.7
06019,Silstrup,2025-11-28 19:00:00+00:00,2025-11-28,2025,11,28,19,0,56.93,8.6412,,,94.0,94.0,,,0.0,0.0,0.0,0.0,,995.7,1001.0,0.0,0.0,,,6.8,7.7,7.4,7.6,7.5,7.3,,7.9,7.7,,7.6,6.7,6.8,6.7,6.7,,,,191.0,191.0,11.2,10.8,8.1,5.9,4.8,8.0,7.7
06019,Silstrup,2025-11-28 20:00:00+00:00,2025-11-28,2025,11,28,20,0,56.93,8.6412,,,92.0,94.0,,,0.0,0.0,0.0,0.0,,994.8,1000.1,0.0,0.0,,,6.9,8.1,7.9,7.9,7.6,7.3,,8.1,7.9,,7.7,6.6,6.8,6.7,6.6,,,,186.0,190.0,13.4,12.4,9.1,5.7,5.4,8.6,8.8
06019,Silstrup,2025-11-28 21:00:00+00:00,2025-11-28,2025,11,28,21,0,56.93,8.6412,,,91.0,92.0,,,0.0,0.0,0.0,0.0,,993.9,999.2,0.0,0.0,,,6.9,8.2,8.1,8.1,8.0,7.8,9.9,8.3,8.2,7.5,8.0,6.5,6.8,6.6,6.5,,,,191.0,189.0,15.4,14.3,10.3,7.4,5.9,10.1,9.8
06019,Silstrup,2025-11-28 22:00:00+00:00,2025-11-28,2025,11,28,22,0,56.93,8.6412,,,81.0,91.0,,,1.0,2.0,0.4,0.8,0.0,993.8,999.1,0.0,0.0,,,4.8,7.8,7.4,8.4,8.1,7.4,,8.5,8.3,,7.8,6.6,6.7,6.6,6.6,,,,221.0,201.0,15.8,15.8,11.5,6.9,6.1,11.3,10.1
06019,Silstrup,2025-11-28 23:00:00+00:00,2025-11-28,2025,11,28,23,0,56.93,8.6412,,,81.0,85.0,,,0.0,0.0,0.0,0.0,,994.4,999.6,0.0,0.0,,,4.8,7.8,7.2,7.6,7.4,7.1,,8.1,7.8,,7.5,6.7,6.7,6.6,6.4,,,,228.0,219.0,15.3,12.3,11.1,6.4,5.0,9.0,9.0
06019,Silstrup,2025-11-29 00:00:00+00:00,2025-11-29,2025,11,29,0,0,56.93,8.6412,,,77.0,80.0,,,0.0,0.0,0.0,0.0,,994.5,999.7,0.0,0.0,,,4.3,8.1,7.5,7.5,7.2,7.1,9.7,8.1,7.8,7.5,7.6,6.6,6.7,6.6,6.5,,,,222.0,224.0,14.1,13.6,10.0,6.9,5.7,10.0,9.4
06019,Silstrup,2025-11-29 01:00:00+00:00,2025-11-29,2025,11,29,1,0,56.93,8.6412,,,82.0,81.0,,,0.0,0.0,0.0,0.0,,994.6,999.8,0.0,0.0,,,4.7,7.7,7.2,7.9,7.5,7.1,,8.2,7.9,,7.6,6.4,6.7,6.5,6.4,,,,225.0,220.0,14.4,14.3,10.4,7.0,5.6,9.7,9.4
06019,Silstrup,2025-11-29 02:00:00+00:00,2025-11-29,2025,11,29,2,0,56.93,8.6412,,,81.0,81.0,,,0.0,0.0,0.0,0.0,,994.7,1000.0,0.0,0.0,,,5.4,8.5,8.1,8.2,7.8,7.3,,8.6,8.2,,7.8,6.4,6.5,6.5,6.4,,,,223.0,220.0,14.0,13.0,10.0,5.9,5.9,9.7,9.3
06019,Silstrup,2025-11-29 03:00:00+00:00,2025-11-29,2025,11,29,3,0,56.93,8.6412,,,80.0,81.0,,,0.0,0.0,0.0,0.0,,995.0,1000.2,0.0,0.0,,,5.5,8.8,8.4,8.4,8.2,7.9,8.8,8.8,8.6,7.5,8.3,6.5,6.6,6.5,6.4,,,,220.0,220.0,15.0,14.6,10.5,7.0,6.3,10.3,10.2
06019,Silstrup,2025-11-29 04:00:00+00:00,2025-11-29,2025,11,29,4,0,56.93,8.6412,,,82.0,83.0,,,0.0,0.0,0.0,0.0,,995.3,1000.6,0.0,0.0,,,5.6,8.5,8.2,8.5,8.2,8.1,,8.8,8.5,,8.3,6.5,6.6,6.5,6.5,,,,223.0,222.0,14.6,14.0,10.9,6.3,5.7,9.3,9.6
06019,Silstrup,2025-11-29 05:00:00+00:00,2025-11-29,2025,11,29,5,0,56.93,8.6412,,,85.0,84.0,,,0.0,0.0,0.0,0.0,,995.9,1001.1,0.0,0.0,,,5.8,8.3,7.9,8.4,8.1,7.9,,8.7,8.4,,8.2,6.6,6.6,6.5,6.4,,,,221.0,221.0,14.0,11.0,9.9,5.4,4.9,7.9,9.1
06019,Silstrup,2025-11-29 06:00:00+00:00,2025-11-29,2025,11,29,6,0,56.93,8.6412,,,82.0,82.0,,,0.0,0.0,0.0,0.0,,995.9,1001.2,0.0,0.0,,,5.7,8.6,8.4,8.4,8.3,8.0,8.8,8.7,8.5,7.5,8.2,6.5,6.6,6.5,6.4,,,,214.0,219.0,13.2,12.5,9.2,5.7,4.8,8.8,8.6
06019,Silstrup,2025-11-29 07:00:00+00:00,2025-11-29,2025,11,29,7,0,56.93,8.6412,,,81.0,83.0,,,0.0,0.0,0.0,0.0,,996.5,1001.8,0.0,0.0,,,5.1,8.1,7.7,8.4,7.9,7.4,,8.6,8.3,,7.9,6.4,6.6,6.5,6.4,,,,218.0,219.0,12.6,11.5,9.3,5.4,5.2,8.2,8.5
06019,Silstrup,2025-11-29 08:00:00+00:00,2025-11-29,2025,11,29,8,0,56.93,8.6412,,,82.0,80.0,,,0.0,0.0,0.0,0.0,,997.0,1002.2,21.0,5.0,,,5.4,8.3,8.0,8.0,7.8,7.6,,8.4,8.2,,7.9,6.5,6.6,6.5,6.4,,,,216.0,216.0,12.5,11.0,8.9,6.1,5.6,8.2,8.4
06019,Silstrup,2025-11-29 09:00:00+00:00,2025-11-29,2025,11,29,9,0,56.93,8.6412,,,83.0,82.0,,,0.0,0.0,0.0,0.0,,997.3,1002.6,35.0,19.0,1.0,1.0,5.5,8.2,7.8,8.2,8.1,7.8,8.8,8.6,8.4,7.5,8.1,6.5,6.6,6.6,6.5,,,,224.0,221.0,14.1,12.5,9.9,4.9,4.9,8.3,8.9
06019,Silstrup,2025-11-29 10:00:00+00:00,2025-11-29,2025,11,29,10,0,56.93,8.6412,,,82.0,82.0,,,0.0,0.0,0.0,0.0,,998.1,1003.4,50.0,100.0,9.0,59.0,5.8,8.7,8.5,9.0,8.5,7.8,,9.0,8.6,,8.0,6.5,6.8,6.7,6.5,,,,224.0,220.0,12.6,11.7,8.9,5.8,4.8,8.1,7.8
06019,Silstrup,2025-11-29 11:00:00+00:00,2025-11-29,2025,11,29,11,0,56.93,8.6412,,,83.0,82.0,,,0.0,0.0,0.0,0.0,,998.3,1003.5,118.0,84.0,6.0,35.0,5.9,8.6,8.6,8.8,8.6,8.4,,8.8,8.7,,8.6,6.8,6.8,6.6,6.4,,,,222.0,222.0,11.5,9.6,8.3,4.8,4.8,7.2,7.7
06019,Silstrup,2025-11-29 12:00:00+00:00,2025-11-29,2025,11,29,12,0,56.93,8.6412,,,83.0,83.0,,,0.0,0.0,0.0,0.0,,998.1,1003.4,98.0,106.0,0.0,23.0,6.1,8.9,8.9,9.1,8.9,8.7,9.0,9.0,8.9,7.6,8.7,7.0,7.0,6.9,6.9,,,,223.0,222.0,11.0,8.5,7.9,4.1,4.1,6.1,6.8
06019,Silstrup,2025-11-29 13:00:00+00:00,2025-11-29,2025,11,29,13,0,56.93,8.6412,,,83.0,83.0,,,0.0,0.0,0.0,0.0,,998.2,1003.5,45.0,67.0,0.0,0.0,5.8,8.5,8.3,8.9,8.8,8.3,,9.0,8.8,,8.5,6.7,7.1,6.9,6.7,,,,214.0,221.0,9.1,7.1,7.9,3.4,3.4,4.8,5.5
06019,Silstrup,2025-11-29 14:00:00+00:00,2025-11-29,2025,11,29,14,0,56.93,8.6412,,,92.0,89.0,,,0.0,0.0,0.0,0.0,,998.3,1003.6,5.0,34.0,0.0,0.0,6.8,8.0,8.1,8.4,8.2,8.1,,8.4,8.2,,8.0,6.6,6.9,6.7,6.6,,,,204.0,200.0,6.8,6.7,5.0,3.6,2.2,4.8,4.1
06019,Silstrup,2025-11-29 15:00:00+00:00,2025-11-29,2025,11,29,15,0,56.93,8.6412,,,96.0,94.0,,,9.0,16.0,0.3,0.5,0.0,998.5,1003.8,0.0,2.0,0.0,0.0,6.7,7.3,7.5,8.1,7.8,7.5,9.0,8.0,7.7,7.3,7.3,7.1,7.1,7.0,6.7,,,,178.0,195.0,6.9,5.4,4.9,2.8,2.3,3.9,3.9
06019,Silstrup,2025-11-29 16:00:00+00:00,2025-11-29,2025,11,29,16,0,56.93,8.6412,,,99.0,98.0,,,10.0,49.0,0.3,1.6,0.0,998.5,1003.8,0.0,0.0,,0.0,6.9,7.0,7.2,7.5,7.3,7.1,,7.3,7.1,,7.0,7.0,7.0,7.0,6.8,,,,147.0,166.0,5.3,4.4,4.0,1.9,1.9,2.8,3.2
06019,Silstrup,2025-11-29 17:00:00+00:00,2025-11-29,2025,11,29,17,0,56.93,8.6412,,,100.0,100.0,,,3.0,51.0,0.1,2.6,,998.2,1003.4,0.0,0.0,,,6.9,6.9,7.3,7.5,7.4,7.2,,7.1,7.0,,6.9,6.9,6.9,6.8,6.8,,,,93.0,115.0,4.1,3.0,3.1,0.9,0.9,1.9,2.4
06019,Silstrup,2025-11-29 18:00:00+00:00,2025-11-29,2025,11,29,18,0,56.93,8.6412,,,99.0,100.0,,,0.0,2.0,0.0,0.1,,998.2,1003.4,0.0,0.0,,,7.5,7.7,7.8,7.9,7.8,7.3,9.0,7.7,7.5,6.9,6.9,6.8,6.8,6.8,6.7,,,,177.0,178.0,9.2,9.2,6.8,4.8,0.7,6.8,5.3
06019,Silstrup,2025-11-29 19:00:00+00:00,2025-11-29,2025,11,29,19,0,56.93,8.6412,,,97.0,98.0,,,0.0,0.0,0.0,0.0,,998.2,1003.4,0.0,0.0,,,7.3,7.7,7.7,7.8,7.8,7.6,,7.7,7.6,,7.6,6.9,6.9,6.9,6.8,,,,180.0,180.0,9.8,8.3,6.8,4.0,3.7,5.7,5.9
06019,Silstrup,2025-11-29 20:00:00+00:00,2025-11-29,2025,11,29,20,0,56.93,8.6412,,,97.0,97.0,,,0.0,0.0,0.0,0.0,,998.2,1003.5,0.0,0.0,,,7.1,7.6,7.8,7.8,7.8,7.6,,7.7,7.6,,7.6,6.8,6.9,6.9,6.8,,,,171.0,174.0,8.7,8.7,5.9,3.9,3.4,5.8,5.5
06019,Silstrup,2025-11-29 21:00:00+00:00,2025-11-29,2025,11,29,21,0,56.93,8.6412,,,97.0,97.0,,,0.0,0.0,0.0,0.0,,998.0,1003.3,0.0,0.0,,,7.1,7.6,7.7,7.8,7.7,7.5,9.0,7.6,7.6,6.9,7.5,6.9,7.0,6.9,6.8,,,,170.0,170.0,8.2,7.2,5.8,3.3,2.8,5.0,5.0
06019,Silstrup,2025-11-29 22:00:00+00:00,2025-11-29,2025,11,29,22,0,56.93,8.6412,,,96.0,97.0,,,0.0,0.0,0.0,0.0,,997.8,1003.0,0.0,0.0,,,7.1,7.6,7.7,7.7,7.7,7.6,,7.6,7.6,,7.5,6.8,7.0,6.9,6.8,,,,160.0,167.0,8.2,7.8,6.0,3.5,3.5,5.7,5.5
06019,Silstrup,2025-11-29 23:00:00+00:00,2025-11-29,2025,11,29,23,0,56.93,8.6412,,,96.0,96.0,,,0.0,0.0,0.0,0.0,,997.8,1003.1,0.0,0.0,,,7.0,7.6,7.8,7.8,7.7,7.6,,7.6,7.6,,7.5,6.9,7.0,6.9,6.9,,,,149.0,152.0,8.8,6.2,5.5,2.8,2.4,4.4,4.6
06019,Silstrup,2025-11-30 00:00:00+00:00,2025-11-30,2025,11,30,0,0,56.93,8.6412,,,95.0,96.0,,,0.0,0.0,0.0,0.0,,997.1,1002.4,0.0,0.0,,,6.6,7.4,7.6,7.8,7.7,7.5,9.0,7.6,7.5,6.9,7.4,7.1,7.1,6.9,6.9,,,,146.0,149.0,8.3,5.4,5.3,2.1,2.1,3.6,4.5
06019,Silstrup,2025-11-30 01:00:00+00:00,2025-11-30,2025,11,30,1,0,56.93,8.6412,,,96.0,96.0,,,0.0,0.0,0.0,0.0,,996.5,1001.8,0.0,0.0,,,6.6,7.1,7.4,7.7,7.5,7.3,,7.4,7.3,,7.1,6.9,7.0,7.0,6.9,,,,117.0,126.0,5.7,5.6,4.1,2.8,2.2,4.1,3.7
06019,Silstrup,2025-11-30 02:00:00+00:00,2025-11-30,2025,11,30,2,0,56.93,8.6412,,,93.0,95.0,,,0.0,0.0,0.0,0.0,,996.0,1001.3,0.0,0.0,,,6.2,7.3,7.5,7.5,7.3,7.1,,7.3,7.1,,7.0,6.9,7.1,7.0,6.9,,,,131.0,128.0,7.3,6.5,4.9,2.8,2.3,4.5,4.5
06019,Silstrup,2025-11-30 03:00:00+00:00,2025-11-30,2025,11,30,3,0,56.93,8.6412,,,94.0,95.0,,,0.0,0.0,0.0,0.0,,995.0,1000.3,0.0,0.0,,,6.2,7.0,7.2,7.5,7.2,7.0,7.7,7.2,7.0,6.9,6.9,6.9,7.1,6.9,6.8,,,,135.0,127.0,8.6,7.7,5.6,2.7,2.7,4.8,5.0
06019,Silstrup,2025-11-30 04:00:00+00:00,2025-11-30,2025,11,30,4,0,56.93,8.6412,,,97.0,96.0,,,2.0,13.0,0.2,0.9,0.0,994.5,999.8,0.0,0.0,,,6.3,6.8,7.1,7.2,7.1,7.0,,7.0,6.9,,6.8,6.7,6.9,6.8,6.7,,,,133.0,135.0,8.4,8.3,5.6,3.4,2.7,5.6,5.0
06019,Silstrup,2025-11-30 05:00:00+00:00,2025-11-30,2025,11,30,5,0,56.93,8.6412,,,97.0,98.0,,,0.0,1.0,0.0,0.1,,994.2,999.4,0.0,0.0,,,6.4,6.8,7.0,7.0,7.0,6.9,,6.8,6.7,,6.7,6.8,6.9,6.9,6.8,,,,137.0,135.0,8.9,8.2,5.9,3.3,2.7,5.5,5.6
06019,Silstrup,2025-11-30 06:00:00+00:00,2025-11-30,2025,11,30,6,0,56.93,8.6412,,,98.0,97.0,,,0.0,0.0,0.0,0.0,,993.9,999.2,0.0,0.0,,,6.6,6.9,7.1,7.1,7.1,6.9,7.7,6.9,6.9,6.7,6.8,6.8,6.9,6.9,6.8,,,,145.0,145.0,10.0,8.4,6.5,3.9,3.4,5.8,6.0
06019,Silstrup,2025-11-30 07:00:00+00:00,2025-11-30,2025,11,30,7,0,56.93,8.6412,,,97.0,98.0,,,0.0,5.0,0.0,0.3,,994.0,999.3,0.0,0.0,,,6.6,7.1,7.2,7.3,7.2,7.1,,7.1,7.0,,6.9,6.8,6.9,6.8,6.8,,,,158.0,151.0,9.7,9.7,6.3,3.9,3.3,6.1,5.8
06019,Silstrup,2025-11-30 08:00:00+00:00,2025-11-30,2025,11,30,8,0,56.93,8.6412,,,96.0,96.0,,,0.0,0.0,0.0,0.0,,994.1,999.4,6.0,0.0,,,6.1,6.8,6.6,7.3,6.8,6.5,,7.2,6.9,,6.7,6.8,7.0,6.8,6.8,,,,160.0,159.0,9.9,8.1,7.4,4.0,4.0,6.0,6.5
06019,Silstrup,2025-11-30 09:00:00+00:00,2025-11-30,2025,11,30,9,0,56.93,8.6412,,,89.0,92.0,,,0.0,0.0,0.0,0.0,,993.7,999.0,77.0,32.0,1.0,1.0,5.2,7.0,6.8,6.9,6.7,6.6,7.6,7.1,6.9,6.7,6.7,6.7,6.9,6.8,6.7,,,,160.0,157.0,11.1,11.1,7.8,5.3,4.1,7.8,6.8
06019,Silstrup,2025-11-30 10:00:00+00:00,2025-11-30,2025,11,30,10,0,56.93,8.6412,,,86.0,87.0,,,0.0,0.0,0.0,0.0,,993.5,998.7,174.0,110.0,10.0,60.0,5.1,7.2,7.2,7.3,7.0,6.7,,7.2,7.1,,7.0,7.0,7.0,6.9,6.7,,,,166.0,163.0,12.8,12.4,9.3,5.9,4.4,8.9,8.6
06019,Silstrup,2025-11-30 11:00:00+00:00,2025-11-30,2025,11,30,11,0,56.93,8.6412,,,84.0,85.0,,,0.0,0.0,0.0,0.0,,992.6,997.9,166.0,155.0,10.0,58.0,5.1,7.7,7.9,7.9,7.5,7.3,,7.7,7.4,,7.2,6.6,7.0,6.7,6.6,,,,167.0,166.0,15.3,15.3,10.2,6.9,5.8,10.2,9.7
06019,Silstrup,2025-11-30 12:00:00+00:00,2025-11-30,2025,11,30,12,0,56.93,8.6412,,,82.0,83.0,,,0.0,0.0,0.0,0.0,,992.0,997.2,76.0,137.0,0.0,45.0,4.6,7.5,7.5,7.9,7.7,7.4,7.7,7.7,7.6,6.7,7.5,6.6,6.8,6.6,6.6,,,,173.0,171.0,15.4,15.4,10.8,6.9,6.3,10.3,10.1
06019,Silstrup,2025-11-30 13:00:00+00:00,2025-11-30,2025,11,30,13,0,56.93,8.6412,,,79.0,80.0,,,0.0,0.0,0.0,0.0,,991.4,996.7,47.0,51.0,0.0,0.0,4.2,7.5,7.4,7.6,7.5,7.4,,7.6,7.6,,7.4,6.9,7.1,6.9,6.6,,,,177.0,174.0,16.1,14.7,11.4,6.4,6.0,10.5,10.6
06019,Silstrup,2025-11-30 14:00:00+00:00,2025-11-30,2025,11,30,14,0,56.93,8.6412,,,88.0,83.0,,,0.0,0.0,0.0,0.0,,990.9,996.2,3.0,24.0,0.0,0.0,4.9,6.7,6.6,7.4,7.1,6.6,,7.6,7.1,,6.7,6.6,6.8,6.7,6.6,,,,177.0,174.0,16.9,13.1,11.7,6.7,6.6,9.8,10.6
06019,Silstrup,2025-11-30 15:00:00+00:00,2025-11-30,2025,11,30,15,0,56.93,8.6412,,,91.0,90.0,,,0.0,3.0,0.0,0.8,,990.5,995.8,1.0,2.0,0.0,0.0,5.1,6.5,6.5,6.6,6.4,6.4,,6.7,6.6,,6.4,6.6,7.0,6.8,6.6,,,,176.0,177.0,17.2,14.5,11.0,7.1,5.8,10.1,9.8
06019,Silstrup,2025-11-30 16:00:00+00:00,2025-11-30,2025,11,30,16,0,56.93,8.6412,,,93.0,92.0,,,0.0,1.0,0.0,0.3,,990.0,995.2,0.0,0.0,,0.0,5.1,6.1,5.9,6.5,6.1,5.9,,6.6,6.3,,6.1,6.6,6.8,6.7,6.6,,,,171.0,174.0,16.3,13.9,11.6,6.8,6.2,10.1,10.5
06019,Silstrup,2025-11-30 17:00:00+00:00,2025-11-30,2025,11,30,17,0,56.93,8.6412,,,93.0,93.0,,,0.0,0.0,0.0,0.0,,989.5,994.7,0.0,0.0,,,5.5,6.6,6.6,6.6,6.2,5.9,,6.6,6.4,,6.1,6.5,6.7,6.6,6.5,,,,177.0,174.0,14.9,13.6,10.6,6.6,6.1,9.3,9.4
06019,Silstrup,2025-11-30 18:00:00+00:00,2025-11-30,2025,11,30,18,0,56.93,8.6412,,,91.0,92.0,,,0.0,2.0,0.0,0.7,,989.8,995.1,0.0,0.0,,,5.6,6.9,6.7,6.7,6.6,6.6,7.7,6.9,6.8,6.1,6.6,6.5,6.6,6.5,6.5,,,,193.0,187.0,14.4,12.3,9.9,6.1,5.7,9.3,9.4
06019,Silstrup,2025-11-30 19:00:00+00:00,2025-11-30,2025,11,30,19,0,56.93,8.6412,,,87.0,90.0,,,0.0,0.0,0.0,0.0,,990.4,995.7,0.0,0.0,,,5.8,7.8,7.4,7.5,7.2,6.7,,7.8,7.5,,6.8,6.6,6.8,6.6,6.5,,,,225.0,214.0,16.8,16.8,12.1,8.5,,12.1,10.3
06019,Silstrup,2025-11-30 20:00:00+00:00,2025-11-30,2025,11,30,20,0,56.93,8.6412,,,90.0,89.0,,,0.0,4.0,0.0,1.7,,991.7,996.9,0.0,0.0,,,6.1,7.7,7.4,7.5,7.3,7.2,,7.8,7.6,,7.4,6.7,6.7,6.6,6.5,,,,236.0,236.0,18.8,16.5,13.2,8.2,6.8,11.4,11.6
06019,Silstrup,2025-11-30 21:00:00+00:00,2025-11-30,2025,11,30,21,0,56.93,8.6412,,,87.0,86.0,,,0.0,0.0,0.0,0.0,,993.1,998.4,0.0,0.0,,,5.8,7.8,7.4,7.7,7.5,7.3,8.0,8.0,7.8,6.1,7.6,6.5,6.8,6.6,6.5,,,,249.0,247.0,16.2,14.2,11.8,6.9,6.3,9.9,10.8
06019,Silstrup,2025-11-30 22:00:00+00:00,2025-11-30,2025,11,30,22,0,56.93,8.6412,,,91.0,89.0,,,0.0,0.0,0.0,0.0,,994.6,999.8,0.0,0.0,,,6.0,7.3,7.1,7.5,7.3,7.0,,7.9,7.5,,7.2,6.7,6.7,6.6,6.6,,,,253.0,251.0,18.7,18.7,12.7,7.1,6.8,11.7,11.5
06019,Silstrup,2025-11-30 23:00:00+00:00,2025-11-30,2025,11,30,23,0,56.93,8.6412,,,90.0,91.0,,,0.0,0.0,0.0,0.0,,996.0,1001.3,0.0,0.0,,,5.6,7.2,6.9,7.2,7.0,6.8,,7.4,7.2,,7.0,6.8,6.8,6.7,6.6,,,,261.0,254.0,16.8,15.5,12.0,6.1,6.1,10.0,11.0
06030,Flyvestation Ålborg,2025-11-01 07:00:00+00:00,2025-11-01,2025,11,1,7,0,57.0963,9.8505,,,94.0,94.0,,,0.0,0.0,0.0,0.0,,1006.3,1006.9,,,,,8.3,9.2,9.1,9.2,9.2,9.1,,9.3,9.2,,9.1,,,,,14600.0,14000.0,,123.0,122.0,10.3,10.3,,0.0,0.0,6.7,6.7
06030,Flyvestation Ålborg,2025-11-01 08:00:00+00:00,2025-11-01,2025,11,1,8,0,57.0963,9.8505,,,93.0,94.0,,,0.0,0.0,0.0,0.0,,1006.2,1006.9,,,,,8.3,9.4,9.3,9.3,9.2,9.1,,9.4,9.3,,9.1,,,,,17400.0,17000.0,,122.0,124.0,9.8,8.2,,0.0,0.0,5.7,6.7
06030,Flyvestation Ålborg,2025-11-01 09:00:00+00:00,2025-11-01,2025,11,1,9,0,57.0963,9.8505,,,93.0,93.0,,,0.0,0.0,0.0,0.0,,1005.1,1005.7,,,,,8.8,9.9,9.6,9.6,9.4,9.3,,9.9,9.5,,9.3,,,,,16400.0,16000.0,,114.0,117.0,10.8,10.8,,0.0,0.0,7.2,6.2
06030,Flyvestation Ålborg,2025-11-01 10:00:00+00:00,2025-11-01,2025,11,1,10,0,57.0963,9.8505,,,91.0,92.0,,,0.0,0.0,0.0,0.0,,1005.1,1005.7,,,,,9.2,10.6,10.1,10.1,9.9,9.6,,10.6,10.2,,9.9,,,,,22900.0,22000.0,,121.0,124.0,10.8,9.3,,0.0,0.0,6.2,7.2
06030,Flyvestation Ålborg,2025-11-01 11:00:00+00:00,2025-11-01,2025,11,1,11,0,57.0963,9.8505,,,89.0,90.0,,,0.0,0.0,0.0,0.0,,1004.1,1004.8,,,,,9.7,11.5,10.6,10.6,10.3,10.1,,11.6,11.0,,10.6,,,,,25900.0,25000.0,,124.0,124.0,11.3,8.8,,0.0,0.0,6.2,6.7
06030,Flyvestation Ålborg,2025-11-01 12:00:00+00:00,2025-11-01,2025,11,1,12,0,57.0963,9.8505,,,87.0,87.0,,,0.0,0.0,0.0,0.0,,1003.3,1004.0,,,,,9.6,11.8,10.8,10.9,10.8,10.6,,12.0,11.7,,11.5,,,,,33900.0,30000.0,,139.0,139.0,12.4,12.4,,0.0,0.0,8.2,7.2
06030,Flyvestation Ålborg,2025-11-01 13:00:00+00:00,2025-11-01,2025,11,1,13,0,57.0963,9.8505,,,88.0,87.0,,,0.0,0.0,0.0,0.0,,1002.7,1003.3,,,,,9.7,11.6,10.7,10.9,10.8,10.7,,11.9,11.8,,11.6,,,,,15400.0,15000.0,181.0,141.0,139.0,11.8,8.2,,0.0,0.0,6.2,7.2
06030,Flyvestation Ålborg,2025-11-01 14:00:00+00:00,2025-11-01,2025,11,1,14,0,57.0963,9.8505,,,91.0,90.0,,,0.0,4.0,0.0,0.4,,1001.8,1002.4,,,,,9.9,11.3,10.6,10.7,10.6,10.6,,11.6,11.4,,11.3,,,,,28600.0,28000.0,161.0,130.0,129.0,9.8,8.8,,0.0,0.0,6.2,6.7
06030,Flyvestation Ålborg,2025-11-01 15:00:00+00:00,2025-11-01,2025,11,1,15,0,57.0963,9.8505,,,92.0,92.0,,,1.0,5.0,0.1,0.5,0.0,1001.1,1001.7,,,,,9.9,11.1,10.5,10.6,10.6,10.5,,11.4,11.2,,11.1,,,,,20200.0,20000.0,161.0,138.0,139.0,10.8,9.3,,0.0,0.0,6.2,6.7
06030,Flyvestation Ålborg,2025-11-01 16:00:00+00:00,2025-11-01,2025,11,1,16,0,57.0963,9.8505,,,94.0,93.0,,,1.0,10.0,0.1,1.0,0.0,1000.7,1001.3,,,,,9.9,10.9,10.4,10.5,10.4,10.4,,11.1,11.0,,10.9,,,,,9500.0,9000.0,161.0,140.0,141.0,9.3,8.8,,0.0,0.0,5.7,5.7
06030,Flyvestation Ålborg,2025-11-01 17:00:00+00:00,2025-11-01,2025,11,1,17,0,57.0963,9.8505,,,95.0,95.0,,,4.0,14.0,0.4,1.4,0.1,1000.6,1001.2,,,,,10.1,10.9,10.4,10.5,10.4,10.4,,10.9,10.9,,10.8,,,,,6600.0,6000.0,162.0,160.0,151.0,8.8,8.2,,0.0,0.0,6.2,6.2
06030,Flyvestation Ålborg,2025-11-01 18:00:00+00:00,2025-11-01,2025,11,1,18,0,57.0963,9.8505,,,96.0,95.0,,,0.0,10.0,0.0,1.0,,1001.0,1001.6,,,,,10.4,11.1,10.4,10.5,10.4,10.4,12.0,11.1,10.9,9.1,10.8,,,,,29700.0,29000.0,161.0,190.0,175.0,7.7,7.2,,0.0,0.0,5.1,5.1
06030,Flyvestation Ålborg,2025-11-01 19:00:00+00:00,2025-11-01,2025,11,1,19,0,57.0963,9.8505,,,95.0,95.0,,,0.0,1.0,0.0,0.1,,1001.4,1002.0,,,,,10.3,11.2,10.5,10.5,10.5,10.4,,11.2,11.2,,11.1,,,,,32400.0,30000.0,123.0,187.0,188.0,7.7,7.7,,0.0,0.0,5.7,5.7
06030,Flyvestation Ålborg,2025-11-01 20:00:00+00:00,2025-11-01,2025,11,1,20,0,57.0963,9.8505,,,94.0,94.0,,,0.0,0.0,0.0,0.0,,1001.6,1002.2,,,,,9.9,10.9,10.3,10.5,10.4,10.3,,11.2,11.1,,10.9,,,,,28000.0,28000.0,,195.0,190.0,7.7,6.7,,0.0,0.0,4.6,5.1
06030,Flyvestation Ålborg,2025-11-01 21:00:00+00:00,2025-11-01,2025,11,1,21,0,57.0963,9.8505,,,94.0,94.0,,,0.0,0.0,0.0,0.0,,1002.1,1002.8,,,,,9.5,10.4,9.9,10.3,10.1,9.9,,10.9,10.7,,10.3,,,,,27300.0,27000.0,,199.0,197.0,7.2,5.7,,0.0,0.0,4.6,4.6
06030,Flyvestation Ålborg,2025-11-01 22:00:00+00:00,2025-11-01,2025,11,1,22,0,57.0963,9.8505,,,95.0,95.0,,,0.0,0.0,0.0,0.0,,1002.4,1003.0,,,,,9.0,9.7,9.8,9.9,9.8,9.8,,10.4,10.1,,9.6,,,,,23800.0,23000.0,,182.0,188.0,5.7,5.1,,0.0,0.0,4.1,4.1
06030,Flyvestation Ålborg,2025-11-01 23:00:00+00:00,2025-11-01,2025,11,1,23,0,57.0963,9.8505,,,95.0,96.0,,,0.0,3.0,0.0,0.3,,1002.6,1003.2,,,,,9.3,10.1,9.8,10.0,9.9,9.7,,10.6,10.2,,9.7,,,,,20700.0,20000.0,123.0,200.0,192.0,5.7,5.1,,0.0,0.0,4.1,3.6
06030,Flyvestation Ålborg,2025-11-02 00:00:00+00:00,2025-11-02,2025,11,2,0,0,57.0963,9.8505,,,95.0,95.0,,,0.0,0.0,0.0,0.0,,1003.0,1003.6,,,,,9.1,9.9,9.7,9.8,9.7,9.7,,10.3,10.2,,9.9,,,,,16200.0,16000.0,,206.0,206.0,7.2,5.7,,0.0,0.0,4.1,4.6
06030,Flyvestation Ålborg,2025-11-02 01:00:00+00:00,2025-11-02,2025,11,2,1,0,57.0963,9.8505,,,95.0,95.0,,,0.0,0.0,0.0,0.0,,1003.1,1003.7,,,,,8.6,9.4,9.4,9.7,9.5,9.4,,10.0,9.7,,9.4,,,,,17900.0,17000.0,,192.0,196.0,6.2,5.1,,0.0,0.0,4.1,4.6
06030,Flyvestation Ålborg,2025-11-02 02:00:00+00:00,2025-11-02,2025,11,2,2,0,57.0963,9.8505,,,96.0,95.0,,,0.0,0.0,0.0,0.0,,1003.0,1003.7,,,,,8.0,8.6,9.4,9.5,9.5,9.4,,9.5,9.1,,8.6,,,,,14800.0,14000.0,,183.0,185.0,4.6,4.6,,0.0,0.0,3.6,3.6
06030,Flyvestation Ålborg,2025-11-02 03:00:00+00:00,2025-11-02,2025,11,2,3,0,57.0963,9.8505,,,97.0,97.0,,,0.0,0.0,0.0,0.0,,1003.4,1004.0,,,,,7.7,8.2,9.1,9.4,9.3,9.1,,8.8,8.4,,8.1,,,,,16500.0,16000.0,,179.0,183.0,5.1,4.6,,0.0,0.0,3.6,3.6
06030,Flyvestation Ålborg,2025-11-02 04:00:00+00:00,2025-11-02,2025,11,2,4,0,57.0963,9.8505,,,97.0,97.0,,,0.0,0.0,0.0,0.0,,1003.4,1004.0,,,,,8.1,8.5,9.0,9.2,9.0,9.0,,8.6,8.3,,8.1,,,,,15900.0,15000.0,,186.0,182.0,5.1,5.1,,0.0,0.0,3.6,3.6
06030,Flyvestation Ålborg,2025-11-02 05:00:00+00:00,2025-11-02,2025,11,2,5,0,57.0963,9.8505,,,97.0,97.0,,,0.0,0.0,0.0,0.0,,1003.4,1004.1,,,,,7.6,8.0,8.9,9.0,9.0,8.9,,8.5,8.1,,7.7,,,,,15000.0,14000.0,,175.0,180.0,4.1,3.1,,0.0,0.0,2.6,3.1
06030,Flyvestation Ålborg,2025-11-02 06:00:00+00:00,2025-11-02,2025,11,2,6,0,57.0963,9.8505,,,98.0,97.0,,,0.0,0.0,0.0,0.0,,1003.3,1004.0,,,,,7.4,7.8,8.8,8.9,8.9,8.8,11.2,8.1,7.8,7.5,7.5,,,,,13500.0,13000.0,,160.0,170.0,4.1,4.1,,0.0,0.0,3.1,2.6
06030,Flyvestation Ålborg,2025-11-02 07:00:00+00:00,2025-11-02,2025,11,2,7,0,57.0963,9.8505,,,98.0,98.0,,,0.0,0.0,0.0,0.0,,1003.5,1004.1,,,,,8.9,9.2,9.1,9.1,8.9,8.8,,9.2,8.6,,7.9,,,,,13500.0,13000.0,,155.0,158.0,5.7,5.7,,0.0,0.0,4.1,3.6
06030,Flyvestation Ålborg,2025-11-02 08:00:00+00:00,2025-11-02,2025,11,2,8,0,57.0963,9.8505,,,98.0,98.0,,,0.0,10.0,0.0,1.0,,1003.0,1003.7,,,,,9.1,9.4,9.5,9.5,9.3,9.1,,9.4,9.3,,9.2,,,,,17900.0,17000.0,123.0,132.0,154.0,5.7,4.1,,0.0,0.0,2.6,3.1
06030,Flyvestation Ålborg,2025-11-02 09:00:00+00:00,2025-11-02,2025,11,2,9,0,57.0963,9.8505,,,95.0,97.0,,,1.0,1.0,0.1,0.1,0.0,1003.0,1003.6,,,,,9.3,10.1,9.9,9.9,9.6,9.5,,10.2,9.7,,9.4,,,,,50000.0,50000.0,,174.0,165.0,6.2,5.7,,0.0,0.0,4.1,4.1
06030,Flyvestation Ålborg,2025-11-02 10:00:00+00:00,2025-11-02,2025,11,2,10,0,57.0963,9.8505,,,90.0,91.0,,,0.0,0.0,0.0,0.0,,1003.2,1003.8,,,,,9.2,10.8,10.4,10.4,10.2,9.9,,10.9,10.6,,10.0,,,,,50000.0,50000.0,,197.0,194.0,8.2,7.2,,0.0,0.0,5.7,5.1
06030,Flyvestation Ålborg,2025-11-02 11:00:00+00:00,2025-11-02,2025,11,2,11,0,57.0963,9.8505,,,90.0,90.0,,,0.0,0.0,0.0,0.0,,1003.2,1003.9,,,,,9.6,11.1,11.0,11.0,10.7,10.5,,11.2,11.0,,10.8,,,,,50000.0,50000.0,,202.0,200.0,7.7,6.7,,0.0,0.0,5.1,5.1
06030,Flyvestation Ålborg,2025-11-02 12:00:00+00:00,2025-11-02,2025,11,2,12,0,57.0963,9.8505,,,88.0,88.0,,,0.0,0.0,0.0,0.0,,1003.4,1004.0,,,,,8.6,10.5,10.6,11.2,10.8,10.5,,11.3,10.9,,10.4,,,,,40400.0,40000.0,181.0,224.0,225.0,8.8,6.7,,0.0,0.0,4.6,5.7
06030,Flyvestation Ålborg,2025-11-02 13:00:00+00:00,2025-11-02,2025,11,2,13,0,57.0963,9.8505,,,87.0,89.0,,,0.0,0.0,0.0,0.0,,1003.9,1004.5,,,,,8.8,10.8,10.8,10.9,10.7,10.5,,11.1,10.7,,10.3,,,,,42200.0,40000.0,100.0,235.0,237.0,7.2,7.2,,0.0,0.0,5.7,4.6
06030,Flyvestation Ålborg,2025-11-02 14:00:00+00:00,2025-11-02,2025,11,2,14,0,57.0963,9.8505,,,88.0,88.0,,,0.0,0.0,0.0,0.0,,1004.4,1005.0,,,,,8.8,10.7,10.2,10.8,10.5,10.2,,10.9,10.5,,10.1,,,,,50000.0,50000.0,,244.0,235.0,7.7,7.7,,0.0,0.0,5.7,5.1
06030,Flyvestation Ålborg,2025-11-02 15:00:00+00:00,2025-11-02,2025,11,2,15,0,57.0963,9.8505,,,89.0,88.0,,,0.0,0.0,0.0,0.0,,1005.0,1005.6,,,,,7.8,9.5,10.0,10.3,10.1,9.9,,10.7,10.1,,9.5,,,,,50000.0,50000.0,123.0,250.0,245.0,7.7,3.1,,0.0,0.0,2.6,4.6
06030,Flyvestation Ålborg,2025-11-02 16:00:00+00:00,2025-11-02,2025,11,2,16,0,57.0963,9.8505,,,94.0,92.0,,,0.0,0.0,0.0,0.0,,1005.7,1006.3,,,,,5.7,6.6,9.2,10.0,9.5,9.1,,9.4,8.2,,6.6,,,,,50000.0,50000.0,,195.0,217.0,3.6,3.1,,0.0,0.0,2.6,2.1
06030,Flyvestation Ålborg,2025-11-02 17:00:00+00:00,2025-11-02,2025,11,2,17,0,57.0963,9.8505,,,97.0,96.0,,,0.0,0.0,0.0,0.0,,1006.1,1006.7,,,,,6.3,6.8,8.3,9.2,8.7,8.3,,7.6,6.6,,5.8,,,,,2900.0,2900.0,110.0,152.0,173.0,3.1,2.1,,0.0,0.0,1.5,1.5
06030,Flyvestation Ålborg,2025-11-02 18:00:00+00:00,2025-11-02,2025,11,2,18,0,57.0963,9.8505,,,98.0,97.0,,,0.0,0.0,0.0,0.0,,1006.0,1006.7,,,,,5.2,5.6,7.9,8.3,8.1,7.9,11.3,7.1,5.9,4.9,4.9,,,,,48800.0,45000.0,120.0,148.0,149.0,3.1,3.1,,0.0,0.0,1.5,1.5
06030,Flyvestation Ålborg,2025-11-02 19:00:00+00:00,2025-11-02,2025,11,2,19,0,57.0963,9.8505,,,98.0,97.0,,,0.0,0.0,0.0,0.0,,1006.2,1006.8,,,,,5.2,5.5,7.5,7.9,7.7,7.5,,6.3,5.7,,4.8,,,,,31100.0,30000.0,,151.0,155.0,2.6,2.6,,0.0,0.0,2.1,1.5
06030,Flyvestation Ålborg,2025-11-02 20:00:00+00:00,2025-11-02,2025,11,2,20,0,57.0963,9.8505,,,98.0,98.0,,,0.0,0.0,0.0,0.0,,1006.4,1007.0,,,,,6.2,6.5,7.5,7.6,7.4,7.4,,6.5,5.5,,5.1,,,,,24800.0,24000.0,,166.0,159.0,4.6,4.6,,0.0,0.0,3.1,2.6
06030,Flyvestation Ålborg,2025-11-02 21:00:00+00:00,2025-11-02,2025,11,2,21,0,57.0963,9.8505,,,97.0,97.0,,,0.0,0.0,0.0,0.0,,1006.6,1007.2,,,,,5.8,6.2,7.7,7.7,7.6,7.5,,6.9,6.4,,6.0,,,,,23400.0,23000.0,,171.0,169.0,5.1,5.1,,0.0,0.0,4.1,3.6
06030,Flyvestation Ålborg,2025-11-02 22:00:00+00:00,2025-11-02,2025,11,2,22,0,57.0963,9.8505,,,97.0,97.0,,,0.0,0.0,0.0,0.0,,1006.6,1007.2,,,,,5.7,6.1,7.6,7.7,7.7,7.6,,6.3,6.2,,6.1,,,,,13100.0,13000.0,,173.0,175.0,6.2,5.7,,0.0,0.0,4.1,4.1
06030,Flyvestation Ålborg,2025-11-02 23:00:00+00:00,2025-11-02,2025,11,2,23,0,57.0963,9.8505,,,98.0,98.0,,,0.0,0.0,0.0,0.0,,1006.5,1007.1,,,,,6.3,6.6,7.9,7.9,7.7,7.6,,6.7,6.4,,6.0,,,,,5200.0,5000.0,110.0,162.0,172.0,5.7,4.1,,0.0,0.0,3.1,3.6
06030,Flyvestation Ålborg,2025-11-03 00:00:00+00:00,2025-11-03,2025,11,3,0,0,57.0963,9.8505,,,98.0,98.0,,,0.0,0.0,0.0,0.0,,1006.5,1007.1,,,,,6.4,6.6,7.9,7.9,7.9,7.9,,6.7,6.5,,6.3,,,,,12000.0,12000.0,,168.0,162.0,4.6,4.1,,0.0,0.0,3.1,3.1
06030,Flyvestation Ålborg,2025-11-03 01:00:00+00:00,2025-11-03,2025,11,3,1,0,57.0963,9.8505,,,98.0,98.0,,,0.0,0.0,0.0,0.0,,1006.7,1007.3,,,,,7.5,7.8,8.2,8.2,8.0,7.9,,7.8,7.2,,6.5,,,,,18500.0,18000.0,,187.0,183.0,5.7,5.7,,0.0,0.0,4.1,3.6
06030,Flyvestation Ålborg,2025-11-03 02:00:00+00:00,2025-11-03,2025,11,3,2,0,57.0963,9.8505,,,97.0,97.0,,,0.0,1.0,0.0,0.1,,1006.5,1007.2,,,,,7.3,7.8,8.5,8.5,8.3,8.2,,7.8,7.7,,7.6,,,,,25700.0,25000.0,,187.0,188.0,5.1,3.6,,0.0,0.0,2.6,2.6
06030,Flyvestation Ålborg,2025-11-03 03:00:00+00:00,2025-11-03,2025,11,3,3,0,57.0963,9.8505,,,96.0,96.0,,,0.0,0.0,0.0,0.0,,1006.6,1007.2,,,,,6.3,6.9,8.3,8.5,8.4,8.3,,7.8,7.4,,6.9,,,,,18800.0,18000.0,,197.0,192.0,4.1,3.6,,0.0,0.0,3.1,3.1
06030,Flyvestation Ålborg,2025-11-03 04:00:00+00:00,2025-11-03,2025,11,3,4,0,57.0963,9.8505,,,96.0,96.0,,,0.0,0.0,0.0,0.0,,1006.7,1007.3,,,,,5.9,6.5,8.0,8.3,8.1,7.9,,7.0,6.6,,6.1,,,,,22700.0,22000.0,,186.0,190.0,4.6,4.1,,0.0,0.0,3.6,3.6
06030,Flyvestation Ålborg,2025-11-03 05:00:00+00:00,2025-11-03,2025,11,3,5,0,57.0963,9.8505,,,96.0,96.0,,,0.0,0.0,0.0,0.0,,1007.0,1007.6,,,,,6.6,7.2,7.9,8.0,7.9,7.9,,7.3,6.9,,6.2,,,,,20700.0,20000.0,,199.0,193.0,5.1,4.6,,0.0,0.0,3.6,3.6
06030,Flyvestation Ålborg,2025-11-03 06:00:00+00:00,2025-11-03,2025,11,3,6,0,57.0963,9.8505,,,96.0,96.0,,,0.0,1.0,0.0,0.1,,1007.4,1008.0,,,,,6.2,6.8,7.8,8.0,7.9,7.8,7.8,7.5,7.3,4.8,6.8,,,,,12900.0,12000.0,,202.0,203.0,5.7,4.6,,0.0,0.0,3.6,3.6
06030,Flyvestation Ålborg,2025-11-03 07:00:00+00:00,2025-11-03,2025,11,3,7,0,57.0963,9.8505,,,97.0,97.0,,,0.0,0.0,0.0,0.0,,1007.8,1008.4,,,,,4.4,4.9,7.6,7.9,7.8,7.6,,6.8,5.8,,4.9,,,,,19900.0,19000.0,,186.0,190.0,4.1,2.6,,0.0,0.0,1.5,2.6
06030,Flyvestation Ålborg,2025-11-03 08:00:00+00:00,2025-11-03,2025,11,3,8,0,57.0963,9.8505,,,97.0,97.0,,,0.0,0.0,0.0,0.0,,1008.2,1008.8,,,,,6.6,7.0,7.5,7.6,7.4,7.2,,7.0,6.0,,4.7,,,,,17200.0,17000.0,,183.0,181.0,5.1,5.1,,0.0,0.0,4.1,3.6
06030,Flyvestation Ålborg,2025-11-03 09:00:00+00:00,2025-11-03,2025,11,3,9,0,57.0963,9.8505,,,94.0,96.0,,,0.0,0.0,0.0,0.0,,1008.4,1009.0,,,,,7.3,8.3,8.4,8.4,8.0,7.5,,8.3,7.5,,7.0,,,,,35400.0,35000.0,,178.0,181.0,5.7,5.1,,0.0,0.0,3.6,4.1
06030,Flyvestation Ålborg,2025-11-03 10:00:00+00:00,2025-11-03,2025,11,3,10,0,57.0963,9.8505,,,84.0,87.0,,,0.0,0.0,0.0,0.0,,1008.4,1009.0,,,,,7.2,9.9,9.1,9.1,8.8,8.4,,10.2,9.5,,8.3,,,,,32100.0,30000.0,,187.0,185.0,7.7,7.7,,0.0,0.0,5.7,4.6
06030,Flyvestation Ålborg,2025-11-03 11:00:00+00:00,2025-11-03,2025,11,3,11,0,57.0963,9.8505,,,85.0,84.0,,,0.0,0.0,0.0,0.0,,1008.4,1009.1,,,,,7.6,10.0,9.6,9.6,9.4,9.1,,10.7,10.1,,9.6,,,,,45400.0,45000.0,,190.0,189.0,7.7,7.2,,0.0,0.0,5.1,5.7
06030,Flyvestation Ålborg,2025-11-03 12:00:00+00:00,2025-11-03,2025,11,3,12,0,57.0963,9.8505,,,85.0,85.0,,,0.0,0.0,0.0,0.0,,1008.1,1008.7,,,,,7.9,10.3,9.7,9.7,9.7,9.6,,10.3,10.2,,10.0,,,,,30600.0,30000.0,,180.0,180.0,7.7,7.7,,0.0,0.0,5.1,5.1
06030,Flyvestation Ålborg,2025-11-03 13:00:00+00:00,2025-11-03,2025,11,3,13,0,57.0963,9.8505,,,82.0,84.0,,,0.0,0.0,0.0,0.0,,1007.6,1008.2,,,,,7.9,10.8,10.0,10.0,9.8,9.7,,10.8,10.4,,10.2,,,,,39600.0,35000.0,,172.0,173.0,7.7,7.7,,0.0,0.0,5.1,5.1
06030,Flyvestation Ålborg,2025-11-03 14:00:00+00:00,2025-11-03,2025,11,3,14,0,57.0963,9.8505,,,85.0,82.0,,,0.0,0.0,0.0,0.0,,1007.4,1008.0,,,,,7.9,10.4,9.9,10.0,10.0,9.9,,11.0,10.8,,10.3,,,,,28300.0,28000.0,161.0,176.0,182.0,9.3,8.2,,0.0,0.0,5.7,6.2
06030,Flyvestation Ålborg,2025-11-03 15:00:00+00:00,2025-11-03,2025,11,3,15,0,57.0963,9.8505,,,87.0,86.0,,,0.0,1.0,0.0,0.1,,1006.9,1007.5,,,,,8.1,10.2,9.7,9.9,9.8,9.7,,10.4,10.3,,10.2,,,,,18900.0,18000.0,161.0,153.0,158.0,7.7,7.7,,0.0,0.0,5.1,4.6
06030,Flyvestation Ålborg,2025-11-03 16:00:00+00:00,2025-11-03,2025,11,3,16,0,57.0963,9.8505,,,94.0,91.0,,,1.0,11.0,0.1,1.1,0.0,1006.1,1006.7,,,,,8.8,9.7,9.6,9.7,9.6,9.6,,10.2,9.9,,9.6,,,,,14400.0,14000.0,161.0,153.0,150.0,9.8,8.2,,0.0,0.0,5.7,5.7
06030,Flyvestation Ålborg,2025-11-03 17:00:00+00:00,2025-11-03,2025,11,3,17,0,57.0963,9.8505,,,95.0,95.0,,,0.0,4.0,0.0,0.4,,1005.5,1006.1,,,,,9.0,9.8,9.7,9.7,9.6,9.6,,9.8,9.7,,9.6,,,,,5200.0,5000.0,181.0,160.0,158.0,10.8,9.8,,0.0,0.0,6.7,6.7
06030,Flyvestation Ålborg,2025-11-03 18:00:00+00:00,2025-11-03,2025,11,3,18,0,57.0963,9.8505,,,96.0,96.0,,,1.0,2.0,0.1,0.2,0.0,1005.2,1005.8,,,,,9.6,10.2,9.8,9.8,9.7,9.7,11.0,10.2,9.9,4.7,9.8,,,,,8700.0,8000.0,151.0,173.0,168.0,9.8,9.8,,0.0,0.0,6.7,6.7
06030,Flyvestation Ålborg,2025-11-03 19:00:00+00:00,2025-11-03,2025,11,3,19,0,57.0963,9.8505,,,97.0,97.0,,,0.0,2.0,0.0,0.2,,1005.2,1005.9,,,,,10.2,10.7,9.9,9.9,9.9,9.8,,10.7,10.4,,10.2,,,,,5200.0,5000.0,181.0,183.0,179.0,10.3,8.8,,0.0,0.0,6.2,6.2
06030,Flyvestation Ålborg,2025-11-03 20:00:00+00:00,2025-11-03,2025,11,3,20,0,57.0963,9.8505,,,97.0,97.0,,,0.0,1.0,0.0,0.1,,1005.3,1005.9,,,,,10.9,11.3,10.3,10.3,10.1,9.9,,11.3,11.0,,10.7,,,,,4200.0,4200.0,181.0,192.0,189.0,8.8,7.7,,0.0,0.0,5.7,5.7
06030,Flyvestation Ålborg,2025-11-03 21:00:00+00:00,2025-11-03,2025,11,3,21,0,57.0963,9.8505,,,98.0,98.0,,,1.0,2.0,0.1,0.2,0.0,1005.8,1006.4,,,,,11.5,11.8,10.7,10.7,10.5,10.3,,11.8,11.6,,11.3,,,,,2400.0,2400.0,181.0,199.0,195.0,7.7,6.7,,0.0,0.0,5.7,5.7
06030,Flyvestation Ålborg,2025-11-03 22:00:00+00:00,2025-11-03,2025,11,3,22,0,57.0963,9.8505,,,98.0,98.0,,,0.0,2.0,0.0,0.2,,1006.1,1006.8,,,,,11.9,12.2,11.2,11.2,11.0,10.7,,12.2,12.0,,11.8,,,,,2300.0,2200.0,181.0,207.0,204.0,8.8,8.8,,0.0,0.0,6.7,6.2
06030,Flyvestation Ålborg,2025-11-03 23:00:00+00:00,2025-11-03,2025,11,3,23,0,57.0963,9.8505,,,97.0,98.0,,,0.0,1.0,0.0,0.1,,1006.3,1006.9,,,,,12.0,12.4,11.5,11.5,11.4,11.2,,12.4,12.2,,12.1,,,,,9800.0,9000.0,121.0,212.0,211.0,8.8,8.2,,0.0,0.0,6.7,6.2
06030,Flyvestation Ålborg,2025-11-04 00:00:00+00:00,2025-11-04,2025,11,4,0,0,57.0963,9.8505,,,97.0,97.0,,,0.0,0.0,0.0,0.0,,1006.5,1007.2,,,,,12.1,12.5,11.6,11.6,11.5,11.5,,12.6,12.5,,12.4,,,,,3900.0,3900.0,110.0,209.0,207.0,8.2,8.2,,0.0,0.0,6.2,6.2
06030,Flyvestation Ålborg,2025-11-04 01:00:00+00:00,2025-11-04,2025,11,4,1,0,57.0963,9.8505,,,97.0,97.0,,,0.0,10.0,0.0,1.1,,1006.4,1007.1,,,,,12.3,12.7,11.8,11.8,11.7,11.6,,12.7,12.5,,12.4,,,,,7600.0,7000.0,162.0,210.0,209.0,9.3,9.3,,0.0,0.0,7.2,6.7
06030,Flyvestation Ålborg,2025-11-04 02:00:00+00:00,2025-11-04,2025,11,4,2,0,57.0963,9.8505,,,94.0,96.0,,,0.0,4.0,0.0,0.4,,1006.6,1007.2,,,,,12.1,13.1,12.0,12.0,11.9,11.8,,13.1,12.9,,12.6,,,,,11900.0,11000.0,123.0,208.0,209.0,11.8,11.8,,0.0,0.0,7.7,7.7
06030,Flyvestation Ålborg,2025-11-04 03:00:00+00:00,2025-11-04,2025,11,4,3,0,57.0963,9.8505,,,93.0,93.0,,,0.0,0.0,0.0,0.0,,1006.7,1007.3,,,,,12.0,13.0,12.1,12.1,12.0,12.0,,13.2,13.1,,13.0,,,,,2700.0,2700.0,151.0,215.0,211.0,12.4,12.4,,0.0,0.0,8.8,8.2
06030,Flyvestation Ålborg,2025-11-04 04:00:00+00:00,2025-11-04,2025,11,4,4,0,57.0963,9.8505,,,97.0,96.0,,,0.0,0.0,0.0,0.0,,1006.9,1007.5,,,,,12.1,12.6,12.1,12.1,12.1,12.0,,13.1,12.7,,12.6,,,,,7100.0,7000.0,151.0,214.0,213.0,10.8,10.8,,0.0,0.0,8.2,8.2
06030,Flyvestation Ålborg,2025-11-04 05:00:00+00:00,2025-11-04,2025,11,4,5,0,57.0963,9.8505,,,95.0,96.0,,,0.0,0.0,0.0,0.0,,1006.9,1007.5,,,,,12.1,12.9,12.1,12.1,12.1,12.0,,12.9,12.7,,12.5,,,,,20600.0,20000.0,181.0,210.0,211.0,10.3,9.3,,0.0,0.0,7.2,7.2
06030,Flyvestation Ålborg,2025-11-04 06:00:00+00:00,2025-11-04,2025,11,4,6,0,57.0963,9.8505,,,95.0,95.0,,,0.0,1.0,0.0,0.1,,1007.0,1007.7,,,,,12.0,12.7,12.1,12.2,12.1,12.1,13.2,13.1,12.9,10.2,12.7,,,,,2900.0,2800.0,181.0,213.0,211.0,10.8,10.3,,0.0,0.0,7.7,7.7
06030,Flyvestation Ålborg,2025-11-04 07:00:00+00:00,2025-11-04,2025,11,4,7,0,57.0963,9.8505,,,97.0,97.0,,,1.0,1.0,0.1,0.1,0.0,1007.6,1008.2,,,,,12.1,12.6,12.1,12.2,12.1,12.1,,12.8,12.6,,12.6,,,,,3000.0,2900.0,151.0,209.0,211.0,10.3,9.8,,0.0,0.0,8.2,7.7
06030,Flyvestation Ålborg,2025-11-04 08:00:00+00:00,2025-11-04,2025,11,4,8,0,57.0963,9.8505,,,93.0,95.0,,,0.0,0.0,0.0,0.0,,1008.2,1008.8,,,,,11.9,12.9,12.2,12.3,12.2,12.1,,13.1,12.8,,12.5,,,,,2900.0,2900.0,181.0,215.0,214.0,12.4,12.4,,0.0,0.0,9.3,8.8
06030,Flyvestation Ålborg,2025-11-04 09:00:00+00:00,2025-11-04,2025,11,4,9,0,57.0963,9.8505,,,92.0,94.0,,,0.0,0.0,0.0,0.0,,1008.7,1009.3,,,,,11.8,13.2,12.3,12.4,12.3,12.2,,13.2,13.0,,12.7,,,,,15900.0,15000.0,121.0,215.0,211.0,11.3,10.8,,0.0,0.0,8.2,8.2
06030,Flyvestation Ålborg,2025-11-04 10:00:00+00:00,2025-11-04,2025,11,4,10,0,57.0963,9.8505,,,93.0,92.0,,,0.0,0.0,0.0,0.0,,1009.2,1009.8,,,,,12.0,13.1,12.4,12.4,12.4,12.3,,13.3,13.1,,13.0,,,,,14200.0,14000.0,,219.0,217.0,11.3,10.8,,0.0,0.0,8.2,8.2
06030,Flyvestation Ålborg,2025-11-04 11:00:00+00:00,2025-11-04,2025,11,4,11,0,57.0963,9.8505,,,93.0,93.0,,,0.0,0.0,0.0,0.0,,1009.4,1010.0,,,,,12.0,13.2,12.5,12.6,12.5,12.4,,13.3,13.1,,13.0,,,,,15100.0,15000.0,,214.0,214.0,12.9,12.9,,0.0,0.0,8.2,8.2
06030,Flyvestation Ålborg,2025-11-04 12:00:00+00:00,2025-11-04,2025,11,4,12,0,57.0963,9.8505,,,92.0,92.0,,,0.0,0.0,0.0,0.0,,1009.8,1010.4,,,,,11.9,13.2,12.5,12.6,12.5,12.5,,13.4,13.3,,13.2,,,,,8800.0,8000.0,110.0,220.0,216.0,11.3,11.3,,0.0,0.0,8.8,8.2
06030,Flyvestation Ålborg,2025-11-04 13:00:00+00:00,2025-11-04,2025,11,4,13,0,57.0963,9.8505,,,92.0,93.0,,,0.0,0.0,0.0,0.0,,1010.3,1010.9,,,,,12.0,13.2,12.5,12.6,12.5,12.5,,13.3,13.1,,12.9,,,,,13800.0,13000.0,,218.0,219.0,10.8,9.3,,0.0,0.0,6.7,7.2
06030,Flyvestation Ålborg,2025-11-04 14:00:00+00:00,2025-11-04,2025,11,4,14,0,57.0963,9.8505,,,94.0,94.0,,,0.0,1.0,0.0,0.1,,1010.5,1011.1,,,,,12.3,13.2,12.5,12.5,12.4,12.4,,13.2,13.0,,12.9,,,,,15300.0,15000.0,121.0,216.0,215.0,8.8,8.2,,0.0,0.0,6.2,6.2
06030,Flyvestation Ålborg,2025-11-04 15:00:00+00:00,2025-11-04,2025,11,4,15,0,57.0963,9.8505,,,93.0,93.0,,,0.0,0.0,0.0,0.0,,1010.7,1011.3,,,,,12.0,13.2,12.5,12.5,12.5,12.5,,13.4,13.2,,13.2,,,,,14000.0,13000.0,,214.0,211.0,9.3,8.8,,0.0,0.0,6.7,6.2
06030,Flyvestation Ålborg,2025-11-04 16:00:00+00:00,2025-11-04,2025,11,4,16,0,57.0963,9.8505,,,95.0,94.0,,,0.0,0.0,0.0,0.0,,1010.8,1011.4,,,,,12.3,13.0,12.4,12.5,12.4,12.4,,13.2,13.1,,13.0,,,,,12300.0,12000.0,110.0,205.0,211.0,9.8,8.2,,0.0,0.0,6.2,6.7
06030,Flyvestation Ålborg,2025-11-04 17:00:00+00:00,2025-11-04,2025,11,4,17,0,57.0963,9.8505,,,93.0,94.0,,,0.0,0.0,0.0,0.0,,1011.1,1011.7,,,,,12.0,13.1,12.4,12.4,12.4,12.4,,13.2,13.1,,13.0,,,,,11000.0,11000.0,,210.0,207.0,9.8,9.8,,0.0,0.0,7.2,7.2
06030,Flyvestation Ålborg,2025-11-04 18:00:00+00:00,2025-11-04,2025,11,4,18,0,57.0963,9.8505,,,91.0,92.0,,,0.0,0.0,0.0,0.0,,1011.8,1012.4,,,,,11.6,13.1,12.3,12.4,12.4,12.3,13.4,13.2,13.1,12.5,13.1,,,,,17500.0,17000.0,,212.0,212.0,11.3,9.8,,0.0,0.0,7.2,7.7
06030,Flyvestation Ålborg,2025-11-04 19:00:00+00:00,2025-11-04,2025,11,4,19,0,57.0963,9.8505,,,88.0,89.0,,,0.0,0.0,0.0,0.0,,1011.8,1012.5,,,,,11.2,13.1,12.2,12.3,12.3,12.2,,13.2,13.1,,13.0,,,,,25200.0,25000.0,,211.0,212.0,11.8,10.3,,0.0,0.0,7.7,8.2
06030,Flyvestation Ålborg,2025-11-04 20:00:00+00:00,2025-11-04,2025,11,4,20,0,57.0963,9.8505,,,88.0,88.0,,,0.0,0.0,0.0,0.0,,1011.9,1012.5,,,,,10.9,12.8,12.0,12.2,12.1,12.0,,13.2,13.0,,12.8,,,,,26000.0,25000.0,,212.0,214.0,14.4,8.8,,0.0,0.0,6.2,7.7
06030,Flyvestation Ålborg,2025-11-04 21:00:00+00:00,2025-11-04,2025,11,4,21,0,57.0963,9.8505,,,86.0,87.0,,,0.0,0.0,0.0,0.0,,1011.8,1012.4,,,,,10.6,12.8,11.8,12.0,11.9,11.8,,13.0,12.9,,12.8,,,,,28900.0,28000.0,,202.0,203.0,10.3,10.3,,0.0,0.0,7.2,6.7
06030,Flyvestation Ålborg,2025-11-04 22:00:00+00:00,2025-11-04,2025,11,4,22,0,57.0963,9.8505,,,89.0,87.0,,,0.0,0.0,0.0,0.0,,1012.3,1012.9,,,,,10.3,12.1,11.5,11.8,11.7,11.5,,12.8,12.5,,11.9,,,,,29000.0,28000.0,,195.0,199.0,10.8,10.8,,0.0,0.0,6.2,6.2
06030,Flyvestation Ålborg,2025-11-04 23:00:00+00:00,2025-11-04,2025,11,4,23,0,57.0963,9.8505,,,92.0,91.0,,,0.0,0.0,0.0,0.0,,1012.2,1012.8,,,,,10.1,11.4,11.1,11.5,11.3,11.1,,12.1,11.5,,11.2,,,,,34000.0,30000.0,,170.0,178.0,7.7,6.2,,0.0,0.0,5.1,5.1
06030,Flyvestation Ålborg,2025-11-05 00:00:00+00:00,2025-11-05,2025,11,5,0,0,57.0963,9.8505,,,91.0,92.0,,,0.0,0.0,0.0,0.0,,1012.1,1012.7,,,,,10.2,11.6,11.2,11.3,11.2,11.1,,11.6,11.5,,11.4,,,,,44600.0,40000.0,,168.0,172.0,8.8,7.2,,0.0,0.0,5.1,5.1
06030,Flyvestation Ålborg,2025-11-05 01:00:00+00:00,2025-11-05,2025,11,5,1,0,57.0963,9.8505,,,90.0,90.0,,,0.0,0.0,0.0,0.0,,1011.8,1012.4,,,,,9.8,11.4,11.1,11.3,11.2,11.1,,11.6,11.5,,11.4,,,,,36800.0,35000.0,,170.0,171.0,7.2,7.2,,0.0,0.0,4.6,5.1
06030,Flyvestation Ålborg,2025-11-05 02:00:00+00:00,2025-11-05,2025,11,5,2,0,57.0963,9.8505,,,88.0,89.0,,,0.0,0.0,0.0,0.0,,1011.2,1011.8,,,,,9.6,11.5,11.0,11.1,11.0,11.0,,11.6,11.5,,11.4,,,,,50000.0,50000.0,,174.0,175.0,8.2,8.2,,0.0,0.0,6.2,5.1
06030,Flyvestation Ålborg,2025-11-05 03:00:00+00:00,2025-11-05,2025,11,5,3,0,57.0963,9.8505,,,88.0,88.0,,,0.0,0.0,0.0,0.0,,1010.7,1011.3,,,,,9.5,11.5,10.9,11.0,10.9,10.9,,11.5,11.5,,11.3,,,,,36000.0,35000.0,,172.0,172.0,8.2,7.7,,0.0,0.0,5.7,5.7
06030,Flyvestation Ålborg,2025-11-05 04:00:00+00:00,2025-11-05,2025,11,5,4,0,57.0963,9.8505,,,87.0,87.0,,,0.0,0.0,0.0,0.0,,1010.9,1011.6,,,,,9.4,11.5,10.9,11.0,10.9,10.9,,11.6,11.5,,11.4,,,,,45900.0,45000.0,,172.0,175.0,7.7,6.2,,0.0,0.0,4.1,5.1
06030,Flyvestation Ålborg,2025-11-05 05:00:00+00:00,2025-11-05,2025,11,5,5,0,57.0963,9.8505,,,87.0,87.0,,,0.0,0.0,0.0,0.0,,1010.7,1011.3,,,,,9.3,11.4,10.9,10.9,10.9,10.9,,11.6,11.4,,11.3,,,,,44400.0,40000.0,,162.0,166.0,7.7,5.1,,0.0,0.0,3.6,3.6
06030,Flyvestation Ålborg,2025-11-05 06:00:00+00:00,2025-11-05,2025,11,5,6,0,57.0963,9.8505,,,88.0,87.0,,,0.0,0.0,0.0,0.0,,1011.2,1011.8,,,,,9.2,11.2,10.9,10.9,10.9,10.9,13.2,11.5,11.3,11.2,11.2,,,,,41900.0,40000.0,,180.0,163.0,8.8,4.6,,0.0,0.0,2.6,3.1
06030,Flyvestation Ålborg,2025-11-05 07:00:00+00:00,2025-11-05,2025,11,5,7,0,57.0963,9.8505,,,89.0,88.0,,,0.0,0.0,0.0,0.0,,1011.5,1012.1,,,,,9.3,11.1,10.9,10.9,10.9,10.9,,11.3,11.1,,11.0,,,,,47000.0,45000.0,123.0,181.0,182.0,4.6,4.6,,0.0,0.0,3.1,3.1
06030,Flyvestation Ålborg,2025-11-05 08:00:00+00:00,2025-11-05,2025,11,5,8,0,57.0963,9.8505,,,92.0,89.0,,,2.0,2.0,0.2,0.2,0.0,1011.7,1012.4,,,,,9.6,10.9,10.9,11.0,10.9,10.9,,11.2,11.1,,10.9,,,,,6300.0,6000.0,161.0,180.0,180.0,5.7,5.1,,0.0,0.0,3.6,3.6
06030,Flyvestation Ålborg,2025-11-05 09:00:00+00:00,2025-11-05,2025,11,5,9,0,57.0963,9.8505,,,94.0,94.0,,,0.0,5.0,0.0,0.5,,1011.6,1012.2,,,,,10.0,10.9,11.1,11.1,11.0,10.9,,10.9,10.9,,10.8,,,,,18700.0,18000.0,181.0,174.0,173.0,6.7,5.7,,0.0,0.0,3.6,3.6
06030,Flyvestation Ålborg,2025-11-05 10:00:00+00:00,2025-11-05,2025,11,5,10,0,57.0963,9.8505,,,95.0,95.0,,,0.0,2.0,0.0,0.2,,1011.5,1012.2,,,,,10.3,11.1,11.2,11.2,11.1,11.1,,11.1,11.0,,10.9,,,,,20800.0,20000.0,181.0,175.0,176.0,7.2,6.7,,0.0,0.0,4.6,4.6
06030,Flyvestation Ålborg,2025-11-05 11:00:00+00:00,2025-11-05,2025,11,5,11,0,57.0963,9.8505,,,93.0,94.0,,,0.0,0.0,0.0,0.0,,1011.4,1012.0,,,,,10.7,11.8,11.4,11.4,11.2,11.2,,11.8,11.4,,11.1,,,,,25100.0,25000.0,121.0,180.0,177.0,7.7,5.7,,0.0,0.0,4.1,4.6
06030,Flyvestation Ålborg,2025-11-05 12:00:00+00:00,2025-11-05,2025,11,5,12,0,57.0963,9.8505,,,91.0,92.0,,,0.0,0.0,0.0,0.0,,1011.3,1011.9,,,,,10.8,12.2,11.7,11.7,11.5,11.4,,12.2,12.1,,11.8,,,,,30400.0,30000.0,,179.0,177.0,7.2,4.6,,0.0,0.0,3.6,4.6
06030,Flyvestation Ålborg,2025-11-05 13:00:00+00:00,2025-11-05,2025,11,5,13,0,57.0963,9.8505,,,89.0,91.0,,,0.0,0.0,0.0,0.0,,1011.0,1011.7,,,,,11.2,13.0,11.8,11.8,11.6,11.6,,13.0,12.5,,12.2,,,,,31300.0,30000.0,,196.0,188.0,5.7,5.7,,0.0,0.0,3.6,4.1
06030,Flyvestation Ålborg,2025-11-05 14:00:00+00:00,2025-11-05,2025,11,5,14,0,57.0963,9.8505,,,90.0,89.0,,,0.0,0.0,0.0,0.0,,1011.1,1011.8,,,,,11.4,13.0,12.1,12.1,12.0,11.8,,13.2,13.1,,13.0,,,,,19200.0,19000.0,,209.0,207.0,8.8,8.2,,0.0,0.0,6.2,5.7
06030,Flyvestation Ålborg,2025-11-05 15:00:00+00:00,2025-11-05,2025,11,5,15,0,57.0963,9.8505,,,91.0,90.0,,,0.0,0.0,0.0,0.0,,1011.4,1012.0,,,,,11.5,12.9,12.0,12.1,12.1,12.0,,13.1,13.0,,12.9,,,,,22000.0,21000.0,,209.0,210.0,8.8,8.2,,0.0,0.0,5.7,6.2
06030,Flyvestation Ålborg,2025-11-05 16:00:00+00:00,2025-11-05,2025,11,5,16,0,57.0963,9.8505,,,91.0,92.0,,,0.0,0.0,0.0,0.0,,1011.3,1012.0,,,,,11.6,13.0,11.9,12.1,12.0,11.9,,13.0,12.9,,12.8,,,,,19900.0,19000.0,,198.0,205.0,8.2,5.1,,0.0,0.0,3.6,4.6
06030,Flyvestation Ålborg,2025-11-05 17:00:00+00:00,2025-11-05,2025,11,5,17,0,57.0963,9.8505,,,90.0,91.0,,,0.0,0.0,0.0,0.0,,1011.7,1012.3,,,,,11.4,13.0,11.9,12.0,11.9,11.9,,13.0,13.0,,12.9,,,,,23500.0,23000.0,,189.0,198.0,5.7,5.1,,0.0,0.0,4.1,3.6
06030,Flyvestation Ålborg,2025-11-05 18:00:00+00:00,2025-11-05,2025,11,5,18,0,57.0963,9.8505,,,90.0,90.0,,,0.0,0.0,0.0,0.0,,1012.1,1012.7,,,,,11.2,12.8,11.9,11.9,11.8,11.8,13.2,13.0,12.9,10.8,12.8,,,,,24500.0,24000.0,,201.0,194.0,6.2,5.7,,0.0,0.0,4.1,4.1
06030,Flyvestation Ålborg,2025-11-05 19:00:00+00:00,2025-11-05,2025,11,5,19,0,57.0963,9.8505,,,90.0,90.0,,,0.0,0.0,0.0,0.0,,1012.4,1013.1,,,,,10.9,12.5,11.8,11.9,11.8,11.8,,12.9,12.7,,12.5,,,,,30700.0,30000.0,,198.0,197.0,6.7,5.1,,0.0,0.0,3.6,4.1
06030,Flyvestation Ålborg,2025-11-05 20:00:00+00:00,2025-11-05,2025,11,5,20,0,57.0963,9.8505,,,91.0,91.0,,,0.0,0.0,0.0,0.0,,1012.5,1013.1,,,,,10.7,12.1,11.6,11.8,11.7,11.6,,12.5,12.3,,12.1,,,,,27800.0,27000.0,,184.0,193.0,5.1,4.6,,0.0,0.0,3.1,3.6
06030,Flyvestation Ålborg,2025-11-05 21:00:00+00:00,2025-11-05,2025,11,5,21,0,57.0963,9.8505,,,92.0,91.0,,,0.0,0.0,0.0,0.0,,1012.3,1012.9,,,,,10.4,11.7,11.5,11.7,11.6,11.5,,12.1,11.8,,11.7,,,,,29700.0,29000.0,,182.0,179.0,5.1,4.1,,0.0,0.0,2.6,3.6
06030,Flyvestation Ålborg,2025-11-05 22:00:00+00:00,2025-11-05,2025,11,5,22,0,57.0963,9.8505,,,91.0,92.0,,,0.0,0.0,0.0,0.0,,1012.4,1013.1,,,,,10.2,11.6,11.5,11.5,11.5,11.4,,11.7,11.7,,11.6,,,,,31600.0,30000.0,,182.0,182.0,4.1,2.1,,0.0,0.0,1.5,2.6
06030,Flyvestation Ålborg,2025-11-05 23:00:00+00:00,2025-11-05,2025,11,5,23,0,57.0963,9.8505,,,89.0,90.0,,,0.0,0.0,0.0,0.0,,1012.8,1013.4,,,,,10.0,11.7,11.4,11.5,11.4,11.4,,11.9,11.8,,11.6,,,,,32400.0,30000.0,181.0,190.0,187.0,4.1,3.6,,0.0,0.0,3.1,2.1
06030,Flyvestation Ålborg,2025-11-06 00:00:00+00:00,2025-11-06,2025,11,6,0,0,57.0963,9.8505,,,90.0,90.0,,,0.0,0.0,0.0,0.0,,1012.5,1013.1,,,,,9.9,11.5,11.3,11.4,11.4,11.3,,11.7,11.5,,11.4,,,,,28200.0,28000.0,181.0,161.0,174.0,3.1,2.6,,0.0,0.0,2.1,2.1
06030,Flyvestation Ålborg,2025-11-06 01:00:00+00:00,2025-11-06,2025,11,6,1,0,57.0963,9.8505,,,91.0,91.0,,,0.0,0.0,0.0,0.0,,1011.9,1012.5,,,,,10.0,11.4,11.3,11.3,11.3,11.3,,11.5,11.4,,11.4,,,,,32000.0,30000.0,123.0,164.0,154.0,4.1,4.1,,0.0,0.0,3.1,2.6
06030,Flyvestation Ålborg,2025-11-06 02:00:00+00:00,2025-11-06,2025,11,6,2,0,57.0963,9.8505,,,91.0,91.0,,,0.0,0.0,0.0,0.0,,1012.0,1012.6,,,,,10.0,11.4,11.3,11.3,11.3,11.3,,11.6,11.5,,11.4,,,,,21300.0,21000.0,161.0,157.0,167.0,4.1,3.1,,0.0,0.0,2.1,2.6
06030,Flyvestation Ålborg,2025-11-06 03:00:00+00:00,2025-11-06,2025,11,6,3,0,57.0963,9.8505,,,91.0,91.0,,,0.0,1.0,0.0,0.1,,1011.8,1012.4,,,,,10.0,11.4,11.3,11.3,11.3,11.3,,11.5,11.4,,11.3,,,,,28600.0,28000.0,181.0,138.0,142.0,2.6,1.5,,0.0,0.0,1.0,1.0
06030,Flyvestation Ålborg,2025-11-06 04:00:00+00:00,2025-11-06,2025,11,6,4,0,57.0963,9.8505,,,93.0,92.0,,,0.0,0.0,0.0,0.0,,1011.9,1012.5,,,,,9.8,11.0,11.2,11.3,11.2,11.2,,11.4,11.2,,10.9,,,,,26900.0,26000.0,123.0,147.0,116.0,2.6,1.0,,0.0,0.0,1.0,1.0
06030,Flyvestation Ålborg,2025-11-06 05:00:00+00:00,2025-11-06,2025,11,6,5,0,57.0963,9.8505,,,95.0,94.0,,,0.0,0.0,0.0,0.0,,1011.5,1012.2,,,,,9.9,10.7,11.1,11.2,11.2,11.1,,10.9,10.7,,10.6,,,,,20000.0,20000.0,,125.0,118.0,2.6,2.6,,0.0,0.0,2.1,1.5
06030,Flyvestation Ålborg,2025-11-06 06:00:00+00:00,2025-11-06,2025,11,6,6,0,57.0963,9.8505,,,91.0,93.0,,,0.0,0.0,0.0,0.0,,1011.5,1012.1,,,,,9.7,11.2,11.1,11.2,11.1,11.1,12.9,11.2,11.0,10.6,10.7,,,,,18700.0,18000.0,161.0,101.0,132.0,3.1,1.5,,0.0,0.0,1.5,1.5
06030,Flyvestation Ålborg,2025-11-06 07:00:00+00:00,2025-11-06,2025,11,6,7,0,57.0963,9.8505,,,92.0,92.0,,,0.0,0.0,0.0,0.0,,1011.5,1012.1,,,,,9.5,10.7,11.0,11.1,11.1,11.0,,11.2,10.9,,10.6,,,,,16600.0,16000.0,100.0,92.0,102.0,3.1,2.1,,0.0,0.0,1.5,1.5
06030,Flyvestation Ålborg,2025-11-06 08:00:00+00:00,2025-11-06,2025,11,6,8,0,57.0963,9.8505,,,93.0,92.0,,,0.0,0.0,0.0,0.0,,1011.7,1012.4,,,,,9.9,11.0,11.1,11.1,11.1,11.0,,11.2,11.0,,10.7,,,,,23300.0,23000.0,,79.0,85.0,2.1,2.1,,0.0,0.0,1.5,1.5
06030,Flyvestation Ålborg,2025-11-06 09:00:00+00:00,2025-11-06,2025,11,6,9,0,57.0963,9.8505,,,89.0,91.0,,,0.0,0.0,0.0,0.0,,1011.7,1012.3,,,,,10.2,12.0,11.4,11.4,11.3,11.1,,12.0,11.6,,11.0,,,,,32300.0,30000.0,,120.0,100.0,3.1,2.1,,0.0,0.0,1.0,1.5
06030,Flyvestation Ålborg,2025-11-06 10:00:00+00:00,2025-11-06,2025,11,6,10,0,57.0963,9.8505,,,89.0,87.0,,,0.0,0.0,0.0,0.0,,1011.9,1012.5,,,,,10.5,12.3,11.7,11.7,11.5,11.4,,12.4,12.2,,12.0,,,,,34200.0,30000.0,,93.0,99.0,2.6,2.6,,0.0,0.0,2.1,1.5
06030,Flyvestation Ålborg,2025-11-06 11:00:00+00:00,2025-11-06,2025,11,6,11,0,57.0963,9.8505,,,76.0,83.0,,,0.0,0.0,0.0,0.0,,1011.8,1012.4,,,,,10.3,14.4,12.4,12.4,12.0,11.7,,14.4,13.3,,12.3,,,,,48100.0,45000.0,,130.0,121.0,4.1,4.1,,0.0,0.0,3.1,1.5
06030,Flyvestation Ålborg,2025-11-06 12:00:00+00:00,2025-11-06,2025,11,6,12,0,57.0963,9.8505,,,75.0,77.0,,,0.0,0.0,0.0,0.0,,1011.7,1012.3,,,,,10.1,14.5,12.3,12.5,12.4,12.2,,14.6,14.1,,13.5,,,,,42400.0,40000.0,,119.0,128.0,4.6,3.1,,0.0,0.0,2.1,2.6
06030,Flyvestation Ålborg,2025-11-06 13:00:00+00:00,2025-11-06,2025,11,6,13,0,57.0963,9.8505,,,71.0,74.0,,,0.0,0.0,0.0,0.0,,1011.1,1011.7,,,,,10.0,15.2,12.7,12.7,12.5,12.3,,15.3,14.8,,14.1,,,,,50000.0,50000.0,,133.0,133.0,4.6,4.1,,0.0,0.0,3.1,3.1
06030,Flyvestation Ålborg,2025-11-06 14:00:00+00:00,2025-11-06,2025,11,6,14,0,57.0963,9.8505,,,79.0,75.0,,,0.0,0.0,0.0,0.0,,1011.2,1011.8,,,,,10.0,13.5,12.2,12.7,12.5,12.2,,15.3,14.4,,13.5,,,,,50000.0,50000.0,,150.0,145.0,4.1,4.1,,0.0,0.0,3.1,2.6
06030,Flyvestation Ålborg,2025-11-06 15:00:00+00:00,2025-11-06,2025,11,6,15,0,57.0963,9.8505,,,91.0,84.0,,,0.0,0.0,0.0,0.0,,1011.3,1011.9,,,,,9.0,10.4,11.5,12.2,11.9,11.5,,13.5,12.1,,10.4,,,,,25600.0,25000.0,,98.0,119.0,3.6,3.1,,0.0,0.0,2.6,2.1
06030,Flyvestation Ålborg,2025-11-06 16:00:00+00:00,2025-11-06,2025,11,6,16,0,57.0963,9.8505,,,95.0,94.0,,,0.0,0.0,0.0,0.0,,1011.2,1011.9,,,,,9.0,9.8,11.0,11.4,11.2,11.0,,11.0,10.2,,9.8,,,,,27300.0,27000.0,,85.0,91.0,3.1,2.6,,0.0,0.0,2.1,2.6
06030,Flyvestation Ålborg,2025-11-06 17:00:00+00:00,2025-11-06,2025,11,6,17,0,57.0963,9.8505,,,94.0,94.0,,,0.0,0.0,0.0,0.0,,1011.3,1011.9,,,,,7.8,8.8,10.6,11.0,10.9,10.6,,10.1,9.6,,8.8,,,,,25100.0,25000.0,,98.0,96.0,3.1,2.6,,0.0,0.0,2.1,2.1
06030,Flyvestation Ålborg,2025-11-06 18:00:00+00:00,2025-11-06,2025,11,6,18,0,57.0963,9.8505,,,94.0,95.0,,,0.0,0.0,0.0,0.0,,1011.5,1012.1,,,,,8.7,9.6,10.2,10.7,10.4,10.2,15.3,9.7,9.1,8.3,8.3,,,,,23300.0,23000.0,,64.0,75.0,3.6,2.1,,0.0,0.0,2.1,2.1
06030,Flyvestation Ålborg,2025-11-06 19:00:00+00:00,2025-11-06,2025,11,6,19,0,57.0963,9.8505,,,94.0,94.0,,,0.0,0.0,0.0,0.0,,1011.5,1012.2,,,,,7.4,8.3,10.1,10.2,10.2,10.1,,9.6,8.5,,7.9,,,,,28500.0,28000.0,,93.0,89.0,3.1,3.1,,0.0,0.0,2.6,2.1
06030,Flyvestation Ålborg,2025-11-06 20:00:00+00:00,2025-11-06,2025,11,6,20,0,57.0963,9.8505,,,94.0,94.0,,,0.0,0.0,0.0,0.0,,1011.3,1012.0,,,,,6.8,7.7,9.8,10.1,10.0,9.8,,8.6,8.0,,7.4,,,,,25600.0,25000.0,,84.0,80.0,3.1,3.1,,0.0,0.0,2.6,2.6
06030,Flyvestation Ålborg,2025-11-06 21:00:00+00:00,2025-11-06,2025,11,6,21,0,57.0963,9.8505,,,94.0,94.0,,,0.0,0.0,0.0,0.0,,1011.3,1011.9,,,,,6.2,7.1,9.6,9.8,9.7,9.6,,7.7,7.4,,7.1,,,,,17400.0,17000.0,,99.0,92.0,3.6,3.6,,0.0,0.0,2.6,2.1
06030,Flyvestation Ålborg,2025-11-06 22:00:00+00:00,2025-11-06,2025,11,6,22,0,57.0963,9.8505,,,96.0,95.0,,,0.0,0.0,0.0,0.0,,1011.2,1011.8,,,,,6.9,7.5,9.5,9.6,9.6,9.5,,7.7,7.4,,7.0,,,,,15500.0,15000.0,,98.0,98.0,4.1,3.1,,0.0,0.0,2.6,3.1
06030,Flyvestation Ålborg,2025-11-06 23:00:00+00:00,2025-11-06,2025,11,6,23,0,57.0963,9.8505,,,97.0,96.0,,,0.0,0.0,0.0,0.0,,1011.0,1011.6,,,,,6.8,7.3,9.2,9.5,9.4,9.2,,7.6,7.0,,6.5,,,,,13900.0,13000.0,,108.0,103.0,3.6,3.1,,0.0,0.0,2.6,2.6
06030,Flyvestation Ålborg,2025-11-07 00:00:00+00:00,2025-11-07,2025,11,7,0,0,57.0963,9.8505,,,96.0,96.0,,,0.0,0.0,0.0,0.0,,1010.9,1011.5,,,,,6.9,7.6,9.1,9.3,9.2,9.1,,8.1,7.6,,7.0,,,,,8600.0,8000.0,110.0,100.0,108.0,3.1,3.1,,0.0,0.0,2.6,2.1
06030,Flyvestation Ålborg,2025-11-07 01:00:00+00:00,2025-11-07,2025,11,7,1,0,57.0963,9.8505,,,97.0,96.0,,,0.0,0.0,0.0,0.0,,1010.7,1011.4,,,,,6.0,6.5,8.9,9.1,9.0,8.9,,8.0,7.2,,6.3,,,,,1100.0,1100.0,134.0,96.0,94.0,3.1,3.1,,0.0,0.0,2.1,2.1
06030,Flyvestation Ålborg,2025-11-07 02:00:00+00:00,2025-11-07,2025,11,7,2,0,57.0963,9.8505,,,98.0,97.0,,,0.0,0.0,0.0,0.0,,1010.6,1011.3,,,,,6.1,6.4,8.6,8.9,8.7,8.6,,7.4,6.5,,5.6,,,,,3600.0,3500.0,120.0,101.0,107.0,3.1,3.1,,0.0,0.0,2.6,2.6
06030,Flyvestation Ålborg,2025-11-07 03:00:00+00:00,2025-11-07,2025,11,7,3,0,57.0963,9.8505,,,98.0,98.0,,,0.0,0.0,0.0,0.0,,1010.2,1010.9,,,,,5.1,5.4,8.4,8.6,8.5,8.4,,6.4,5.7,,4.8,,,,,2500.0,2400.0,110.0,105.0,103.0,3.6,3.6,,0.0,0.0,3.1,2.6
06030,Flyvestation Ålborg,2025-11-07 04:00:00+00:00,2025-11-07,2025,11,7,4,0,57.0963,9.8505,,,98.0,98.0,,,0.0,0.0,0.0,0.0,,1010.1,1010.8,,,,,5.4,5.6,8.0,8.4,8.2,8.0,,6.0,5.3,,4.7,,,,,820.0,800.0,134.0,106.0,101.0,3.6,2.6,,0.0,0.0,2.1,2.6
06030,Flyvestation Ålborg,2025-11-07 05:00:00+00:00,2025-11-07,2025,11,7,5,0,57.0963,9.8505,,,99.0,99.0,,,0.0,0.0,0.0,0.0,,1010.0,1010.6,,,,,5.3,5.5,7.7,8.0,7.8,7.7,,6.3,5.4,,4.1,,,,,150.0,100.0,134.0,102.0,103.0,3.6,3.6,,0.0,0.0,3.1,2.1
06030,Flyvestation Ålborg,2025-11-07 06:00:00+00:00,2025-11-07,2025,11,7,6,0,57.0963,9.8505,,,99.0,99.0,,,0.0,0.0,0.0,0.0,,1009.8,1010.4,,,,,5.4,5.5,7.6,7.7,7.6,7.5,9.6,5.5,4.9,3.9,3.9,,,,,2500.0,2400.0,120.0,77.0,87.0,3.6,3.1,,0.0,0.0,2.6,2.6
06030,Flyvestation Ålborg,2025-11-07 07:00:00+00:00,2025-11-07,2025,11,7,7,0,57.0963,9.8505,,,99.0,99.0,,,0.0,0.0,0.0,0.0,,1009.9,1010.5,,,,,4.2,4.3,7.5,7.6,7.5,7.5,,5.9,4.5,,3.8,,,,,150.0,100.0,134.0,102.0,94.0,4.1,2.6,,0.0,0.0,2.1,2.6
06030,Flyvestation Ålborg,2025-11-07 08:00:00+00:00,2025-11-07,2025,11,7,8,0,57.0963,9.8505,,,99.0,99.0,,,0.0,0.0,0.0,0.0,,1010.0,1010.6,,,,,5.6,5.7,7.5,7.5,7.5,7.5,,5.8,4.8,,4.4,,,,,330.0,300.0,133.0,107.0,106.0,3.1,1.5,,0.0,0.0,1.5,1.5
06030,Flyvestation Ålborg,2025-11-07 09:00:00+00:00,2025-11-07,2025,11,7,9,0,57.0963,9.8505,,,99.0,99.0,,,0.0,0.0,0.0,0.0,,1010.1,1010.7,,,,,7.7,7.9,8.1,8.1,7.8,7.5,,7.9,6.9,,5.7,,,,,4900.0,4800.0,120.0,112.0,92.0,3.1,3.1,,0.0,0.0,2.1,2.1
06030,Flyvestation Ålborg,2025-11-07 10:00:00+00:00,2025-11-07,2025,11,7,10,0,57.0963,9.8505,,,99.0,99.0,,,0.0,0.0,0.0,0.0,,1010.3,1011.0,,,,,7.6,7.8,9.2,9.2,8.6,8.1,,8.7,8.3,,7.7,,,,,2200.0,2100.0,120.0,221.0,150.0,4.1,3.1,,0.0,0.0,2.6,1.5
06030,Flyvestation Ålborg,2025-11-07 11:00:00+00:00,2025-11-07,2025,11,7,11,0,57.0963,9.8505,,,99.0,99.0,,,0.0,1.0,0.0,0.1,,1010.3,1010.9,,,,,7.6,7.8,9.6,9.6,9.4,9.2,,7.9,7.7,,7.5,,,,,4300.0,4200.0,120.0,160.0,179.0,5.7,3.6,,0.0,0.0,2.6,2.6
06030,Flyvestation Ålborg,2025-11-07 12:00:00+00:00,2025-11-07,2025,11,7,12,0,57.0963,9.8505,,,97.0,98.0,,,0.0,0.0,0.0,0.0,,1010.0,1010.6,,,,,7.6,8.1,9.9,9.9,9.8,9.6,,8.1,8.0,,7.7,,,,,6200.0,6000.0,110.0,164.0,164.0,4.1,3.6,,0.0,0.0,2.6,2.6
06030,Flyvestation Ålborg,2025-11-07 13:00:00+00:00,2025-11-07,2025,11,7,13,0,57.0963,9.8505,,,90.0,93.0,,,0.0,0.0,0.0,0.0,,1010.0,1010.7,,,,,7.4,8.9,9.9,9.9,9.9,9.9,,8.9,8.5,,8.1,,,,,9100.0,9000.0,110.0,180.0,162.0,3.6,2.1,,0.0,0.0,1.0,2.1
06030,Flyvestation Ålborg,2025-11-07 14:00:00+00:00,2025-11-07,2025,11,7,14,0,57.0963,9.8505,,,87.0,88.0,,,0.0,0.0,0.0,0.0,,1009.9,1010.6,,,,,7.1,9.1,10.0,10.0,10.0,9.9,,9.1,9.0,,8.7,,,,,9800.0,9000.0,110.0,170.0,148.0,3.1,3.1,,0.0,0.0,1.5,1.0
06030,Flyvestation Ålborg,2025-11-07 15:00:00+00:00,2025-11-07,2025,11,7,15,0,57.0963,9.8505,,,85.0,87.0,,,0.0,0.0,0.0,0.0,,1010.2,1010.8,,,,,6.7,9.0,9.9,10.0,9.9,9.9,,9.1,9.0,,9.0,,,,,10900.0,10000.0,,179.0,186.0,3.1,2.6,,0.0,0.0,1.5,1.5
06030,Flyvestation Ålborg,2025-11-07 16:00:00+00:00,2025-11-07,2025,11,7,16,0,57.0963,9.8505,,,88.0,87.0,,,0.0,0.0,0.0,0.0,,1010.4,1011.0,,,,,6.9,8.8,9.8,9.9,9.8,9.8,,9.1,8.9,,8.8,,,,,9300.0,9000.0,110.0,167.0,141.0,3.1,3.1,,0.0,0.0,1.0,1.5
06030,Flyvestation Ålborg,2025-11-07 17:00:00+00:00,2025-11-07,2025,11,7,17,0,57.0963,9.8505,,,85.0,87.0,,,0.0,0.0,0.0,0.0,,1010.7,1011.3,,,,,6.6,8.9,9.8,9.8,9.8,9.7,,8.9,8.8,,8.6,,,,,9100.0,9000.0,,146.0,127.0,3.1,2.1,,0.0,0.0,1.0,1.0
06030,Flyvestation Ålborg,2025-11-07 18:00:00+00:00,2025-11-07,2025,11,7,18,0,57.0963,9.8505,,,86.0,86.0,,,0.0,0.0,0.0,0.0,,1011.1,1011.8,,,,,6.6,8.8,9.7,9.8,9.7,9.7,9.1,8.9,8.8,3.8,8.7,,,,,10500.0,10000.0,,168.0,167.0,2.6,2.6,,0.0,0.0,0.5,0.5
06030,Flyvestation Ålborg,2025-11-07 19:00:00+00:00,2025-11-07,2025,11,7,19,0,57.0963,9.8505,,,88.0,87.0,,,0.0,0.0,0.0,0.0,,1011.5,1012.1,,,,,6.7,8.5,9.7,9.8,9.7,9.7,,8.9,8.7,,8.5,,,,,9400.0,9000.0,110.0,129.0,151.0,2.1,1.5,,0.0,0.0,1.0,1.0
06030,Flyvestation Ålborg,2025-11-07 20:00:00+00:00,2025-11-07,2025,11,7,20,0,57.0963,9.8505,,,88.0,87.0,,,0.0,0.0,0.0,0.0,,1011.8,1012.4,,,,,6.6,8.5,9.7,9.7,9.7,9.7,,8.7,8.6,,8.5,,,,,8400.0,8000.0,110.0,203.0,173.0,3.1,3.1,,0.0,0.0,1.0,1.0
06030,Flyvestation Ålborg,2025-11-07 21:00:00+00:00,2025-11-07,2025,11,7,21,0,57.0963,9.8505,,,87.0,87.0,,,0.0,0.0,0.0,0.0,,1012.3,1012.9,,,,,6.5,8.6,9.7,9.7,9.7,9.6,,8.7,8.6,,8.5,,,,,9400.0,9000.0,110.0,264.0,197.0,2.6,0.5,,0.0,0.0,0.5,0.5
06030,Flyvestation Ålborg,2025-11-07 22:00:00+00:00,2025-11-07,2025,11,7,22,0,57.0963,9.8505,,,93.0,88.0,,,0.0,0.0,0.0,0.0,,1012.2,1012.9,,,,,7.4,8.5,9.6,9.7,9.7,9.6,,8.7,8.6,,8.4,,,,,1400.0,1300.0,110.0,240.0,258.0,1.5,1.5,,0.0,0.0,1.0,0.5
06030,Flyvestation Ålborg,2025-11-07 23:00:00+00:00,2025-11-07,2025,11,7,23,0,57.0963,9.8505,,,96.0,95.0,,,0.0,0.0,0.0,0.0,,1012.6,1013.2,,,,,7.5,8.1,9.7,9.7,9.6,9.6,,8.4,8.3,,8.1,,,,,760.0,700.0,181.0,310.0,258.0,1.5,0.5,,0.0,0.0,0.5,0.5
06030,Flyvestation Ålborg,2025-11-08 00:00:00+00:00,2025-11-08,2025,11,8,0,0,57.0963,9.8505,,,97.0,97.0,,,0.0,0.0,0.0,0.0,,1012.6,1013.3,,,,,7.5,8.0,9.7,9.7,9.7,9.7,,8.1,8.1,,8.0,,,,,740.0,700.0,161.0,353.0,0.0,0.5,0.5,,0.0,0.0,0.5,0.0
06030,Flyvestation Ålborg,2025-11-08 01:00:00+00:00,2025-11-08,2025,11,8,1,0,57.0963,9.8505,,,97.0,97.0,,,0.0,1.0,0.0,0.1,,1012.7,1013.3,,,,,7.5,7.9,9.7,9.8,9.7,9.7,,8.0,8.0,,7.9,,,,,1800.0,1800.0,121.0,0.0,0.0,0.5,,,0.0,0.0,0.0,0.0
06030,Flyvestation Ålborg,2025-11-08 02:00:00+00:00,2025-11-08,2025,11,8,2,0,57.0963,9.8505,,,97.0,97.0,,,0.0,0.0,0.0,0.0,,1012.9,1013.5,,,,,7.5,7.9,9.7,9.7,9.7,9.7,,7.9,7.9,,7.9,,,,,2300.0,2200.0,110.0,356.0,7.0,1.0,0.5,,0.0,0.0,0.5,0.5
06030,Flyvestation Ålborg,2025-11-08 03:00:00+00:00,2025-11-08,2025,11,8,3,0,57.0963,9.8505,,,95.0,97.0,,,0.0,0.0,0.0,0.0,,1012.9,1013.5,,,,,6.9,7.6,9.6,9.7,9.7,9.6,,7.9,7.7,,7.5,,,,,6600.0,6000.0,110.0,0.0,342.0,3.6,0.5,,0.0,0.0,0.0,1.0
06030,Flyvestation Ålborg,2025-11-08 04:00:00+00:00,2025-11-08,2025,11,8,4,0,57.0963,9.8505,,,93.0,94.0,,,0.0,0.0,0.0,0.0,,1012.9,1013.5,,,,,6.8,7.8,9.6,9.6,9.6,9.6,,7.8,7.8,,7.6,,,,,6000.0,6000.0,110.0,44.0,348.0,1.5,1.5,,0.0,0.0,0.5,0.5
06030,Flyvestation Ålborg,2025-11-08 05:00:00+00:00,2025-11-08,2025,11,8,5,0,57.0963,9.8505,,,92.0,93.0,,,0.0,0.0,0.0,0.0,,1013.0,1013.6,,,,,6.4,7.7,9.6,9.6,9.6,9.6,,7.8,7.7,,7.6,,,,,5600.0,5000.0,110.0,38.0,30.0,2.1,1.0,,0.0,0.0,1.0,0.5
06030,Flyvestation Ålborg,2025-11-08 06:00:00+00:00,2025-11-08,2025,11,8,6,0,57.0963,9.8505,,,90.0,90.0,,,0.0,0.0,0.0,0.0,,1013.2,1013.8,,,,,6.0,7.6,9.5,9.6,9.6,9.5,8.9,7.7,7.6,7.4,7.4,,,,,5000.0,5000.0,110.0,51.0,35.0,2.1,2.1,,0.0,0.0,1.5,1.0
06030,Flyvestation Ålborg,2025-11-08 07:00:00+00:00,2025-11-08,2025,11,8,7,0,57.0963,9.8505,,,94.0,92.0,,,0.0,0.0,0.0,0.0,,1013.7,1014.4,,,,,6.4,7.4,9.6,9.6,9.6,9.5,,7.6,7.4,,7.4,,,,,3600.0,3500.0,110.0,59.0,60.0,2.1,1.5,,0.0,0.0,1.0,1.0
06030,Flyvestation Ålborg,2025-11-08 08:00:00+00:00,2025-11-08,2025,11,8,8,0,57.0963,9.8505,,,95.0,94.0,,,0.0,0.0,0.0,0.0,,1014.0,1014.6,,,,,6.7,7.5,9.7,9.7,9.6,9.6,,7.5,7.4,,7.4,,,,,2900.0,2900.0,110.0,68.0,69.0,1.5,1.0,,0.0,0.0,0.5,0.5
06030,Flyvestation Ålborg,2025-11-08 09:00:00+00:00,2025-11-08,2025,11,8,9,0,57.0963,9.8505,,,95.0,95.0,,,0.0,0.0,0.0,0.0,,1014.3,1014.9,,,,,6.8,7.6,9.8,9.8,9.7,9.7,,7.7,7.6,,7.5,,,,,4000.0,3900.0,110.0,0.0,60.0,1.0,0.5,,0.0,0.0,0.0,0.5
06030,Flyvestation Ålborg,2025-11-08 10:00:00+00:00,2025-11-08,2025,11,8,10,0,57.0963,9.8505,,,94.0,94.0,,,0.0,0.0,0.0,0.0,,1014.4,1015.1,,,,,7.0,7.9,10.0,10.0,9.9,9.8,,7.9,7.8,,7.7,,,,,3900.0,3800.0,110.0,255.0,0.0,1.0,1.0,,0.0,0.0,0.5,0.0
06030,Flyvestation Ålborg,2025-11-08 11:00:00+00:00,2025-11-08,2025,11,8,11,0,57.0963,9.8505,,,93.0,94.0,,,0.0,0.0,0.0,0.0,,1014.5,1015.1,,,,,7.0,8.0,10.1,10.1,10.0,9.9,,8.0,7.9,,7.8,,,,,8000.0,8000.0,110.0,247.0,247.0,1.0,1.0,,0.0,0.0,0.5,0.5
06030,Flyvestation Ålborg,2025-11-08 12:00:00+00:00,2025-11-08,2025,11,8,12,0,57.0963,9.8505,,,93.0,93.0,,,0.0,0.0,0.0,0.0,,1014.3,1014.9,,,,,7.1,8.2,10.0,10.1,10.1,10.0,,8.2,8.0,,7.9,,,,,7000.0,7000.0,110.0,298.0,275.0,1.0,1.0,,0.0,0.0,1.0,0.5
06030,Flyvestation Ålborg,2025-11-08 13:00:00+00:00,2025-11-08,2025,11,8,13,0,57.0963,9.8505,,,94.0,93.0,,,0.0,0.0,0.0,0.0,,1014.3,1014.9,,,,,7.3,8.2,9.8,10.0,9.9,9.8,,8.3,8.2,,8.1,,,,,6700.0,6000.0,110.0,318.0,309.0,1.5,1.5,,0.0,0.0,1.0,1.0
06030,Flyvestation Ålborg,2025-11-08 14:00:00+00:00,2025-11-08,2025,11,8,14,0,57.0963,9.8505,,,94.0,94.0,,,0.0,0.0,0.0,0.0,,1014.3,1014.9,,,,,7.4,8.3,9.9,9.9,9.8,9.7,,8.4,8.3,,8.2,,,,,5700.0,5000.0,110.0,331.0,327.0,2.1,2.1,,0.0,0.0,1.0,1.0
06030,Flyvestation Ålborg,2025-11-08 15:00:00+00:00,2025-11-08,2025,11,8,15,0,57.0963,9.8505,,,94.0,94.0,,,0.0,0.0,0.0,0.0,,1014.1,1014.8,,,,,7.3,8.2,9.9,9.9,9.9,9.8,,8.3,8.3,,8.2,,,,,4600.0,4500.0,110.0,37.0,354.0,1.5,0.5,,0.0,0.0,0.5,0.5
06030,Flyvestation Ålborg,2025-11-08 16:00:00+00:00,2025-11-08,2025,11,8,16,0,57.0963,9.8505,,,94.0,94.0,,,0.0,0.0,0.0,0.0,,1014.0,1014.7,,,,,7.3,8.2,9.8,9.9,9.9,9.8,,8.2,8.2,,8.1,,,,,4200.0,4100.0,110.0,0.0,0.0,0.5,0.5,,0.0,0.0,0.0,0.0
06030,Flyvestation Ålborg,2025-11-08 17:00:00+00:00,2025-11-08,2025,11,8,17,0,57.0963,9.8505,,,95.0,95.0,,,0.0,0.0,0.0,0.0,,1014.1,1014.7,,,,,7.4,8.1,9.8,9.8,9.8,9.8,,8.2,8.1,,8.1,,,,,3000.0,3000.0,110.0,28.0,0.0,1.0,1.0,,0.0,0.0,0.5,0.0
06030,Flyvestation Ålborg,2025-11-08 18:00:00+00:00,2025-11-08,2025,11,8,18,0,57.0963,9.8505,,,96.0,96.0,,,0.0,0.0,0.0,0.0,,1014.2,1014.8,,,,,7.4,8.0,9.8,9.8,9.8,9.8,8.4,8.1,8.1,7.4,8.0,,,,,3400.0,3300.0,110.0,0.0,41.0,2.1,1.0,,0.0,0.0,0.0,0.5
06030,Flyvestation Ålborg,2025-11-08 19:00:00+00:00,2025-11-08,2025,11,8,19,0,57.0963,9.8505,,,96.0,96.0,,,0.0,0.0,0.0,0.0,,1014.1,1014.8,,,,,7.4,8.0,9.8,9.8,9.8,9.8,,8.1,8.1,,8.0,,,,,2900.0,2800.0,110.0,43.0,33.0,1.0,0.5,,0.0,0.0,0.5,0.5
06030,Flyvestation Ålborg,2025-11-08 20:00:00+00:00,2025-11-08,2025,11,8,20,0,57.0963,9.8505,,,97.0,97.0,,,0.0,0.0,0.0,0.0,,1014.3,1014.9,,,,,7.5,8.0,9.8,9.8,9.8,9.8,,8.1,8.0,,8.0,,,,,2200.0,2100.0,110.0,83.0,78.0,1.0,0.5,,0.0,0.0,0.5,0.5
06030,Flyvestation Ålborg,2025-11-08 21:00:00+00:00,2025-11-08,2025,11,8,21,0,57.0963,9.8505,,,97.0,97.0,,,0.0,0.0,0.0,0.0,,1014.4,1015.0,,,,,7.5,7.9,9.8,9.8,9.8,9.8,,8.0,7.9,,7.9,,,,,1900.0,1900.0,181.0,48.0,54.0,1.0,1.0,,0.0,0.0,0.5,0.5
06030,Flyvestation Ålborg,2025-11-08 22:00:00+00:00,2025-11-08,2025,11,8,22,0,57.0963,9.8505,,,97.0,97.0,,,0.0,1.0,0.0,0.1,,1014.4,1015.0,,,,,7.5,7.9,9.8,9.8,9.8,9.7,,7.9,7.9,,7.9,,,,,3100.0,3000.0,121.0,100.0,68.0,1.0,0.5,,0.0,0.0,0.5,0.5
06030,Flyvestation Ålborg,2025-11-08 23:00:00+00:00,2025-11-08,2025,11,8,23,0,57.0963,9.8505,,,98.0,97.0,,,0.0,0.0,0.0,0.0,,1014.3,1014.9,,,,,7.4,7.8,9.7,9.8,9.7,9.7,,8.0,7.9,,7.8,,,,,3500.0,3400.0,110.0,138.0,118.0,1.0,1.0,,0.0,0.0,1.0,0.5
06030,Flyvestation Ålborg,2025-11-09 00:00:00+00:00,2025-11-09,2025,11,9,0,0,57.0963,9.8505,,,98.0,98.0,,,0.0,0.0,0.0,0.0,,1014.2,1014.9,,,,,7.5,7.8,9.7,9.7,9.7,9.7,,7.9,7.8,,7.8,,,,,3700.0,3700.0,110.0,113.0,82.0,1.0,1.0,,0.0,0.0,0.5,1.0
06030,Flyvestation Ålborg,2025-11-09 01:00:00+00:00,2025-11-09,2025,11,9,1,0,57.0963,9.8505,,,98.0,98.0,,,0.0,0.0,0.0,0.0,,1013.9,1014.6,,,,,7.4,7.7,9.7,9.7,9.7,9.7,,7.8,7.7,,7.6,,,,,3400.0,3300.0,110.0,48.0,66.0,1.5,1.5,,0.0,0.0,1.0,0.5
06030,Flyvestation Ålborg,2025-11-09 02:00:00+00:00,2025-11-09,2025,11,9,2,0,57.0963,9.8505,,,98.0,98.0,,,0.0,0.0,0.0,0.0,,1013.6,1014.3,,,,,7.4,7.7,9.6,9.7,9.7,9.6,,7.8,7.8,,7.7,,,,,3700.0,3700.0,110.0,17.0,46.0,1.0,0.5,,0.0,0.0,0.5,0.5
06030,Flyvestation Ålborg,2025-11-09 03:00:00+00:00,2025-11-09,2025,11,9,3,0,57.0963,9.8505,,,98.0,98.0,,,0.0,0.0,0.0,0.0,,1013.6,1014.2,,,,,7.1,7.4,9.6,9.7,9.6,9.6,,7.7,7.6,,7.3,,,,,6500.0,6000.0,110.0,55.0,74.0,2.1,1.5,,0.0,0.0,1.0,0.5
06030,Flyvestation Ålborg,2025-11-09 04:00:00+00:00,2025-11-09,2025,11,9,4,0,57.0963,9.8505,,,97.0,97.0,,,0.0,0.0,0.0,0.0,,1013.3,1014.0,,,,,7.1,7.5,9.6,9.6,9.6,9.6,,7.5,7.4,,7.4,,,,,5300.0,5000.0,110.0,52.0,80.0,1.0,0.5,,0.0,0.0,0.5,0.5
06030,Flyvestation Ålborg,2025-11-09 05:00:00+00:00,2025-11-09,2025,11,9,5,0,57.0963,9.8505,,,96.0,97.0,,,0.0,0.0,0.0,0.0,,1013.4,1014.0,,,,,6.9,7.4,9.6,9.6,9.6,9.6,,7.5,7.4,,7.4,,,,,6400.0,6000.0,110.0,0.0,109.0,1.5,0.5,,0.0,0.0,0.0,0.5
06030,Flyvestation Ålborg,2025-11-09 06:00:00+00:00,2025-11-09,2025,11,9,6,0,57.0963,9.8505,,,95.0,96.0,,,0.0,0.0,0.0,0.0,,1013.5,1014.1,,,,,6.6,7.3,9.5,9.6,9.5,9.5,8.1,7.4,7.3,7.2,7.2,,,,,4600.0,4600.0,110.0,248.0,220.0,2.1,1.0,,0.0,0.0,0.5,0.5
06030,Flyvestation Ålborg,2025-11-09 07:00:00+00:00,2025-11-09,2025,11,9,7,0,57.0963,9.8505,,,95.0,95.0,,,0.0,0.0,0.0,0.0,,1013.8,1014.5,,,,,6.7,7.4,9.4,9.5,9.5,9.4,,7.5,7.4,,7.2,,,,,6900.0,6000.0,110.0,0.0,242.0,1.0,0.5,,0.0,0.0,0.0,0.5
06030,Flyvestation Ålborg,2025-11-09 08:00:00+00:00,2025-11-09,2025,11,9,8,0,57.0963,9.8505,,,96.0,95.0,,,0.0,0.0,0.0,0.0,,1014.0,1014.6,,,,,6.8,7.4,9.5,9.5,9.5,9.4,,7.5,7.4,,7.4,,,,,4500.0,4500.0,110.0,0.0,0.0,0.5,,,0.0,0.0,0.0,0.0
06030,Flyvestation Ålborg,2025-11-09 09:00:00+00:00,2025-11-09,2025,11,9,9,0,57.0963,9.8505,,,96.0,96.0,,,0.0,0.0,0.0,0.0,,1014.3,1014.9,,,,,7.0,7.6,9.7,9.7,9.6,9.5,,7.6,7.5,,7.4,,,,,6700.0,6000.0,110.0,0.0,0.0,1.0,,,0.0,0.0,0.0,0.0
06030,Flyvestation Ålborg,2025-11-09 10:00:00+00:00,2025-11-09,2025,11,9,10,0,57.0963,9.8505,,,94.0,95.0,,,0.0,0.0,0.0,0.0,,1014.3,1015.0,,,,,6.7,7.7,9.7,9.7,9.7,9.6,,7.7,7.6,,7.5,,,,,8000.0,8000.0,110.0,228.0,241.0,1.5,1.5,,0.0,0.0,1.0,0.5
06030,Flyvestation Ålborg,2025-11-09 11:00:00+00:00,2025-11-09,2025,11,9,11,0,57.0963,9.8505,,,91.0,92.0,,,0.0,0.0,0.0,0.0,,1014.1,1014.7,,,,,6.5,8.0,9.9,10.0,9.8,9.7,,8.1,7.8,,7.6,,,,,9400.0,9000.0,110.0,0.0,211.0,1.5,0.5,,0.0,0.0,0.0,1.0
06030,Flyvestation Ålborg,2025-11-09 12:00:00+00:00,2025-11-09,2025,11,9,12,0,57.0963,9.8505,,,88.0,89.0,,,0.0,0.0,0.0,0.0,,1013.8,1014.5,,,,,6.3,8.1,10.1,10.2,10.1,9.9,,8.2,8.1,,8.0,,,,,10800.0,10000.0,,241.0,244.0,1.5,1.5,,0.0,0.0,1.0,0.5
06030,Flyvestation Ålborg,2025-11-09 13:00:00+00:00,2025-11-09,2025,11,9,13,0,57.0963,9.8505,,,88.0,87.0,,,0.0,0.0,0.0,0.0,,1013.9,1014.5,,,,,6.3,8.2,10.1,10.2,10.1,10.1,,8.3,8.2,,8.1,,,,,11200.0,11000.0,,235.0,246.0,1.5,1.0,,0.0,0.0,1.0,1.0
06030,Flyvestation Ålborg,2025-11-09 14:00:00+00:00,2025-11-09,2025,11,9,14,0,57.0963,9.8505,,,89.0,88.0,,,0.0,0.0,0.0,0.0,,1013.8,1014.5,,,,,6.5,8.2,9.9,10.1,10.0,9.9,,8.3,8.2,,8.1,,,,,13000.0,13000.0,,248.0,245.0,2.1,1.5,,0.0,0.0,1.5,1.0
06030,Flyvestation Ålborg,2025-11-09 15:00:00+00:00,2025-11-09,2025,11,9,15,0,57.0963,9.8505,,,90.0,89.0,,,0.0,0.0,0.0,0.0,,1013.8,1014.5,,,,,6.5,8.1,9.9,10.0,9.9,9.9,,8.3,8.2,,8.1,,,,,16800.0,16000.0,,205.0,211.0,1.0,1.0,,0.0,0.0,0.5,0.5
06030,Flyvestation Ålborg,2025-11-09 16:00:00+00:00,2025-11-09,2025,11,9,16,0,57.0963,9.8505,,,92.0,91.0,,,0.0,0.0,0.0,0.0,,1013.6,1014.2,,,,,6.5,7.8,9.8,9.9,9.8,9.8,,8.1,8.0,,7.8,,,,,9300.0,9000.0,,153.0,164.0,2.1,2.1,,0.0,0.0,1.0,0.5
06030,Flyvestation Ålborg,2025-11-09 17:00:00+00:00,2025-11-09,2025,11,9,17,0,57.0963,9.8505,,,91.0,92.0,,,0.0,0.0,0.0,0.0,,1013.7,1014.3,,,,,6.2,7.6,9.7,9.8,9.7,9.6,,7.8,7.7,,7.6,,,,,12500.0,12000.0,,192.0,185.0,2.6,2.6,,0.0,0.0,1.5,1.5
06030,Flyvestation Ålborg,2025-11-09 18:00:00+00:00,2025-11-09,2025,11,9,18,0,57.0963,9.8505,,,91.0,90.0,,,0.0,0.0,0.0,0.0,,1013.9,1014.5,,,,,6.2,7.6,9.6,9.7,9.6,9.6,8.3,7.8,7.7,7.2,7.6,,,,,7800.0,7000.0,110.0,139.0,147.0,1.5,1.5,,0.0,0.0,1.5,1.0
06030,Flyvestation Ålborg,2025-11-09 19:00:00+00:00,2025-11-09,2025,11,9,19,0,57.0963,9.8505,,,91.0,91.0,,,0.0,0.0,0.0,0.0,,1014.0,1014.6,,,,,6.4,7.8,9.3,9.6,9.5,9.3,,7.8,7.7,,7.5,,,,,8000.0,7000.0,110.0,196.0,210.0,3.6,2.6,,0.0,0.0,2.1,1.5
06030,Flyvestation Ålborg,2025-11-09 20:00:00+00:00,2025-11-09,2025,11,9,20,0,57.0963,9.8505,,,93.0,93.0,,,0.0,0.0,0.0,0.0,,1014.1,1014.7,,,,,6.6,7.6,9.4,9.4,9.4,9.2,,7.8,7.7,,7.5,,,,,6800.0,6000.0,110.0,208.0,194.0,2.6,2.1,,0.0,0.0,1.5,1.5
06030,Flyvestation Ålborg,2025-11-09 21:00:00+00:00,2025-11-09,2025,11,9,21,0,57.0963,9.8505,,,93.0,93.0,,,0.0,0.0,0.0,0.0,,1014.1,1014.8,,,,,6.4,7.5,9.3,9.4,9.2,9.1,,7.6,7.6,,7.5,,,,,8000.0,7000.0,110.0,185.0,210.0,2.6,2.1,,0.0,0.0,1.5,1.5
06030,Flyvestation Ålborg,2025-11-09 22:00:00+00:00,2025-11-09,2025,11,9,22,0,57.0963,9.8505,,,94.0,94.0,,,0.0,0.0,0.0,0.0,,1013.9,1014.6,,,,,6.4,7.2,9.3,9.3,9.3,9.3,,7.5,7.3,,7.1,,,,,8100.0,8000.0,110.0,220.0,174.0,2.1,1.5,,0.0,0.0,1.0,1.0
06030,Flyvestation Ålborg,2025-11-09 23:00:00+00:00,2025-11-09,2025,11,9,23,0,57.0963,9.8505,,,93.0,94.0,,,0.0,0.0,0.0,0.0,,1013.8,1014.4,,,,,6.4,7.4,9.2,9.3,9.2,9.2,,7.5,7.3,,7.2,,,,,12900.0,12000.0,,199.0,208.0,2.6,2.1,,0.0,0.0,1.5,1.5
06030,Flyvestation Ålborg,2025-11-10 00:00:00+00:00,2025-11-10,2025,11,10,0,0,57.0963,9.8505,,,94.0,93.0,,,0.0,0.0,0.0,0.0,,1013.7,1014.3,,,,,6.7,7.6,9.0,9.2,9.1,9.0,,7.6,7.5,,7.4,,,,,10600.0,10000.0,,220.0,214.0,2.6,2.6,,0.0,0.0,2.1,2.1
06030,Flyvestation Ålborg,2025-11-10 01:00:00+00:00,2025-11-10,2025,11,10,1,0,57.0963,9.8505,,,95.0,95.0,,,0.0,0.0,0.0,0.0,,1013.6,1014.2,,,,,7.0,7.7,8.9,9.0,8.9,8.9,,7.8,7.7,,7.6,,,,,12800.0,12000.0,,221.0,222.0,3.1,3.1,,0.0,0.0,2.6,2.6
06030,Flyvestation Ålborg,2025-11-10 02:00:00+00:00,2025-11-10,2025,11,10,2,0,57.0963,9.8505,,,94.0,95.0,,,0.0,0.0,0.0,0.0,,1013.4,1014.0,,,,,6.7,7.6,8.9,9.1,9.0,8.9,,7.8,7.7,,7.6,,,,,16100.0,16000.0,,217.0,217.0,3.6,3.6,,0.0,0.0,3.1,3.1
06030,Flyvestation Ålborg,2025-11-10 03:00:00+00:00,2025-11-10,2025,11,10,3,0,57.0963,9.8505,,,92.0,93.0,,,0.0,0.0,0.0,0.0,,1012.9,1013.5,,,,,6.3,7.5,8.9,9.1,9.0,8.8,,7.6,7.6,,7.5,,,,,19500.0,19000.0,,214.0,207.0,3.6,3.1,,0.0,0.0,2.6,2.6
06030,Flyvestation Ålborg,2025-11-10 04:00:00+00:00,2025-11-10,2025,11,10,4,0,57.0963,9.8505,,,89.0,91.0,,,0.0,0.0,0.0,0.0,,1012.8,1013.5,,,,,6.0,7.7,8.8,8.9,8.8,8.7,,7.8,7.6,,7.5,,,,,18400.0,18000.0,,221.0,219.0,3.1,3.1,,0.0,0.0,2.1,2.1
06030,Flyvestation Ålborg,2025-11-10 05:00:00+00:00,2025-11-10,2025,11,10,5,0,57.0963,9.8505,,,86.0,87.0,,,0.0,0.0,0.0,0.0,,1013.1,1013.7,,,,,5.7,8.0,8.5,8.8,8.6,8.5,,8.1,7.8,,7.7,,,,,27400.0,27000.0,,237.0,232.0,5.7,5.1,,0.0,0.0,4.1,3.6
06030,Flyvestation Ålborg,2025-11-10 06:00:00+00:00,2025-11-10,2025,11,10,6,0,57.0963,9.8505,,,88.0,85.0,,,0.0,0.0,0.0,0.0,,1013.1,1013.8,,,,,5.8,7.7,8.7,8.7,8.5,8.4,8.2,8.2,8.0,7.1,7.7,,,,,19000.0,18000.0,,197.0,221.0,5.1,2.1,,0.0,0.0,2.1,2.6
06030,Flyvestation Ålborg,2025-11-10 07:00:00+00:00,2025-11-10,2025,11,10,7,0,57.0963,9.8505,,,89.0,89.0,,,0.0,0.0,0.0,0.0,,1013.0,1013.6,,,,,5.7,7.4,8.9,9.0,8.9,8.7,,7.7,7.4,,7.3,,,,,22200.0,22000.0,,151.0,170.0,2.6,2.1,,0.0,0.0,1.5,2.1
06030,Flyvestation Ålborg,2025-11-10 08:00:00+00:00,2025-11-10,2025,11,10,8,0,57.0963,9.8505,,,87.0,87.0,,,0.0,0.0,0.0,0.0,,1013.0,1013.6,,,,,5.6,7.6,9.0,9.0,9.0,8.9,,7.6,7.5,,7.4,,,,,18800.0,18000.0,,170.0,170.0,3.6,3.6,,0.0,0.0,2.1,2.1
06030,Flyvestation Ålborg,2025-11-10 09:00:00+00:00,2025-11-10,2025,11,10,9,0,57.0963,9.8505,,,82.0,86.0,,,0.0,0.0,0.0,0.0,,1012.9,1013.5,,,,,5.8,8.6,9.2,9.2,9.1,9.0,,8.7,7.9,,7.5,,,,,24800.0,24000.0,,170.0,160.0,4.6,2.6,,0.0,0.0,1.5,2.6
06030,Flyvestation Ålborg,2025-11-10 10:00:00+00:00,2025-11-10,2025,11,10,10,0,57.0963,9.8505,,,81.0,81.0,,,0.0,0.0,0.0,0.0,,1012.8,1013.5,,,,,6.2,9.2,9.7,9.7,9.5,9.2,,9.2,9.1,,8.7,,,,,25800.0,25000.0,,214.0,184.0,3.1,2.1,,0.0,0.0,1.5,2.1
06030,Flyvestation Ålborg,2025-11-10 11:00:00+00:00,2025-11-10,2025,11,10,11,0,57.0963,9.8505,,,79.0,80.0,,,0.0,0.0,0.0,0.0,,1012.3,1013.0,,,,,6.3,9.8,10.1,10.1,9.9,9.7,,9.9,9.6,,9.2,,,,,48100.0,45000.0,,198.0,202.0,2.6,2.6,,0.0,0.0,2.6,1.5
06030,Flyvestation Ålborg,2025-11-10 12:00:00+00:00,2025-11-10,2025,11,10,12,0,57.0963,9.8505,,,80.0,81.0,,,0.0,0.0,0.0,0.0,,1012.1,1012.7,,,,,6.9,10.2,10.4,10.4,10.2,10.1,,10.3,10.0,,9.8,,,,,24600.0,24000.0,,193.0,193.0,3.6,3.1,,0.0,0.0,2.1,2.6
06030,Flyvestation Ålborg,2025-11-10 13:00:00+00:00,2025-11-10,2025,11,10,13,0,57.0963,9.8505,,,82.0,82.0,,,0.0,0.0,0.0,0.0,,1011.7,1012.4,,,,,7.0,10.0,10.4,10.5,10.4,10.3,,10.2,10.0,,9.9,,,,,30400.0,30000.0,,158.0,183.0,3.1,2.1,,0.0,0.0,1.5,2.1
06030,Flyvestation Ålborg,2025-11-10 14:00:00+00:00,2025-11-10,2025,11,10,14,0,57.0963,9.8505,,,82.0,82.0,,,0.0,0.0,0.0,0.0,,1011.6,1012.2,,,,,7.1,9.9,10.4,10.5,10.5,10.4,,10.2,10.1,,9.9,,,,,32400.0,30000.0,,168.0,172.0,4.6,4.6,,0.0,0.0,2.6,2.1
06030,Flyvestation Ålborg,2025-11-10 15:00:00+00:00,2025-11-10,2025,11,10,15,0,57.0963,9.8505,,,85.0,85.0,,,0.0,0.0,0.0,0.0,,1011.5,1012.1,,,,,7.0,9.4,10.1,10.4,10.3,10.1,,9.9,9.6,,9.3,,,,,27000.0,27000.0,,156.0,160.0,3.6,2.6,,0.0,0.0,2.1,2.1
06030,Flyvestation Ålborg,2025-11-10 16:00:00+00:00,2025-11-10,2025,11,10,16,0,57.0963,9.8505,,,85.0,86.0,,,0.0,0.0,0.0,0.0,,1011.4,1012.0,,,,,6.7,9.1,9.8,10.1,10.0,9.8,,9.4,9.2,,9.1,,,,,38100.0,35000.0,,146.0,146.0,4.6,4.6,,0.0,0.0,3.1,2.1
06030,Flyvestation Ålborg,2025-11-10 17:00:00+00:00,2025-11-10,2025,11,10,17,0,57.0963,9.8505,,,85.0,85.0,,,0.0,0.0,0.0,0.0,,1011.4,1012.0,,,,,6.6,9.0,9.6,9.8,9.7,9.6,,9.1,9.0,,8.9,,,,,38900.0,35000.0,,140.0,146.0,5.7,5.1,,0.0,0.0,3.6,3.1
06030,Flyvestation Ålborg,2025-11-10 18:00:00+00:00,2025-11-10,2025,11,10,18,0,57.0963,9.8505,,,87.0,86.0,,,0.0,0.0,0.0,0.0,,1011.5,1012.2,,,,,6.4,8.4,9.4,9.6,9.5,9.4,10.3,9.1,8.8,7.3,8.4,,,,,31200.0,30000.0,,153.0,150.0,5.1,4.6,,0.0,0.0,3.1,3.1
06030,Flyvestation Ålborg,2025-11-10 19:00:00+00:00,2025-11-10,2025,11,10,19,0,57.0963,9.8505,,,90.0,89.0,,,0.0,0.0,0.0,0.0,,1011.5,1012.1,,,,,6.7,8.2,9.3,9.4,9.3,9.2,,8.5,8.2,,7.9,,,,,26300.0,26000.0,,171.0,166.0,5.7,3.1,,0.0,0.0,2.1,3.1
06030,Flyvestation Ålborg,2025-11-10 20:00:00+00:00,2025-11-10,2025,11,10,20,0,57.0963,9.8505,,,90.0,91.0,,,0.0,0.0,0.0,0.0,,1011.2,1011.9,,,,,6.4,8.0,9.2,9.3,9.3,9.2,,8.2,8.0,,7.9,,,,,16600.0,16000.0,,143.0,147.0,4.1,3.6,,0.0,0.0,3.1,2.6
06030,Flyvestation Ålborg,2025-11-10 21:00:00+00:00,2025-11-10,2025,11,10,21,0,57.0963,9.8505,,,94.0,92.0,,,0.0,0.0,0.0,0.0,,1011.0,1011.7,,,,,5.6,6.4,8.7,9.3,9.0,8.7,,7.9,6.8,,6.2,,,,,10100.0,10000.0,,107.0,130.0,4.1,2.6,,0.0,0.0,1.5,2.1
06030,Flyvestation Ålborg,2025-11-10 22:00:00+00:00,2025-11-10,2025,11,10,22,0,57.0963,9.8505,,,91.0,93.0,,,0.0,0.0,0.0,0.0,,1010.7,1011.3,,,,,6.7,8.1,8.9,8.9,8.8,8.7,,8.2,7.6,,6.3,,,,,16800.0,16000.0,,132.0,131.0,4.1,4.1,,0.0,0.0,3.1,2.6
06030,Flyvestation Ålborg,2025-11-10 23:00:00+00:00,2025-11-10,2025,11,10,23,0,57.0963,9.8505,,,91.0,90.0,,,0.0,0.0,0.0,0.0,,1010.4,1011.0,,,,,5.4,6.8,8.7,9.0,8.9,8.7,,8.1,7.5,,6.7,,,,,18800.0,18000.0,,130.0,133.0,4.1,3.6,,0.0,0.0,3.1,2.6
06030,Flyvestation Ålborg,2025-11-11 00:00:00+00:00,2025-11-11,2025,11,11,0,0,57.0963,9.8505,,,92.0,91.0,,,0.0,0.0,0.0,0.0,,1009.8,1010.5,,,,,4.6,5.9,8.3,8.7,8.5,8.3,,6.7,6.1,,5.7,,,,,24400.0,24000.0,,124.0,119.0,4.6,4.6,,0.0,0.0,3.6,3.1
06030,Flyvestation Ålborg,2025-11-11 01:00:00+00:00,2025-11-11,2025,11,11,1,0,57.0963,9.8505,,,89.0,90.0,,,0.0,0.0,0.0,0.0,,1009.7,1010.4,,,,,5.1,6.7,8.1,8.3,8.1,8.0,,6.8,6.4,,6.0,,,,,21700.0,21000.0,,142.0,134.0,5.7,4.6,,0.0,0.0,3.1,3.6
06030,Flyvestation Ålborg,2025-11-11 02:00:00+00:00,2025-11-11,2025,11,11,2,0,57.0963,9.8505,,,88.0,89.0,,,0.0,0.0,0.0,0.0,,1009.3,1009.9,,,,,5.6,7.4,8.3,8.3,8.2,8.1,,7.4,7.0,,6.6,,,,,27100.0,27000.0,,129.0,129.0,6.2,6.2,,0.0,0.0,4.1,3.6
06030,Flyvestation Ålborg,2025-11-11 03:00:00+00:00,2025-11-11,2025,11,11,3,0,57.0963,9.8505,,,87.0,87.0,,,0.0,0.0,0.0,0.0,,1008.6,1009.2,,,,,5.5,7.6,8.3,8.4,8.3,8.3,,7.7,7.6,,7.4,,,,,31000.0,30000.0,,126.0,124.0,7.2,6.7,,0.0,0.0,4.6,4.6
06030,Flyvestation Ålborg,2025-11-11 04:00:00+00:00,2025-11-11,2025,11,11,4,0,57.0963,9.8505,,,84.0,85.0,,,0.0,0.0,0.0,0.0,,1008.3,1008.9,,,,,5.0,7.5,8.2,8.4,8.3,8.2,,7.8,7.6,,7.5,,,,,49100.0,45000.0,,127.0,125.0,7.7,6.7,,0.0,0.0,5.1,5.1
06030,Flyvestation Ålborg,2025-11-11 05:00:00+00:00,2025-11-11,2025,11,11,5,0,57.0963,9.8505,,,86.0,85.0,,,0.0,0.0,0.0,0.0,,1008.1,1008.7,,,,,5.2,7.4,8.2,8.2,8.2,8.2,,7.6,7.3,,7.0,,,,,46200.0,45000.0,,122.0,125.0,7.2,6.2,,0.0,0.0,4.1,4.6
06030,Flyvestation Ålborg,2025-11-11 06:00:00+00:00,2025-11-11,2025,11,11,6,0,57.0963,9.8505,,,85.0,85.0,,,0.0,0.0,0.0,0.0,,1007.9,1008.5,,,,,5.3,7.7,8.4,8.4,8.3,8.2,8.5,7.8,7.6,5.7,7.4,,,,,38200.0,35000.0,,128.0,129.0,5.7,4.6,,0.0,0.0,3.1,3.6
06030,Flyvestation Ålborg,2025-11-11 07:00:00+00:00,2025-11-11,2025,11,11,7,0,57.0963,9.8505,,,83.0,85.0,,,0.0,0.0,0.0,0.0,,1007.9,1008.5,,,,,5.4,8.1,8.4,8.4,8.4,8.3,,8.1,7.6,,7.3,,,,,45300.0,45000.0,,123.0,120.0,6.2,5.1,,0.0,0.0,3.6,3.6
06030,Flyvestation Ålborg,2025-11-11 08:00:00+00:00,2025-11-11,2025,11,11,8,0,57.0963,9.8505,,,84.0,83.0,,,0.0,0.0,0.0,0.0,,1008.0,1008.6,,,,,5.8,8.4,8.6,8.6,8.5,8.3,,8.4,8.3,,8.1,,,,,28200.0,28000.0,,130.0,128.0,5.7,5.7,,0.0,0.0,3.6,4.1
06030,Flyvestation Ålborg,2025-11-11 09:00:00+00:00,2025-11-11,2025,11,11,9,0,57.0963,9.8505,,,84.0,85.0,,,0.0,0.0,0.0,0.0,,1007.9,1008.6,,,,,6.2,8.7,8.9,8.9,8.7,8.6,,8.7,8.5,,8.3,,,,,26900.0,26000.0,,122.0,131.0,5.7,5.7,,0.0,0.0,4.1,3.6
06030,Flyvestation Ålborg,2025-11-11 10:00:00+00:00,2025-11-11,2025,11,11,10,0,57.0963,9.8505,,,85.0,84.0,,,0.0,0.0,0.0,0.0,,1008.0,1008.6,,,,,6.5,8.9,9.3,9.4,9.1,8.9,,9.0,8.8,,8.7,,,,,23900.0,23000.0,,137.0,130.0,5.7,5.1,,0.0,0.0,3.1,3.6
06030,Flyvestation Ålborg,2025-11-11 11:00:00+00:00,2025-11-11,2025,11,11,11,0,57.0963,9.8505,,,82.0,83.0,,,0.0,0.0,0.0,0.0,,1007.7,1008.3,,,,,6.7,9.6,10.0,10.0,9.8,9.4,,9.9,9.5,,8.9,,,,,17700.0,17000.0,,144.0,144.0,7.2,6.7,,0.0,0.0,5.1,4.6
06030,Flyvestation Ålborg,2025-11-11 12:00:00+00:00,2025-11-11,2025,11,11,12,0,57.0963,9.8505,,,86.0,84.0,,,0.0,0.0,0.0,0.0,,1007.6,1008.2,,,,,7.0,9.2,9.7,10.0,9.8,9.7,,9.7,9.3,,9.1,,,,,23000.0,22000.0,,144.0,141.0,6.7,6.7,,0.0,0.0,4.6,4.1
06030,Flyvestation Ålborg,2025-11-11 13:00:00+00:00,2025-11-11,2025,11,11,13,0,57.0963,9.8505,,,89.0,87.0,,,0.0,0.0,0.0,0.0,,1007.6,1008.2,,,,,7.4,9.1,9.6,9.7,9.6,9.6,,9.3,9.1,,9.1,,,,,11400.0,11000.0,,149.0,145.0,6.2,6.2,,0.0,0.0,4.1,3.6
06030,Flyvestation Ålborg,2025-11-11 14:00:00+00:00,2025-11-11,2025,11,11,14,0,57.0963,9.8505,,,92.0,90.0,,,0.0,0.0,0.0,0.0,,1007.6,1008.2,,,,,7.7,8.9,9.6,9.6,9.6,9.5,,9.2,9.1,,8.9,,,,,11900.0,11000.0,181.0,150.0,148.0,6.7,5.7,,0.0,0.0,4.1,4.1
06030,Flyvestation Ålborg,2025-11-11 15:00:00+00:00,2025-11-11,2025,11,11,15,0,57.0963,9.8505,,,92.0,93.0,,,0.0,0.0,0.0,0.0,,1008.0,1008.7,,,,,7.8,9.0,9.6,9.6,9.6,9.5,,9.1,9.0,,8.9,,,,,13400.0,13000.0,100.0,158.0,145.0,5.1,4.1,,0.0,0.0,2.6,3.6
06030,Flyvestation Ålborg,2025-11-11 16:00:00+00:00,2025-11-11,2025,11,11,16,0,57.0963,9.8505,,,93.0,92.0,,,0.0,0.0,0.0,0.0,,1008.3,1008.9,,,,,8.1,9.2,9.5,9.6,9.5,9.5,,9.2,9.1,,9.0,,,,,14800.0,14000.0,,163.0,156.0,5.1,4.1,,0.0,0.0,3.1,3.1
06030,Flyvestation Ålborg,2025-11-11 17:00:00+00:00,2025-11-11,2025,11,11,17,0,57.0963,9.8505,,,94.0,93.0,,,0.0,0.0,0.0,0.0,,1008.4,1009.0,,,,,8.0,9.0,9.4,9.5,9.5,9.4,,9.2,9.0,,8.6,,,,,18000.0,18000.0,,178.0,167.0,3.6,3.6,,0.0,0.0,2.6,2.1
06030,Flyvestation Ålborg,2025-11-11 18:00:00+00:00,2025-11-11,2025,11,11,18,0,57.0963,9.8505,,,95.0,94.0,,,0.0,0.0,0.0,0.0,,1008.8,1009.4,,,,,7.6,8.4,9.3,9.4,9.4,9.3,9.9,9.1,8.9,7.3,8.3,,,,,13500.0,13000.0,,179.0,181.0,4.1,4.1,,0.0,0.0,3.1,2.1
06030,Flyvestation Ålborg,2025-11-11 19:00:00+00:00,2025-11-11,2025,11,11,19,0,57.0963,9.8505,,,96.0,95.0,,,0.0,0.0,0.0,0.0,,1008.8,1009.5,,,,,8.5,9.2,9.2,9.3,9.2,9.1,,9.2,8.8,,8.3,,,,,18000.0,17000.0,,185.0,184.0,5.7,4.6,,0.0,0.0,3.6,3.6
06030,Flyvestation Ålborg,2025-11-11 20:00:00+00:00,2025-11-11,2025,11,11,20,0,57.0963,9.8505,,,94.0,95.0,,,0.0,0.0,0.0,0.0,,1008.8,1009.4,,,,,7.7,8.6,9.3,9.3,9.3,9.2,,9.5,9.2,,8.6,,,,,22800.0,22000.0,,189.0,192.0,5.7,4.1,,0.0,0.0,3.6,4.1
06030,Flyvestation Ålborg,2025-11-11 21:00:00+00:00,2025-11-11,2025,11,11,21,0,57.0963,9.8505,,,95.0,95.0,,,0.0,0.0,0.0,0.0,,1009.0,1009.6,,,,,6.9,7.6,8.8,9.3,9.0,8.8,,8.6,7.9,,7.5,,,,,22700.0,22000.0,,175.0,180.0,5.1,5.1,,0.0,0.0,4.1,3.6
06030,Flyvestation Ålborg,2025-11-11 22:00:00+00:00,2025-11-11,2025,11,11,22,0,57.0963,9.8505,,,96.0,96.0,,,0.0,0.0,0.0,0.0,,1009.3,1010.0,,,,,7.4,8.0,8.6,8.8,8.6,8.5,,8.0,7.5,,7.1,,,,,27800.0,27000.0,,179.0,178.0,5.1,4.6,,0.0,0.0,3.6,3.6
06030,Flyvestation Ålborg,2025-11-11 23:00:00+00:00,2025-11-11,2025,11,11,23,0,57.0963,9.8505,,,94.0,95.0,,,0.0,0.0,0.0,0.0,,1008.9,1009.5,,,,,8.2,9.1,8.9,8.9,8.8,8.6,,9.1,8.6,,8.0,,,,,21100.0,21000.0,,180.0,178.0,6.2,5.7,,0.0,0.0,4.6,4.1
06030,Flyvestation Ålborg,2025-11-12 00:00:00+00:00,2025-11-12,2025,11,12,0,0,57.0963,9.8505,,,95.0,95.0,,,0.0,0.0,0.0,0.0,,1008.4,1009.1,,,,,8.6,9.4,9.2,9.2,9.1,8.9,,9.5,9.3,,9.1,,,,,13000.0,13000.0,,171.0,178.0,7.7,7.7,,0.0,0.0,5.1,5.1
06030,Flyvestation Ålborg,2025-11-12 01:00:00+00:00,2025-11-12,2025,11,12,1,0,57.0963,9.8505,,,94.0,95.0,,,0.0,0.0,0.0,0.0,,1008.4,1009.0,,,,,9.0,10.0,9.3,9.3,9.3,9.2,,10.0,9.6,,9.4,,,,,12300.0,12000.0,151.0,178.0,176.0,8.2,8.2,,0.0,0.0,5.7,5.7
06030,Flyvestation Ålborg,2025-11-12 02:00:00+00:00,2025-11-12,2025,11,12,2,0,57.0963,9.8505,,,92.0,93.0,,,0.0,0.0,0.0,0.0,,1007.6,1008.2,,,,,8.8,10.0,9.5,9.5,9.5,9.3,,10.2,10.1,,10.0,,,,,11700.0,11000.0,123.0,164.0,176.0,8.8,7.2,,0.0,0.0,5.1,5.7
06030,Flyvestation Ålborg,2025-11-12 03:00:00+00:00,2025-11-12,2025,11,12,3,0,57.0963,9.8505,,,91.0,92.0,,,0.0,0.0,0.0,0.0,,1007.1,1007.8,,,,,8.5,9.9,9.5,9.5,9.5,9.5,,10.0,9.9,,9.9,,,,,17900.0,17000.0,,175.0,170.0,8.8,8.2,,0.0,0.0,6.2,5.7
06030,Flyvestation Ålborg,2025-11-12 04:00:00+00:00,2025-11-12,2025,11,12,4,0,57.0963,9.8505,,,90.0,90.0,,,0.0,0.0,0.0,0.0,,1006.2,1006.9,,,,,8.2,9.7,9.5,9.6,9.5,9.5,,10.0,9.9,,9.7,,,,,15300.0,15000.0,,164.0,165.0,8.2,8.2,,0.0,0.0,5.7,5.7
06030,Flyvestation Ålborg,2025-11-12 05:00:00+00:00,2025-11-12,2025,11,12,5,0,57.0963,9.8505,,,91.0,91.0,,,0.0,0.0,0.0,0.0,,1005.5,1006.1,,,,,8.2,9.6,9.5,9.5,9.5,9.4,,9.7,9.6,,9.5,,,,,15700.0,15000.0,181.0,161.0,164.0,9.8,9.8,,0.0,0.0,6.2,5.7
06030,Flyvestation Ålborg,2025-11-12 06:00:00+00:00,2025-11-12,2025,11,12,6,0,57.0963,9.8505,,,91.0,90.0,,,0.0,0.0,0.0,0.0,,1004.2,1004.8,,,,,8.3,9.8,9.4,9.5,9.4,9.4,10.2,9.8,9.7,7.1,9.6,,,,,12100.0,12000.0,151.0,160.0,160.0,10.8,9.8,,0.0,0.0,7.2,7.2
06030,Flyvestation Ålborg,2025-11-12 07:00:00+00:00,2025-11-12,2025,11,12,7,0,57.0963,9.8505,,,90.0,91.0,,,0.0,0.0,0.0,0.0,,1004.1,1004.7,,,,,8.4,9.9,9.5,9.5,9.5,9.4,,9.9,9.8,,9.7,,,,,14300.0,14000.0,181.0,171.0,166.0,12.4,9.3,,0.0,0.0,6.7,7.2
06030,Flyvestation Ålborg,2025-11-12 08:00:00+00:00,2025-11-12,2025,11,12,8,0,57.0963,9.8505,,,89.0,90.0,,,0.0,0.0,0.0,0.0,,1003.4,1004.0,,,,,8.4,10.0,9.6,9.6,9.5,9.5,,10.1,9.9,,9.8,,,,,12800.0,12000.0,181.0,178.0,173.0,11.8,10.3,,0.0,0.0,7.7,7.2
06030,Flyvestation Ålborg,2025-11-12 09:00:00+00:00,2025-11-12,2025,11,12,9,0,57.0963,9.8505,,,91.0,90.0,,,1.0,3.0,0.1,0.3,0.0,1003.2,1003.8,,,,,8.6,10.1,9.7,9.7,9.6,9.6,,10.1,10.0,,9.9,,,,,7700.0,7000.0,181.0,182.0,180.0,11.8,9.8,,0.0,0.0,7.2,7.7
06030,Flyvestation Ålborg,2025-11-12 10:00:00+00:00,2025-11-12,2025,11,12,10,0,57.0963,9.8505,,,90.0,91.0,,,0.0,3.0,0.0,0.3,,1003.1,1003.7,,,,,8.9,10.4,9.8,9.8,9.8,9.7,,10.4,10.1,,10.0,,,,,25900.0,25000.0,161.0,190.0,187.0,11.8,10.8,,0.0,0.0,8.2,7.7
06030,Flyvestation Ålborg,2025-11-12 11:00:00+00:00,2025-11-12,2025,11,12,11,0,57.0963,9.8505,,,90.0,89.0,,,0.0,0.0,0.0,0.0,,1002.6,1003.2,,,,,9.1,10.8,10.0,10.1,9.9,9.8,,10.9,10.8,,10.4,,,,,4800.0,4800.0,100.0,196.0,194.0,11.3,9.8,,0.0,0.0,7.2,7.7
06030,Flyvestation Ålborg,2025-11-12 12:00:00+00:00,2025-11-12,2025,11,12,12,0,57.0963,9.8505,,,93.0,93.0,,,0.0,0.0,0.0,0.0,,1001.9,1002.5,,,,,9.9,11.1,10.3,10.3,10.1,10.0,,11.1,10.7,,10.6,,,,,26300.0,26000.0,121.0,192.0,193.0,11.3,10.8,,0.0,0.0,8.2,7.7
06030,Flyvestation Ålborg,2025-11-12 13:00:00+00:00,2025-11-12,2025,11,12,13,0,57.0963,9.8505,,,95.0,93.0,,,0.0,0.0,0.0,0.0,,1001.8,1002.4,,,,,10.5,11.3,10.7,10.7,10.5,10.3,,11.3,11.2,,11.1,,,,,4000.0,3900.0,110.0,202.0,198.0,12.9,11.3,,0.0,0.0,8.8,8.8
06030,Flyvestation Ålborg,2025-11-12 14:00:00+00:00,2025-11-12,2025,11,12,14,0,57.0963,9.8505,,,95.0,95.0,,,0.0,1.0,0.0,0.1,,1001.4,1002.0,,,,,10.8,11.5,11.0,11.0,10.8,10.7,,11.6,11.4,,11.3,,,,,5700.0,5000.0,181.0,209.0,207.0,12.9,11.8,,0.0,0.0,8.8,9.3
06030,Flyvestation Ålborg,2025-11-12 15:00:00+00:00,2025-11-12,2025,11,12,15,0,57.0963,9.8505,,,93.0,94.0,,,0.0,0.0,0.0,0.0,,1001.2,1001.8,,,,,10.9,12.1,11.1,11.2,11.1,11.0,,12.1,11.8,,11.5,,,,,17800.0,17000.0,121.0,211.0,210.0,12.9,12.9,,0.0,0.0,9.3,8.8
06030,Flyvestation Ålborg,2025-11-12 16:00:00+00:00,2025-11-12,2025,11,12,16,0,57.0963,9.8505,,,93.0,93.0,,,0.0,0.0,0.0,0.0,,1000.7,1001.3,,,,,11.0,12.1,11.3,11.3,11.2,11.2,,12.2,12.1,,12.0,,,,,16100.0,16000.0,121.0,210.0,209.0,13.4,13.4,,0.0,0.0,8.8,9.3
06030,Flyvestation Ålborg,2025-11-12 17:00:00+00:00,2025-11-12,2025,11,12,17,0,57.0963,9.8505,,,94.0,93.0,,,0.0,0.0,0.0,0.0,,1000.9,1001.6,,,,,11.2,12.2,11.4,11.5,11.4,11.3,,12.3,12.2,,12.1,,,,,12000.0,11000.0,,213.0,212.0,12.9,11.3,,0.0,0.0,8.2,9.3
06030,Flyvestation Ålborg,2025-11-12 18:00:00+00:00,2025-11-12,2025,11,12,18,0,57.0963,9.8505,,,94.0,94.0,,,0.0,0.0,0.0,0.0,,1000.6,1001.2,,,,,11.3,12.2,11.4,11.5,11.5,11.4,12.3,12.3,12.2,9.7,12.1,,,,,22900.0,22000.0,181.0,207.0,210.0,11.8,10.3,,0.0,0.0,7.2,8.2
06030,Flyvestation Ålborg,2025-11-12 19:00:00+00:00,2025-11-12,2025,11,12,19,0,57.0963,9.8505,,,94.0,94.0,,,0.0,0.0,0.0,0.0,,1000.8,1001.4,,,,,11.1,12.1,11.5,11.5,11.5,11.4,,12.3,12.2,,12.1,,,,,6700.0,6000.0,181.0,208.0,207.0,12.9,11.8,,0.0,0.0,8.8,8.8
06030,Flyvestation Ålborg,2025-11-12 20:00:00+00:00,2025-11-12,2025,11,12,20,0,57.0963,9.8505,,,93.0,94.0,,,0.0,0.0,0.0,0.0,,1000.6,1001.2,,,,,10.9,11.9,11.4,11.5,11.4,11.4,,12.2,12.0,,11.9,,,,,43800.0,40000.0,121.0,206.0,205.0,11.3,11.3,,0.0,0.0,8.2,8.2
06030,Flyvestation Ålborg,2025-11-12 21:00:00+00:00,2025-11-12,2025,11,12,21,0,57.0963,9.8505,,,93.0,93.0,,,0.0,0.0,0.0,0.0,,1000.2,1000.8,,,,,10.8,11.8,11.3,11.4,11.3,11.3,,11.9,11.9,,11.8,,,,,39100.0,35000.0,,213.0,210.0,12.4,10.8,,0.0,0.0,8.8,8.8
06030,Flyvestation Ålborg,2025-11-12 22:00:00+00:00,2025-11-12,2025,11,12,22,0,57.0963,9.8505,,,95.0,94.0,,,0.0,0.0,0.0,0.0,,1000.1,1000.7,,,,,11.0,11.7,11.4,11.4,11.3,11.3,,11.9,11.8,,11.7,,,,,7000.0,6000.0,181.0,215.0,216.0,11.3,10.3,,0.0,0.0,8.2,8.8
06030,Flyvestation Ålborg,2025-11-12 23:00:00+00:00,2025-11-12,2025,11,12,23,0,57.0963,9.8505,,,97.0,96.0,,,0.0,0.0,0.0,0.0,,1000.2,1000.9,,,,,11.0,11.5,11.4,11.4,11.4,11.4,,11.8,11.6,,11.5,,,,,10800.0,10000.0,121.0,230.0,223.0,9.8,8.2,,0.0,0.0,6.7,6.7
