HourUTC,HourDK,MunicipalityNo,SolarMWh,OffshoreWindLt100MW_MWh,OffshoreWindGe100MW_MWh,OnshoreWindMWh,ThermalPowerMWh,timestamp,date,hour,year,month,day
2025-11-01T00:00:00,2025-11-01T01:00:00,101,0,9.4592,,2.890035,157.469584,2025-11-01 00:00:00,2025-11-01,0,2025,11,1
2025-11-01T01:00:00,2025-11-01T02:00:00,101,0,7.7196,,2.487326,162.437651,2025-11-01 01:00:00,2025-11-01,1,2025,11,1
2025-11-01T02:00:00,2025-11-01T03:00:00,101,0,6.5711,,1.910595,165.648543,2025-11-01 02:00:00,2025-11-01,2,2025,11,1
2025-11-01T03:00:00,2025-11-01T04:00:00,101,0,3.4605,,1.066281,155.623775,2025-11-01 03:00:00,2025-11-01,3,2025,11,1
2025-11-01T04:00:00,2025-11-01T05:00:00,101,0,2.7481,,1.107267,172.10483,2025-11-01 04:00:00,2025-11-01,4,2025,11,1
2025-11-01T05:00:00,2025-11-01T06:00:00,101,0,3.2228,,1.632214,173.62587,2025-11-01 05:00:00,2025-11-01,5,2025,11,1
2025-11-01T06:00:00,2025-11-01T07:00:00,101,0.16,3.377,,1.77004,172.71974,2025-11-01 06:00:00,2025-11-01,6,2025,11,1
2025-11-01T07:00:00,2025-11-01T08:00:00,101,1.096,5.5375,,1.482983,170.459063,2025-11-01 07:00:00,2025-11-01,7,2025,11,1
2025-11-01T08:00:00,2025-11-01T09:00:00,101,3.247,4.6362,,1.82956,171.360729,2025-11-01 08:00:00,2025-11-01,8,2025,11,1
2025-11-01T09:00:00,2025-11-01T10:00:00,101,6.214,5.7752,,2.698475,166.423942,2025-11-01 09:00:00,2025-11-01,9,2025,11,1
2025-11-01T10:00:00,2025-11-01T11:00:00,101,4.833,8.5661,,3.53506,167.912262,2025-11-01 10:00:00,2025-11-01,10,2025,11,1
2025-11-01T11:00:00,2025-11-01T12:00:00,101,4.525,11.8461,,3.449713,170.963531,2025-11-01 11:00:00,2025-11-01,11,2025,11,1
2025-11-01T12:00:00,2025-11-01T13:00:00,101,2.607,9.6541,,3.980861,167.998386,2025-11-01 12:00:00,2025-11-01,12,2025,11,1
2025-11-01T13:00:00,2025-11-01T14:00:00,101,1.447,13.3067,,5.551509,171.958996,2025-11-01 13:00:00,2025-11-01,13,2025,11,1
2025-11-01T14:00:00,2025-11-01T15:00:00,101,0.511,14.5193,,5.116205,171.621723,2025-11-01 14:00:00,2025-11-01,14,2025,11,1
2025-11-01T15:00:00,2025-11-01T16:00:00,101,0.025,15.1413,,5.651373,175.479482,2025-11-01 15:00:00,2025-11-01,15,2025,11,1
2025-11-01T16:00:00,2025-11-01T17:00:00,101,0,25.175,,8.319185,174.235624,2025-11-01 16:00:00,2025-11-01,16,2025,11,1
2025-11-01T17:00:00,2025-11-01T18:00:00,101,0,18.9444,,5.838649,175.07115,2025-11-01 17:00:00,2025-11-01,17,2025,11,1
2025-11-01T18:00:00,2025-11-01T19:00:00,101,0,10.1677,,3.766985,181.344876,2025-11-01 18:00:00,2025-11-01,18,2025,11,1
2025-11-01T19:00:00,2025-11-01T20:00:00,101,0,9.641,,2.619173,177.673506,2025-11-01 19:00:00,2025-11-01,19,2025,11,1
2025-11-01T20:00:00,2025-11-01T21:00:00,101,0,4.5216,,1.048331,182.864322,2025-11-01 20:00:00,2025-11-01,20,2025,11,1
2025-11-01T21:00:00,2025-11-01T22:00:00,101,0,2.4174,,0.642947,178.530626,2025-11-01 21:00:00,2025-11-01,21,2025,11,1
2025-11-01T22:00:00,2025-11-01T23:00:00,101,0,2.7467,,0.867129,174.739408,2025-11-01 22:00:00,2025-11-01,22,2025,11,1
2025-11-01T23:00:00,2025-11-02T00:00:00,101,0,4.0004,,0.97572,175.238327,2025-11-01 23:00:00,2025-11-01,23,2025,11,1
2025-11-02T00:00:00,2025-11-02T01:00:00,101,0,2.069,,0.521346,178.582666,2025-11-02 00:00:00,2025-11-02,0,2025,11,2
2025-11-02T01:00:00,2025-11-02T02:00:00,101,0,3.1268,,0.774849,179.285024,2025-11-02 01:00:00,2025-11-02,1,2025,11,2
2025-11-02T02:00:00,2025-11-02T03:00:00,101,0,3.4228,,1.027901,173.277845,2025-11-02 02:00:00,2025-11-02,2,2025,11,2
2025-11-02T03:00:00,2025-11-02T04:00:00,101,0,4.4168,,1.150505,174.500881,2025-11-02 03:00:00,2025-11-02,3,2025,11,2
2025-11-02T04:00:00,2025-11-02T05:00:00,101,0,4.2636,,1.277855,179.572577,2025-11-02 04:00:00,2025-11-02,4,2025,11,2
2025-11-02T05:00:00,2025-11-02T06:00:00,101,0,4.704,,1.42301,177.320913,2025-11-02 05:00:00,2025-11-02,5,2025,11,2
2025-11-02T06:00:00,2025-11-02T07:00:00,101,0.017,5.7881,,1.482492,176.341335,2025-11-02 06:00:00,2025-11-02,6,2025,11,2
2025-11-02T07:00:00,2025-11-02T08:00:00,101,0.409,4.5322,,1.477272,180.383004,2025-11-02 07:00:00,2025-11-02,7,2025,11,2
2025-11-02T08:00:00,2025-11-02T09:00:00,101,2.164,5.0568,,1.622106,179.124498,2025-11-02 08:00:00,2025-11-02,8,2025,11,2
2025-11-02T09:00:00,2025-11-02T10:00:00,101,1.939,4.3735,,1.341351,178.030707,2025-11-02 09:00:00,2025-11-02,9,2025,11,2
2025-11-02T10:00:00,2025-11-02T11:00:00,101,0.904,6.8343,,2.033855,175.307543,2025-11-02 10:00:00,2025-11-02,10,2025,11,2
2025-11-02T11:00:00,2025-11-02T12:00:00,101,1.025,1.95,,0.703548,175.360294,2025-11-02 11:00:00,2025-11-02,11,2025,11,2
2025-11-02T12:00:00,2025-11-02T13:00:00,101,0.619,2.5125,,0.949697,181.789271,2025-11-02 12:00:00,2025-11-02,12,2025,11,2
2025-11-02T13:00:00,2025-11-02T14:00:00,101,0.554,2.4207,,0.796764,174.966274,2025-11-02 13:00:00,2025-11-02,13,2025,11,2
2025-11-02T14:00:00,2025-11-02T15:00:00,101,0.54,1.7938,,0.562215,171.026404,2025-11-02 14:00:00,2025-11-02,14,2025,11,2
2025-11-02T15:00:00,2025-11-02T16:00:00,101,0.025,1.7897,,0.477895,170.906452,2025-11-02 15:00:00,2025-11-02,15,2025,11,2
2025-11-02T16:00:00,2025-11-02T17:00:00,101,0,2.5374,,0.755687,171.207551,2025-11-02 16:00:00,2025-11-02,16,2025,11,2
2025-11-02T17:00:00,2025-11-02T18:00:00,101,0,2.0881,,0.644154,172.116397,2025-11-02 17:00:00,2025-11-02,17,2025,11,2
2025-11-02T18:00:00,2025-11-02T19:00:00,101,0,0.9962,,0.412396,176.149916,2025-11-02 18:00:00,2025-11-02,18,2025,11,2
2025-11-02T19:00:00,2025-11-02T20:00:00,101,0,1.4393,,0.56421,177.077844,2025-11-02 19:00:00,2025-11-02,19,2025,11,2
2025-11-02T20:00:00,2025-11-02T21:00:00,101,0,1.4142,,0.535329,174.23951,2025-11-02 20:00:00,2025-11-02,20,2025,11,2
2025-11-02T21:00:00,2025-11-02T22:00:00,101,0,1.5819,,0.555027,172.230184,2025-11-02 21:00:00,2025-11-02,21,2025,11,2
2025-11-02T22:00:00,2025-11-02T23:00:00,101,0,0.5741,,0.273854,170.389067,2025-11-02 22:00:00,2025-11-02,22,2025,11,2
2025-11-02T23:00:00,2025-11-03T00:00:00,101,0,0.1573,,0.243999,174.706479,2025-11-02 23:00:00,2025-11-02,23,2025,11,2
2025-11-03T00:00:00,2025-11-03T01:00:00,101,0,0.6497,,0.419311,178.442419,2025-11-03 00:00:00,2025-11-03,0,2025,11,3
2025-11-03T01:00:00,2025-11-03T02:00:00,101,0,0.8297,,0.379535,172.593888,2025-11-03 01:00:00,2025-11-03,1,2025,11,3
2025-11-03T02:00:00,2025-11-03T03:00:00,101,0,1.2476,,0.648265,168.93583,2025-11-03 02:00:00,2025-11-03,2,2025,11,3
2025-11-03T03:00:00,2025-11-03T04:00:00,101,0,2.2297,,0.889706,171.420654,2025-11-03 03:00:00,2025-11-03,3,2025,11,3
2025-11-03T04:00:00,2025-11-03T05:00:00,101,0,1.6414,,0.456652,170.402884,2025-11-03 04:00:00,2025-11-03,4,2025,11,3
2025-11-03T05:00:00,2025-11-03T06:00:00,101,0,2.1754,,0.769862,170.774596,2025-11-03 05:00:00,2025-11-03,5,2025,11,3
2025-11-03T06:00:00,2025-11-03T07:00:00,101,0.014,2.0249,,0.663514,173.774885,2025-11-03 06:00:00,2025-11-03,6,2025,11,3
2025-11-03T07:00:00,2025-11-03T08:00:00,101,0.54,1.9298,,0.415279,175.074754,2025-11-03 07:00:00,2025-11-03,7,2025,11,3
2025-11-03T08:00:00,2025-11-03T09:00:00,101,1.983,3.2507,,0.856533,169.819072,2025-11-03 08:00:00,2025-11-03,8,2025,11,3
2025-11-03T09:00:00,2025-11-03T10:00:00,101,3.83,2.894,,0.730372,169.851815,2025-11-03 09:00:00,2025-11-03,9,2025,11,3
2025-11-03T10:00:00,2025-11-03T11:00:00,101,7.349,4.1599,,0.926074,171.618218,2025-11-03 10:00:00,2025-11-03,10,2025,11,3
2025-11-03T11:00:00,2025-11-03T12:00:00,101,6.818,4.7423,,1.1107,172.628607,2025-11-03 11:00:00,2025-11-03,11,2025,11,3
2025-11-03T12:00:00,2025-11-03T13:00:00,101,6.212,6.6597,,1.408657,175.001771,2025-11-03 12:00:00,2025-11-03,12,2025,11,3
2025-11-03T13:00:00,2025-11-03T14:00:00,101,2.587,6.0454,,1.394798,175.864547,2025-11-03 13:00:00,2025-11-03,13,2025,11,3
2025-11-03T14:00:00,2025-11-03T15:00:00,101,0.731,5.1726,,1.346942,175.840068,2025-11-03 14:00:00,2025-11-03,14,2025,11,3
2025-11-03T15:00:00,2025-11-03T16:00:00,101,0.013,7.6356,,1.974883,175.711005,2025-11-03 15:00:00,2025-11-03,15,2025,11,3
2025-11-03T16:00:00,2025-11-03T17:00:00,101,0,8.9446,,2.341388,175.981122,2025-11-03 16:00:00,2025-11-03,16,2025,11,3
2025-11-03T17:00:00,2025-11-03T18:00:00,101,0,15.9417,,3.851908,176.314297,2025-11-03 17:00:00,2025-11-03,17,2025,11,3
2025-11-03T18:00:00,2025-11-03T19:00:00,101,0,18.4462,,4.525252,174.347171,2025-11-03 18:00:00,2025-11-03,18,2025,11,3
2025-11-03T19:00:00,2025-11-03T20:00:00,101,0,23.7721,,5.760868,175.692298,2025-11-03 19:00:00,2025-11-03,19,2025,11,3
2025-11-03T20:00:00,2025-11-03T21:00:00,101,0,24.2816,,5.895999,176.154161,2025-11-03 20:00:00,2025-11-03,20,2025,11,3
2025-11-03T21:00:00,2025-11-03T22:00:00,101,0,22.3231,,5.233329,177.263985,2025-11-03 21:00:00,2025-11-03,21,2025,11,3
2025-11-03T22:00:00,2025-11-03T23:00:00,101,0,21.64,,4.56402,163.545005,2025-11-03 22:00:00,2025-11-03,22,2025,11,3
2025-11-03T23:00:00,2025-11-04T00:00:00,101,0,22.2566,,4.663008,90.678743,2025-11-03 23:00:00,2025-11-03,23,2025,11,3
2025-11-04T00:00:00,2025-11-04T01:00:00,101,0,20.8509,,1.630984,50.807417,2025-11-04 00:00:00,2025-11-04,0,2025,11,4
2025-11-04T01:00:00,2025-11-04T02:00:00,101,0,17.2936,,1.285629,50.589485,2025-11-04 01:00:00,2025-11-04,1,2025,11,4
2025-11-04T02:00:00,2025-11-04T03:00:00,101,0,16.8704,,1.655508,43.694043,2025-11-04 02:00:00,2025-11-04,2,2025,11,4
2025-11-04T03:00:00,2025-11-04T04:00:00,101,0,13.8362,,1.094463,58.410006,2025-11-04 03:00:00,2025-11-04,3,2025,11,4
2025-11-04T04:00:00,2025-11-04T05:00:00,101,0,20.0157,,1.455126,123.103197,2025-11-04 04:00:00,2025-11-04,4,2025,11,4
2025-11-04T05:00:00,2025-11-04T06:00:00,101,0,19.6232,,3.949158,154.17056,2025-11-04 05:00:00,2025-11-04,5,2025,11,4
2025-11-04T06:00:00,2025-11-04T07:00:00,101,0.006,19.0908,,3.997341,142.49674,2025-11-04 06:00:00,2025-11-04,6,2025,11,4
2025-11-04T07:00:00,2025-11-04T08:00:00,101,0.104,15.6125,,3.914341,145.469705,2025-11-04 07:00:00,2025-11-04,7,2025,11,4
2025-11-04T08:00:00,2025-11-04T09:00:00,101,0.514,15.4022,,3.85089,145.21742,2025-11-04 08:00:00,2025-11-04,8,2025,11,4
2025-11-04T09:00:00,2025-11-04T10:00:00,101,0.999,11.5627,,3.199666,147.173655,2025-11-04 09:00:00,2025-11-04,9,2025,11,4
2025-11-04T10:00:00,2025-11-04T11:00:00,101,1.157,11.8986,,3.53741,145.793491,2025-11-04 10:00:00,2025-11-04,10,2025,11,4
2025-11-04T11:00:00,2025-11-04T12:00:00,101,1.02,12.2795,,3.101655,143.572686,2025-11-04 11:00:00,2025-11-04,11,2025,11,4
2025-11-04T12:00:00,2025-11-04T13:00:00,101,1.121,13.2361,,3.338297,143.65769,2025-11-04 12:00:00,2025-11-04,12,2025,11,4
2025-11-04T13:00:00,2025-11-04T14:00:00,101,0.35,11.6609,,2.994113,142.665994,2025-11-04 13:00:00,2025-11-04,13,2025,11,4
2025-11-04T14:00:00,2025-11-04T15:00:00,101,0.201,9.1097,,2.120204,142.26652,2025-11-04 14:00:00,2025-11-04,14,2025,11,4
2025-11-04T15:00:00,2025-11-04T16:00:00,101,0.007,8.439,,2.181137,143.742765,2025-11-04 15:00:00,2025-11-04,15,2025,11,4
2025-11-04T16:00:00,2025-11-04T17:00:00,101,0,11.0814,,2.717194,145.624964,2025-11-04 16:00:00,2025-11-04,16,2025,11,4
2025-11-04T17:00:00,2025-11-04T18:00:00,101,0,7.5159,,1.840039,156.006769,2025-11-04 17:00:00,2025-11-04,17,2025,11,4
2025-11-04T18:00:00,2025-11-04T19:00:00,101,0,6.0068,,1.41278,159.836029,2025-11-04 18:00:00,2025-11-04,18,2025,11,4
2025-11-04T19:00:00,2025-11-04T20:00:00,101,0,4.9163,,1.568187,166.6852,2025-11-04 19:00:00,2025-11-04,19,2025,11,4
2025-11-04T20:00:00,2025-11-04T21:00:00,101,0,4.0276,,1.074885,170.0604,2025-11-04 20:00:00,2025-11-04,20,2025,11,4
2025-11-04T21:00:00,2025-11-04T22:00:00,101,0,6.0884,,1.561434,171.157112,2025-11-04 21:00:00,2025-11-04,21,2025,11,4
2025-11-04T22:00:00,2025-11-04T23:00:00,101,0,7.9975,,1.926226,171.877305,2025-11-04 22:00:00,2025-11-04,22,2025,11,4
2025-11-04T23:00:00,2025-11-05T00:00:00,101,0,7.6695,,1.94721,178.038206,2025-11-04 23:00:00,2025-11-04,23,2025,11,4
2025-11-05T00:00:00,2025-11-05T01:00:00,101,0,6.7001,,1.742714,173.942733,2025-11-05 00:00:00,2025-11-05,0,2025,11,5
2025-11-05T01:00:00,2025-11-05T02:00:00,101,0,5.9337,,1.798426,173.237394,2025-11-05 01:00:00,2025-11-05,1,2025,11,5
2025-11-05T02:00:00,2025-11-05T03:00:00,101,0,6.5412,,3.132324,168.934863,2025-11-05 02:00:00,2025-11-05,2,2025,11,5
2025-11-05T03:00:00,2025-11-05T04:00:00,101,0,6.143,,3.374216,168.792128,2025-11-05 03:00:00,2025-11-05,3,2025,11,5
2025-11-05T04:00:00,2025-11-05T05:00:00,101,0,6.9243,,3.631734,179.044729,2025-11-05 04:00:00,2025-11-05,4,2025,11,5
2025-11-05T05:00:00,2025-11-05T06:00:00,101,0,7.3453,,3.026366,180.539683,2025-11-05 05:00:00,2025-11-05,5,2025,11,5
2025-11-05T06:00:00,2025-11-05T07:00:00,101,0.071,7.1526,,2.830258,173.400872,2025-11-05 06:00:00,2025-11-05,6,2025,11,5
2025-11-05T07:00:00,2025-11-05T08:00:00,101,1.088,5.9656,,2.113954,182.228545,2025-11-05 07:00:00,2025-11-05,7,2025,11,5
2025-11-05T08:00:00,2025-11-05T09:00:00,101,2.421,4.5641,,1.356495,182.762889,2025-11-05 08:00:00,2025-11-05,8,2025,11,5
2025-11-05T09:00:00,2025-11-05T10:00:00,101,3.069,1.9694,,0.705617,179.797438,2025-11-05 09:00:00,2025-11-05,9,2025,11,5
2025-11-05T10:00:00,2025-11-05T11:00:00,101,2.261,1.6641,,0.664169,185.286476,2025-11-05 10:00:00,2025-11-05,10,2025,11,5
2025-11-05T11:00:00,2025-11-05T12:00:00,101,2.022,2.3955,,0.902013,180.230354,2025-11-05 11:00:00,2025-11-05,11,2025,11,5
2025-11-05T12:00:00,2025-11-05T13:00:00,101,2.344,3.0438,,1.049638,175.559277,2025-11-05 12:00:00,2025-11-05,12,2025,11,5
2025-11-05T13:00:00,2025-11-05T14:00:00,101,0.878,2.6249,,0.848357,181.857576,2025-11-05 13:00:00,2025-11-05,13,2025,11,5
2025-11-05T14:00:00,2025-11-05T15:00:00,101,0.346,2.5715,,1.117969,173.685975,2025-11-05 14:00:00,2025-11-05,14,2025,11,5
2025-11-05T15:00:00,2025-11-05T16:00:00,101,0.012,3.1663,,1.383958,169.120674,2025-11-05 15:00:00,2025-11-05,15,2025,11,5
2025-11-05T16:00:00,2025-11-05T17:00:00,101,0,2.4909,,0.640251,175.719799,2025-11-05 16:00:00,2025-11-05,16,2025,11,5
2025-11-05T17:00:00,2025-11-05T18:00:00,101,0,2.6611,,0.704351,164.154673,2025-11-05 17:00:00,2025-11-05,17,2025,11,5
2025-11-05T18:00:00,2025-11-05T19:00:00,101,0,2.9961,,0.706816,167.187274,2025-11-05 18:00:00,2025-11-05,18,2025,11,5
2025-11-05T19:00:00,2025-11-05T20:00:00,101,0,1.9448,,0.479531,171.886748,2025-11-05 19:00:00,2025-11-05,19,2025,11,5
2025-11-05T20:00:00,2025-11-05T21:00:00,101,0,2.0489,,0.513342,173.743802,2025-11-05 20:00:00,2025-11-05,20,2025,11,5
2025-11-05T21:00:00,2025-11-05T22:00:00,101,0,2.3356,,0.470271,176.139781,2025-11-05 21:00:00,2025-11-05,21,2025,11,5
2025-11-05T22:00:00,2025-11-05T23:00:00,101,0,0.9177,,0.285811,178.665183,2025-11-05 22:00:00,2025-11-05,22,2025,11,5
2025-11-05T23:00:00,2025-11-06T00:00:00,101,0,0.2593,,0.254253,183.119547,2025-11-05 23:00:00,2025-11-05,23,2025,11,5
2025-11-06T00:00:00,2025-11-06T01:00:00,101,0,0.7238,,0.425504,186.127652,2025-11-06 00:00:00,2025-11-06,0,2025,11,6
2025-11-06T01:00:00,2025-11-06T02:00:00,101,0,0.6164,,0.18954,185.221698,2025-11-06 01:00:00,2025-11-06,1,2025,11,6
2025-11-06T02:00:00,2025-11-06T03:00:00,101,0,1.2805,,0.494907,182.295188,2025-11-06 02:00:00,2025-11-06,2,2025,11,6
2025-11-06T03:00:00,2025-11-06T04:00:00,101,0,1.1454,,0.711026,180.791263,2025-11-06 03:00:00,2025-11-06,3,2025,11,6
2025-11-06T04:00:00,2025-11-06T05:00:00,101,0,1.5713,,0.845021,184.724088,2025-11-06 04:00:00,2025-11-06,4,2025,11,6
2025-11-06T05:00:00,2025-11-06T06:00:00,101,0,2.3868,,0.779918,183.022455,2025-11-06 05:00:00,2025-11-06,5,2025,11,6
2025-11-06T06:00:00,2025-11-06T07:00:00,101,0.054,3.0963,,0.977791,180.747755,2025-11-06 06:00:00,2025-11-06,6,2025,11,6
2025-11-06T07:00:00,2025-11-06T08:00:00,101,1.72,1.8908,,0.666125,182.399245,2025-11-06 07:00:00,2025-11-06,7,2025,11,6
2025-11-06T08:00:00,2025-11-06T09:00:00,101,2.326,2.378,,0.814008,181.743257,2025-11-06 08:00:00,2025-11-06,8,2025,11,6
2025-11-06T09:00:00,2025-11-06T10:00:00,101,4.53,4.3886,,1.222584,180.813875,2025-11-06 09:00:00,2025-11-06,9,2025,11,6
2025-11-06T10:00:00,2025-11-06T11:00:00,101,7.205,4.0389,,1.002038,179.635452,2025-11-06 10:00:00,2025-11-06,10,2025,11,6
2025-11-06T11:00:00,2025-11-06T12:00:00,101,8.028,3.1566,,0.838509,178.912677,2025-11-06 11:00:00,2025-11-06,11,2025,11,6
2025-11-06T12:00:00,2025-11-06T13:00:00,101,6.414,1.6322,,1.252322,173.051345,2025-11-06 12:00:00,2025-11-06,12,2025,11,6
2025-11-06T13:00:00,2025-11-06T14:00:00,101,3.62,3.2128,,0.967558,170.710656,2025-11-06 13:00:00,2025-11-06,13,2025,11,6
2025-11-06T14:00:00,2025-11-06T15:00:00,101,0.918,4.1568,,1.474417,173.583186,2025-11-06 14:00:00,2025-11-06,14,2025,11,6
2025-11-06T15:00:00,2025-11-06T16:00:00,101,0.017,5.1,,1.831528,171.957854,2025-11-06 15:00:00,2025-11-06,15,2025,11,6
2025-11-06T16:00:00,2025-11-06T17:00:00,101,0,5.8167,,1.091477,170.352634,2025-11-06 16:00:00,2025-11-06,16,2025,11,6
2025-11-06T17:00:00,2025-11-06T18:00:00,101,0,3.0955,,1.035815,159.501862,2025-11-06 17:00:00,2025-11-06,17,2025,11,6
2025-11-06T18:00:00,2025-11-06T19:00:00,101,0,2.9254,,1.129142,161.119031,2025-11-06 18:00:00,2025-11-06,18,2025,11,6
2025-11-06T19:00:00,2025-11-06T20:00:00,101,0,3.795,,1.722052,165.713186,2025-11-06 19:00:00,2025-11-06,19,2025,11,6
2025-11-06T20:00:00,2025-11-06T21:00:00,101,0,4.3886,,1.06407,164.970041,2025-11-06 20:00:00,2025-11-06,20,2025,11,6
2025-11-06T21:00:00,2025-11-06T22:00:00,101,0,2.1389,,1.005131,161.126431,2025-11-06 21:00:00,2025-11-06,21,2025,11,6
2025-11-06T22:00:00,2025-11-06T23:00:00,101,0,3.35,,0.996415,162.498469,2025-11-06 22:00:00,2025-11-06,22,2025,11,6
2025-11-06T23:00:00,2025-11-07T00:00:00,101,0,4.6974,,1.203762,156.751351,2025-11-06 23:00:00,2025-11-06,23,2025,11,6
2025-11-07T00:00:00,2025-11-07T01:00:00,101,0,5.3057,,1.444267,107.967704,2025-11-07 00:00:00,2025-11-07,0,2025,11,7
2025-11-07T01:00:00,2025-11-07T02:00:00,101,0,5.5979,,1.157017,100.475217,2025-11-07 01:00:00,2025-11-07,1,2025,11,7
2025-11-07T02:00:00,2025-11-07T03:00:00,101,0,3.6805,,1.189159,102.361684,2025-11-07 02:00:00,2025-11-07,2,2025,11,7
2025-11-07T03:00:00,2025-11-07T04:00:00,101,0,4.5713,,1.601257,83.537636,2025-11-07 03:00:00,2025-11-07,3,2025,11,7
2025-11-07T04:00:00,2025-11-07T05:00:00,101,0,10.5324,,2.799284,128.02175,2025-11-07 04:00:00,2025-11-07,4,2025,11,7
2025-11-07T05:00:00,2025-11-07T06:00:00,101,0,9.3477,,2.55684,189.102044,2025-11-07 05:00:00,2025-11-07,5,2025,11,7
2025-11-07T06:00:00,2025-11-07T07:00:00,101,0.041,9.1373,,2.486595,210.918764,2025-11-07 06:00:00,2025-11-07,6,2025,11,7
2025-11-07T07:00:00,2025-11-07T08:00:00,101,1.515,8.7392,,2.444004,203.680582,2025-11-07 07:00:00,2025-11-07,7,2025,11,7
2025-11-07T08:00:00,2025-11-07T09:00:00,101,3.26,8.1967,,2.562171,202.063867,2025-11-07 08:00:00,2025-11-07,8,2025,11,7
2025-11-07T09:00:00,2025-11-07T10:00:00,101,5.363,8.7473,,3.184336,214.268904,2025-11-07 09:00:00,2025-11-07,9,2025,11,7
2025-11-07T10:00:00,2025-11-07T11:00:00,101,5.656,5.6419,,2.374837,213.273029,2025-11-07 10:00:00,2025-11-07,10,2025,11,7
2025-11-07T11:00:00,2025-11-07T12:00:00,101,6.546,4.4385,,1.845581,218.785035,2025-11-07 11:00:00,2025-11-07,11,2025,11,7
2025-11-07T12:00:00,2025-11-07T13:00:00,101,4.746,2.1385,,1.522006,223.695641,2025-11-07 12:00:00,2025-11-07,12,2025,11,7
2025-11-07T13:00:00,2025-11-07T14:00:00,101,2.836,1.5104,,0.929442,244.983709,2025-11-07 13:00:00,2025-11-07,13,2025,11,7
2025-11-07T14:00:00,2025-11-07T15:00:00,101,0.704,2.1554,,0.706344,246.685867,2025-11-07 14:00:00,2025-11-07,14,2025,11,7
2025-11-07T15:00:00,2025-11-07T16:00:00,101,0.016,1.4363,,0.496361,246.16278,2025-11-07 15:00:00,2025-11-07,15,2025,11,7
2025-11-07T16:00:00,2025-11-07T17:00:00,101,0,0.9148,,0.526748,239.562148,2025-11-07 16:00:00,2025-11-07,16,2025,11,7
2025-11-07T17:00:00,2025-11-07T18:00:00,101,0,0.9755,,0.460852,238.673552,2025-11-07 17:00:00,2025-11-07,17,2025,11,7
2025-11-07T18:00:00,2025-11-07T19:00:00,101,0,0.6213,,0.287713,244.027547,2025-11-07 18:00:00,2025-11-07,18,2025,11,7
2025-11-07T19:00:00,2025-11-07T20:00:00,101,0,0.6314,,0.26094,242.256025,2025-11-07 19:00:00,2025-11-07,19,2025,11,7
2025-11-07T20:00:00,2025-11-07T21:00:00,101,0,0.3766,,0.141728,241.645142,2025-11-07 20:00:00,2025-11-07,20,2025,11,7
2025-11-07T21:00:00,2025-11-07T22:00:00,101,0,0.2264,,0.058917,245.772344,2025-11-07 21:00:00,2025-11-07,21,2025,11,7
2025-11-07T22:00:00,2025-11-07T23:00:00,101,0,0.0135,,0.005357,247.87621,2025-11-07 22:00:00,2025-11-07,22,2025,11,7
2025-11-07T23:00:00,2025-11-08T00:00:00,101,0,0,,0.00056,231.624748,2025-11-07 23:00:00,2025-11-07,23,2025,11,7
2025-11-08T00:00:00,2025-11-08T01:00:00,101,0,0,,0,226.31901,2025-11-08 00:00:00,2025-11-08,0,2025,11,8
2025-11-08T01:00:00,2025-11-08T02:00:00,101,0,0,,0,227.999538,2025-11-08 01:00:00,2025-11-08,1,2025,11,8
2025-11-08T02:00:00,2025-11-08T03:00:00,101,0,0,,0,219.957269,2025-11-08 02:00:00,2025-11-08,2,2025,11,8
2025-11-08T03:00:00,2025-11-08T04:00:00,101,0,0,,0,219.121597,2025-11-08 03:00:00,2025-11-08,3,2025,11,8
2025-11-08T04:00:00,2025-11-08T05:00:00,101,0,0,,0,222.800581,2025-11-08 04:00:00,2025-11-08,4,2025,11,8
2025-11-08T05:00:00,2025-11-08T06:00:00,101,0,0,,0,223.472295,2025-11-08 05:00:00,2025-11-08,5,2025,11,8
2025-11-08T06:00:00,2025-11-08T07:00:00,101,0.008,0,,0,222.562351,2025-11-08 06:00:00,2025-11-08,6,2025,11,8
2025-11-08T07:00:00,2025-11-08T08:00:00,101,0.305,0.0003,,0.051088,223.593127,2025-11-08 07:00:00,2025-11-08,7,2025,11,8
2025-11-08T08:00:00,2025-11-08T09:00:00,101,0.868,0.0899,,0.179166,229.170894,2025-11-08 08:00:00,2025-11-08,8,2025,11,8
2025-11-08T09:00:00,2025-11-08T10:00:00,101,1.227,0.2948,,0.313904,237.43673,2025-11-08 09:00:00,2025-11-08,9,2025,11,8
2025-11-08T10:00:00,2025-11-08T11:00:00,101,1.045,0.4629,,0.409629,235.877796,2025-11-08 10:00:00,2025-11-08,10,2025,11,8
2025-11-08T11:00:00,2025-11-08T12:00:00,101,1.088,0.1274,,0.089739,233.918116,2025-11-08 11:00:00,2025-11-08,11,2025,11,8
2025-11-08T12:00:00,2025-11-08T13:00:00,101,1.081,0,,0.00007,229.453755,2025-11-08 12:00:00,2025-11-08,12,2025,11,8
2025-11-08T13:00:00,2025-11-08T14:00:00,101,0.624,0,,0,244.226085,2025-11-08 13:00:00,2025-11-08,13,2025,11,8
2025-11-08T14:00:00,2025-11-08T15:00:00,101,0.183,0,,0,249.89444,2025-11-08 14:00:00,2025-11-08,14,2025,11,8
2025-11-08T15:00:00,2025-11-08T16:00:00,101,0.005,0,,0,247.94546,2025-11-08 15:00:00,2025-11-08,15,2025,11,8
2025-11-08T16:00:00,2025-11-08T17:00:00,101,0,0,,0,241.938865,2025-11-08 16:00:00,2025-11-08,16,2025,11,8
2025-11-08T17:00:00,2025-11-08T18:00:00,101,0,0,,0,241.34385,2025-11-08 17:00:00,2025-11-08,17,2025,11,8
2025-11-08T18:00:00,2025-11-08T19:00:00,101,0,0.9982,,0.111643,247.603516,2025-11-08 18:00:00,2025-11-08,18,2025,11,8
2025-11-08T19:00:00,2025-11-08T20:00:00,101,0,0.7371,,0.230458,246.552278,2025-11-08 19:00:00,2025-11-08,19,2025,11,8
2025-11-08T20:00:00,2025-11-08T21:00:00,101,0,0.4712,,0.315557,244.787215,2025-11-08 20:00:00,2025-11-08,20,2025,11,8
2025-11-08T21:00:00,2025-11-08T22:00:00,101,0,0.7595,,0.57031,238.776817,2025-11-08 21:00:00,2025-11-08,21,2025,11,8
2025-11-08T22:00:00,2025-11-08T23:00:00,101,0,0.7963,,0.339666,232.887474,2025-11-08 22:00:00,2025-11-08,22,2025,11,8
2025-11-08T23:00:00,2025-11-09T00:00:00,101,0,0.8188,,0.244631,221.948104,2025-11-08 23:00:00,2025-11-08,23,2025,11,8
2025-11-09T00:00:00,2025-11-09T01:00:00,101,0,0.0718,,0.048963,205.373624,2025-11-09 00:00:00,2025-11-09,0,2025,11,9
2025-11-09T01:00:00,2025-11-09T02:00:00,101,0,0.4668,,0.148271,202.821581,2025-11-09 01:00:00,2025-11-09,1,2025,11,9
2025-11-09T02:00:00,2025-11-09T03:00:00,101,0,0.5932,,0.21578,208.092142,2025-11-09 02:00:00,2025-11-09,2,2025,11,9
2025-11-09T03:00:00,2025-11-09T04:00:00,101,0,0.2261,,0.123401,197.349692,2025-11-09 03:00:00,2025-11-09,3,2025,11,9
2025-11-09T04:00:00,2025-11-09T05:00:00,101,0,0.1022,,0.043426,196.565379,2025-11-09 04:00:00,2025-11-09,4,2025,11,9
2025-11-09T05:00:00,2025-11-09T06:00:00,101,0,0.0823,,0.065108,212.500585,2025-11-09 05:00:00,2025-11-09,5,2025,11,9
2025-11-09T06:00:00,2025-11-09T07:00:00,101,0.011,0.2916,,0.066268,230.578788,2025-11-09 06:00:00,2025-11-09,6,2025,11,9
2025-11-09T07:00:00,2025-11-09T08:00:00,101,0.292,0.0001,,0.000164,248.278349,2025-11-09 07:00:00,2025-11-09,7,2025,11,9
2025-11-09T08:00:00,2025-11-09T09:00:00,101,1.049,0,,0,249.396297,2025-11-09 08:00:00,2025-11-09,8,2025,11,9
2025-11-09T09:00:00,2025-11-09T10:00:00,101,1.396,0,,0,244.653744,2025-11-09 09:00:00,2025-11-09,9,2025,11,9
2025-11-09T10:00:00,2025-11-09T11:00:00,101,2.078,0,,0,244.88363,2025-11-09 10:00:00,2025-11-09,10,2025,11,9
2025-11-09T11:00:00,2025-11-09T12:00:00,101,1.911,0,,0,248.571272,2025-11-09 11:00:00,2025-11-09,11,2025,11,9
2025-11-09T12:00:00,2025-11-09T13:00:00,101,1.264,0,,0,246.644326,2025-11-09 12:00:00,2025-11-09,12,2025,11,9
2025-11-09T13:00:00,2025-11-09T14:00:00,101,0.555,0,,0,246.672735,2025-11-09 13:00:00,2025-11-09,13,2025,11,9
2025-11-09T14:00:00,2025-11-09T15:00:00,101,0.117,0,,0.000049,248.325233,2025-11-09 14:00:00,2025-11-09,14,2025,11,9
2025-11-09T15:00:00,2025-11-09T16:00:00,101,0.003,0,,0.000003,250.623236,2025-11-09 15:00:00,2025-11-09,15,2025,11,9
2025-11-09T16:00:00,2025-11-09T17:00:00,101,0,0,,0,251.383073,2025-11-09 16:00:00,2025-11-09,16,2025,11,9
2025-11-09T17:00:00,2025-11-09T18:00:00,101,0,0,,0,251.343772,2025-11-09 17:00:00,2025-11-09,17,2025,11,9
2025-11-09T18:00:00,2025-11-09T19:00:00,101,0,0,,0,251.037092,2025-11-09 18:00:00,2025-11-09,18,2025,11,9
2025-11-09T19:00:00,2025-11-09T20:00:00,101,0,0,,0,249.778909,2025-11-09 19:00:00,2025-11-09,19,2025,11,9
2025-11-09T20:00:00,2025-11-09T21:00:00,101,0,0,,0,233.739009,2025-11-09 20:00:00,2025-11-09,20,2025,11,9
2025-11-09T21:00:00,2025-11-09T22:00:00,101,0,0,,0,187.528132,2025-11-09 21:00:00,2025-11-09,21,2025,11,9
2025-11-09T22:00:00,2025-11-09T23:00:00,101,0,0,,0,189.879963,2025-11-09 22:00:00,2025-11-09,22,2025,11,9
2025-11-09T23:00:00,2025-11-10T00:00:00,101,0,0,,0,190.901539,2025-11-09 23:00:00,2025-11-09,23,2025,11,9
2025-11-10T00:00:00,2025-11-10T01:00:00,101,0,0,,0,189.039007,2025-11-10 00:00:00,2025-11-10,0,2025,11,10
2025-11-10T01:00:00,2025-11-10T02:00:00,101,0,0,,0,189.562072,2025-11-10 01:00:00,2025-11-10,1,2025,11,10
2025-11-10T02:00:00,2025-11-10T03:00:00,101,0,0,,0,190.485125,2025-11-10 02:00:00,2025-11-10,2,2025,11,10
2025-11-10T03:00:00,2025-11-10T04:00:00,101,0,0,,0,189.580134,2025-11-10 03:00:00,2025-11-10,3,2025,11,10
2025-11-10T04:00:00,2025-11-10T05:00:00,101,0,0,,0.002005,187.865714,2025-11-10 04:00:00,2025-11-10,4,2025,11,10
2025-11-10T05:00:00,2025-11-10T06:00:00,101,0,0,,0.001648,190.026658,2025-11-10 05:00:00,2025-11-10,5,2025,11,10
2025-11-10T06:00:00,2025-11-10T07:00:00,101,0.001,0.1702,,0.099619,190.15672,2025-11-10 06:00:00,2025-11-10,6,2025,11,10
2025-11-10T07:00:00,2025-11-10T08:00:00,101,0.039,0.0061,,0.033,188.984387,2025-11-10 07:00:00,2025-11-10,7,2025,11,10
2025-11-10T08:00:00,2025-11-10T09:00:00,101,0.169,0,,0.002636,187.432916,2025-11-10 08:00:00,2025-11-10,8,2025,11,10
2025-11-10T09:00:00,2025-11-10T10:00:00,101,0.319,0,,0.011971,187.320704,2025-11-10 09:00:00,2025-11-10,9,2025,11,10
2025-11-10T10:00:00,2025-11-10T11:00:00,101,0.677,0,,0.000238,184.799758,2025-11-10 10:00:00,2025-11-10,10,2025,11,10
2025-11-10T11:00:00,2025-11-10T12:00:00,101,0.97,0,,0.000058,182.518344,2025-11-10 11:00:00,2025-11-10,11,2025,11,10
2025-11-10T12:00:00,2025-11-10T13:00:00,101,0.814,0,,0,172.222005,2025-11-10 12:00:00,2025-11-10,12,2025,11,10
2025-11-10T13:00:00,2025-11-10T14:00:00,101,0.417,0,,0,187.034822,2025-11-10 13:00:00,2025-11-10,13,2025,11,10
2025-11-10T14:00:00,2025-11-10T15:00:00,101,0.079,0,,0.000004,198.72126,2025-11-10 14:00:00,2025-11-10,14,2025,11,10
2025-11-10T15:00:00,2025-11-10T16:00:00,101,0.002,0,,0,212.021964,2025-11-10 15:00:00,2025-11-10,15,2025,11,10
2025-11-10T16:00:00,2025-11-10T17:00:00,101,0,0,,0,237.936358,2025-11-10 16:00:00,2025-11-10,16,2025,11,10
2025-11-10T17:00:00,2025-11-10T18:00:00,101,0,0,,0,248.297019,2025-11-10 17:00:00,2025-11-10,17,2025,11,10
2025-11-10T18:00:00,2025-11-10T19:00:00,101,0,0,,0,249.958192,2025-11-10 18:00:00,2025-11-10,18,2025,11,10
2025-11-10T19:00:00,2025-11-10T20:00:00,101,0,0,,0,242.21226,2025-11-10 19:00:00,2025-11-10,19,2025,11,10
2025-11-10T20:00:00,2025-11-10T21:00:00,101,0,0,,0,229.544551,2025-11-10 20:00:00,2025-11-10,20,2025,11,10
2025-11-10T21:00:00,2025-11-10T22:00:00,101,0,0.3117,,0.2129,213.95304,2025-11-10 21:00:00,2025-11-10,21,2025,11,10
2025-11-10T22:00:00,2025-11-10T23:00:00,101,0,0.5713,,0.261408,211.424767,2025-11-10 22:00:00,2025-11-10,22,2025,11,10
2025-11-10T23:00:00,2025-11-11T00:00:00,101,0,0.3686,,0.157794,211.937537,2025-11-10 23:00:00,2025-11-10,23,2025,11,10
2025-11-11T00:00:00,2025-11-11T01:00:00,101,0,0.3918,,0.179606,212.478588,2025-11-11 00:00:00,2025-11-11,0,2025,11,11
2025-11-11T01:00:00,2025-11-11T02:00:00,101,0,1.5302,,0.440112,210.81491,2025-11-11 01:00:00,2025-11-11,1,2025,11,11
2025-11-11T02:00:00,2025-11-11T03:00:00,101,0,1.7435,,0.423597,216.464908,2025-11-11 02:00:00,2025-11-11,2,2025,11,11
2025-11-11T03:00:00,2025-11-11T04:00:00,101,0,0.7464,,0.101168,212.359939,2025-11-11 03:00:00,2025-11-11,3,2025,11,11
2025-11-11T04:00:00,2025-11-11T05:00:00,101,0,0.1909,,0.129576,221.069577,2025-11-11 04:00:00,2025-11-11,4,2025,11,11
2025-11-11T05:00:00,2025-11-11T06:00:00,101,0,0.8879,,0.474147,242.472118,2025-11-11 05:00:00,2025-11-11,5,2025,11,11
2025-11-11T06:00:00,2025-11-11T07:00:00,101,0.002,1.5632,,0.480102,252.104615,2025-11-11 06:00:00,2025-11-11,6,2025,11,11
2025-11-11T07:00:00,2025-11-11T08:00:00,101,0.276,2.2627,,0.599818,244.480652,2025-11-11 07:00:00,2025-11-11,7,2025,11,11
2025-11-11T08:00:00,2025-11-11T09:00:00,101,1.608,1.4138,,0.366503,226.901121,2025-11-11 08:00:00,2025-11-11,8,2025,11,11
2025-11-11T09:00:00,2025-11-11T10:00:00,101,3.878,0.0568,,0.125965,226.819595,2025-11-11 09:00:00,2025-11-11,9,2025,11,11
2025-11-11T10:00:00,2025-11-11T11:00:00,101,1.311,1.6834,,0.714085,227.951512,2025-11-11 10:00:00,2025-11-11,10,2025,11,11
2025-11-11T11:00:00,2025-11-11T12:00:00,101,1.039,1.8763,,0.877967,228.735928,2025-11-11 11:00:00,2025-11-11,11,2025,11,11
2025-11-11T12:00:00,2025-11-11T13:00:00,101,0.604,1.1305,,0.689689,242.576193,2025-11-11 12:00:00,2025-11-11,12,2025,11,11
2025-11-11T13:00:00,2025-11-11T14:00:00,101,0.607,0.3152,,0.341606,250.31902,2025-11-11 13:00:00,2025-11-11,13,2025,11,11
2025-11-11T14:00:00,2025-11-11T15:00:00,101,0.083,1.0253,,0.565137,251.564289,2025-11-11 14:00:00,2025-11-11,14,2025,11,11
2025-11-11T15:00:00,2025-11-11T16:00:00,101,0.002,2.7743,,0.729531,253.453518,2025-11-11 15:00:00,2025-11-11,15,2025,11,11
2025-11-11T16:00:00,2025-11-11T17:00:00,101,0,2.2589,,0.446997,253.277132,2025-11-11 16:00:00,2025-11-11,16,2025,11,11
2025-11-11T17:00:00,2025-11-11T18:00:00,101,0,2.8281,,0.674228,252.981413,2025-11-11 17:00:00,2025-11-11,17,2025,11,11
2025-11-11T18:00:00,2025-11-11T19:00:00,101,0,5.175,,0.892884,242.33032,2025-11-11 18:00:00,2025-11-11,18,2025,11,11
2025-11-11T19:00:00,2025-11-11T20:00:00,101,0,3.6582,,0.749027,241.920822,2025-11-11 19:00:00,2025-11-11,19,2025,11,11
2025-11-11T20:00:00,2025-11-11T21:00:00,101,0,3.257,,0.716082,239.547515,2025-11-11 20:00:00,2025-11-11,20,2025,11,11
2025-11-11T21:00:00,2025-11-11T22:00:00,101,0,6.0833,,1.288506,237.327883,2025-11-11 21:00:00,2025-11-11,21,2025,11,11
2025-11-11T22:00:00,2025-11-11T23:00:00,101,0,7.0513,,1.805112,229.202658,2025-11-11 22:00:00,2025-11-11,22,2025,11,11
2025-11-11T23:00:00,2025-11-12T00:00:00,101,0,5.8257,,1.027713,232.097799,2025-11-11 23:00:00,2025-11-11,23,2025,11,11
2025-11-12T00:00:00,2025-11-12T01:00:00,101,0,3.1632,,1.062628,231.400091,2025-11-12 00:00:00,2025-11-12,0,2025,11,12
2025-11-12T01:00:00,2025-11-12T02:00:00,101,0,2.942,,1.108848,230.856505,2025-11-12 01:00:00,2025-11-12,1,2025,11,12
2025-11-12T02:00:00,2025-11-12T03:00:00,101,0,1.9965,,1.262625,231.141467,2025-11-12 02:00:00,2025-11-12,2,2025,11,12
2025-11-12T03:00:00,2025-11-12T04:00:00,101,0,5.974,,2.386461,231.330675,2025-11-12 03:00:00,2025-11-12,3,2025,11,12
2025-11-12T04:00:00,2025-11-12T05:00:00,101,0,7.5137,,2.871856,232.548959,2025-11-12 04:00:00,2025-11-12,4,2025,11,12
2025-11-12T05:00:00,2025-11-12T06:00:00,101,0,5.3263,,3.17832,245.045239,2025-11-12 05:00:00,2025-11-12,5,2025,11,12
2025-11-12T06:00:00,2025-11-12T07:00:00,101,0.003,8.4691,,4.202976,254.487287,2025-11-12 06:00:00,2025-11-12,6,2025,11,12
2025-11-12T07:00:00,2025-11-12T08:00:00,101,0.249,11.1988,,5.829446,252.533219,2025-11-12 07:00:00,2025-11-12,7,2025,11,12
2025-11-12T08:00:00,2025-11-12T09:00:00,101,1.232,11.9585,,6.835826,247.674292,2025-11-12 08:00:00,2025-11-12,8,2025,11,12
2025-11-12T09:00:00,2025-11-12T10:00:00,101,2.198,16.8765,,6.880866,245.838689,2025-11-12 09:00:00,2025-11-12,9,2025,11,12
2025-11-12T10:00:00,2025-11-12T11:00:00,101,1.238,16.6662,,6.584392,250.835588,2025-11-12 10:00:00,2025-11-12,10,2025,11,12
2025-11-12T11:00:00,2025-11-12T12:00:00,101,1.197,15.9029,,5.325253,255.308174,2025-11-12 11:00:00,2025-11-12,11,2025,11,12
2025-11-12T12:00:00,2025-11-12T13:00:00,101,0.988,12.6812,,4.428369,254.70674,2025-11-12 12:00:00,2025-11-12,12,2025,11,12
2025-11-12T13:00:00,2025-11-12T14:00:00,101,0.363,14.1338,,5.462512,253.889939,2025-11-12 13:00:00,2025-11-12,13,2025,11,12
2025-11-12T14:00:00,2025-11-12T15:00:00,101,0.066,16.8934,,4.775134,252.432674,2025-11-12 14:00:00,2025-11-12,14,2025,11,12
2025-11-12T15:00:00,2025-11-12T16:00:00,101,0.002,14.1076,,4.045035,253.412401,2025-11-12 15:00:00,2025-11-12,15,2025,11,12
2025-11-12T16:00:00,2025-11-12T17:00:00,101,0,14.1598,,4.159106,254.158455,2025-11-12 16:00:00,2025-11-12,16,2025,11,12
2025-11-12T17:00:00,2025-11-12T18:00:00,101,0,11.8738,,3.074719,254.381088,2025-11-12 17:00:00,2025-11-12,17,2025,11,12
2025-11-12T18:00:00,2025-11-12T19:00:00,101,0,9.0464,,2.492725,252.669309,2025-11-12 18:00:00,2025-11-12,18,2025,11,12
2025-11-12T19:00:00,2025-11-12T20:00:00,101,0,9.6848,,2.662983,211.131421,2025-11-12 19:00:00,2025-11-12,19,2025,11,12
2025-11-12T20:00:00,2025-11-12T21:00:00,101,0,8.6839,,2.240673,84.679066,2025-11-12 20:00:00,2025-11-12,20,2025,11,12
2025-11-12T21:00:00,2025-11-12T22:00:00,101,0,3.5727,,1.195339,53.237974,2025-11-12 21:00:00,2025-11-12,21,2025,11,12
2025-11-12T22:00:00,2025-11-12T23:00:00,101,0,6.8886,,1.861549,50.452655,2025-11-12 22:00:00,2025-11-12,22,2025,11,12
2025-11-12T23:00:00,2025-11-13T00:00:00,101,0,10.022,,2.649039,50.379698,2025-11-12 23:00:00,2025-11-12,23,2025,11,12
2025-11-13T00:00:00,2025-11-13T01:00:00,101,0,13.3506,,3.201826,34.589747,2025-11-13 00:00:00,2025-11-13,0,2025,11,13
2025-11-13T01:00:00,2025-11-13T02:00:00,101,0,10.4979,,2.506869,28.059098,2025-11-13 01:00:00,2025-11-13,1,2025,11,13
2025-11-13T02:00:00,2025-11-13T03:00:00,101,0,9.3239,,2.736179,40.309388,2025-11-13 02:00:00,2025-11-13,2,2025,11,13
2025-11-13T03:00:00,2025-11-13T04:00:00,101,0,9.5948,,2.110318,42.087357,2025-11-13 03:00:00,2025-11-13,3,2025,11,13
2025-11-13T04:00:00,2025-11-13T05:00:00,101,0,6.2895,,1.681665,82.769169,2025-11-13 04:00:00,2025-11-13,4,2025,11,13
2025-11-13T05:00:00,2025-11-13T06:00:00,101,0,7.7393,,2.183781,166.935276,2025-11-13 05:00:00,2025-11-13,5,2025,11,13
2025-11-13T06:00:00,2025-11-13T07:00:00,101,0.004,5.4166,,1.806188,236.520474,2025-11-13 06:00:00,2025-11-13,6,2025,11,13
2025-11-13T07:00:00,2025-11-13T08:00:00,101,0.725,6.4736,,2.309869,238.136102,2025-11-13 07:00:00,2025-11-13,7,2025,11,13
2025-11-13T08:00:00,2025-11-13T09:00:00,101,3.525,10.4652,,2.701834,238.826141,2025-11-13 08:00:00,2025-11-13,8,2025,11,13
2025-11-13T09:00:00,2025-11-13T10:00:00,101,4.493,9.3915,,1.97785,238.18774,2025-11-13 09:00:00,2025-11-13,9,2025,11,13
2025-11-13T10:00:00,2025-11-13T11:00:00,101,3.472,14.709,,2.955735,237.100358,2025-11-13 10:00:00,2025-11-13,10,2025,11,13
2025-11-13T11:00:00,2025-11-13T12:00:00,101,2.292,14.0446,,2.634501,237.70245,2025-11-13 11:00:00,2025-11-13,11,2025,11,13
2025-11-13T12:00:00,2025-11-13T13:00:00,101,1.893,20.3009,,4.596083,237.022903,2025-11-13 12:00:00,2025-11-13,12,2025,11,13
2025-11-13T13:00:00,2025-11-13T14:00:00,101,0.725,23.7067,,4.747996,236.941583,2025-11-13 13:00:00,2025-11-13,13,2025,11,13
2025-11-13T14:00:00,2025-11-13T15:00:00,101,0.2,25.0279,,4.614608,235.036459,2025-11-13 14:00:00,2025-11-13,14,2025,11,13
2025-11-13T15:00:00,2025-11-13T16:00:00,101,0.003,22.425,,4.068232,229.757841,2025-11-13 15:00:00,2025-11-13,15,2025,11,13
2025-11-13T16:00:00,2025-11-13T17:00:00,101,0,19.6107,,3.430411,241.798035,2025-11-13 16:00:00,2025-11-13,16,2025,11,13
2025-11-13T17:00:00,2025-11-13T18:00:00,101,0,27.1168,,6.570931,252.708017,2025-11-13 17:00:00,2025-11-13,17,2025,11,13
2025-11-13T18:00:00,2025-11-13T19:00:00,101,0,28.7413,,7.999696,247.699921,2025-11-13 18:00:00,2025-11-13,18,2025,11,13
2025-11-13T19:00:00,2025-11-13T20:00:00,101,0,26.7093,,6.982208,216.76351,2025-11-13 19:00:00,2025-11-13,19,2025,11,13
2025-11-13T20:00:00,2025-11-13T21:00:00,101,0,23.3617,,5.871553,219.151855,2025-11-13 20:00:00,2025-11-13,20,2025,11,13
2025-11-13T21:00:00,2025-11-13T22:00:00,101,0,13.965,,3.067499,210.958055,2025-11-13 21:00:00,2025-11-13,21,2025,11,13
2025-11-13T22:00:00,2025-11-13T23:00:00,101,0,11.0906,,2.469277,210.501602,2025-11-13 22:00:00,2025-11-13,22,2025,11,13
2025-11-13T23:00:00,2025-11-14T00:00:00,101,0,9.3222,,2.068906,213.699743,2025-11-13 23:00:00,2025-11-13,23,2025,11,13
2025-11-14T00:00:00,2025-11-14T01:00:00,101,0,2.7616,,0.69474,230.030758,2025-11-14 00:00:00,2025-11-14,0,2025,11,14
2025-11-14T01:00:00,2025-11-14T02:00:00,101,0,2.1848,,0.515614,246.329562,2025-11-14 01:00:00,2025-11-14,1,2025,11,14
2025-11-14T02:00:00,2025-11-14T03:00:00,101,0,1.8424,,0.376971,254.93083,2025-11-14 02:00:00,2025-11-14,2,2025,11,14
2025-11-14T03:00:00,2025-11-14T04:00:00,101,0,0.7117,,0.209011,253.360787,2025-11-14 03:00:00,2025-11-14,3,2025,11,14
2025-11-14T04:00:00,2025-11-14T05:00:00,101,0,0,,0,255.175801,2025-11-14 04:00:00,2025-11-14,4,2025,11,14
2025-11-14T05:00:00,2025-11-14T06:00:00,101,0,0,,0,254.210009,2025-11-14 05:00:00,2025-11-14,5,2025,11,14
2025-11-14T06:00:00,2025-11-14T07:00:00,101,0.001,0,,0,253.214667,2025-11-14 06:00:00,2025-11-14,6,2025,11,14
2025-11-14T07:00:00,2025-11-14T08:00:00,101,0.314,0.0071,,0.000876,253.076599,2025-11-14 07:00:00,2025-11-14,7,2025,11,14
2025-11-14T08:00:00,2025-11-14T09:00:00,101,1.543,0.1207,,0.073057,251.769713,2025-11-14 08:00:00,2025-11-14,8,2025,11,14
2025-11-14T09:00:00,2025-11-14T10:00:00,101,2.308,0.5648,,0.158626,249.417449,2025-11-14 09:00:00,2025-11-14,9,2025,11,14
2025-11-14T10:00:00,2025-11-14T11:00:00,101,2.831,0.3149,,0.077599,252.914061,2025-11-14 10:00:00,2025-11-14,10,2025,11,14
2025-11-14T11:00:00,2025-11-14T12:00:00,101,2.528,1.5694,,0.400226,251.937387,2025-11-14 11:00:00,2025-11-14,11,2025,11,14
2025-11-14T12:00:00,2025-11-14T13:00:00,101,2.855,2.5384,,0.888906,254.898283,2025-11-14 12:00:00,2025-11-14,12,2025,11,14
2025-11-14T13:00:00,2025-11-14T14:00:00,101,1.56,1.5473,,0.554297,253.230405,2025-11-14 13:00:00,2025-11-14,13,2025,11,14
2025-11-14T14:00:00,2025-11-14T15:00:00,101,0.139,2.0731,,0.762759,253.854603,2025-11-14 14:00:00,2025-11-14,14,2025,11,14
2025-11-14T15:00:00,2025-11-14T16:00:00,101,0.002,1.9318,,0.613737,253.388643,2025-11-14 15:00:00,2025-11-14,15,2025,11,14
2025-11-14T16:00:00,2025-11-14T17:00:00,101,0,3.6662,,1.192583,253.806727,2025-11-14 16:00:00,2025-11-14,16,2025,11,14
2025-11-14T17:00:00,2025-11-14T18:00:00,101,0,3.2036,,1.10273,251.214935,2025-11-14 17:00:00,2025-11-14,17,2025,11,14
2025-11-14T18:00:00,2025-11-14T19:00:00,101,0,3.1622,,0.913815,253.574166,2025-11-14 18:00:00,2025-11-14,18,2025,11,14
2025-11-14T19:00:00,2025-11-14T20:00:00,101,0,3.7368,,1.169751,253.09615,2025-11-14 19:00:00,2025-11-14,19,2025,11,14
2025-11-14T20:00:00,2025-11-14T21:00:00,101,0,3.1245,,1.007638,253.041531,2025-11-14 20:00:00,2025-11-14,20,2025,11,14
2025-11-14T21:00:00,2025-11-14T22:00:00,101,0,5.0109,,1.211605,220.394368,2025-11-14 21:00:00,2025-11-14,21,2025,11,14
2025-11-14T22:00:00,2025-11-14T23:00:00,101,0,10.1888,,3.158305,209.341509,2025-11-14 22:00:00,2025-11-14,22,2025,11,14
2025-11-14T23:00:00,2025-11-15T00:00:00,101,0,12.4076,,3.485882,209.549626,2025-11-14 23:00:00,2025-11-14,23,2025,11,14
2025-11-15T00:00:00,2025-11-15T01:00:00,101,0,14.7977,,3.539348,211.351423,2025-11-15 00:00:00,2025-11-15,0,2025,11,15
2025-11-15T01:00:00,2025-11-15T02:00:00,101,0,14.607,,3.520762,213.731559,2025-11-15 01:00:00,2025-11-15,1,2025,11,15
2025-11-15T02:00:00,2025-11-15T03:00:00,101,0,10.0123,,2.867254,213.899555,2025-11-15 02:00:00,2025-11-15,2,2025,11,15
2025-11-15T03:00:00,2025-11-15T04:00:00,101,0,5.306,,1.584977,171.116609,2025-11-15 03:00:00,2025-11-15,3,2025,11,15
2025-11-15T04:00:00,2025-11-15T05:00:00,101,0,4.7951,,1.457665,102.057463,2025-11-15 04:00:00,2025-11-15,4,2025,11,15
2025-11-15T05:00:00,2025-11-15T06:00:00,101,0,5.624,,1.844037,102.256401,2025-11-15 05:00:00,2025-11-15,5,2025,11,15
2025-11-15T06:00:00,2025-11-15T07:00:00,101,0.003,2.0482,,1.195211,106.151011,2025-11-15 06:00:00,2025-11-15,6,2025,11,15
2025-11-15T07:00:00,2025-11-15T08:00:00,101,0.918,1.8369,,0.83369,158.101682,2025-11-15 07:00:00,2025-11-15,7,2025,11,15
2025-11-15T08:00:00,2025-11-15T09:00:00,101,3.783,1.8028,,0.593916,204.199045,2025-11-15 08:00:00,2025-11-15,8,2025,11,15
2025-11-15T09:00:00,2025-11-15T10:00:00,101,6.521,1.9753,,0.658606,203.941567,2025-11-15 09:00:00,2025-11-15,9,2025,11,15
2025-11-15T10:00:00,2025-11-15T11:00:00,101,7.785,2.0309,,0.698883,204.36391,2025-11-15 10:00:00,2025-11-15,10,2025,11,15
2025-11-15T11:00:00,2025-11-15T12:00:00,101,7.468,1.155,,0.348131,206.491033,2025-11-15 11:00:00,2025-11-15,11,2025,11,15
2025-11-15T12:00:00,2025-11-15T13:00:00,101,5.606,0.5302,,0.205223,217.329441,2025-11-15 12:00:00,2025-11-15,12,2025,11,15
2025-11-15T13:00:00,2025-11-15T14:00:00,101,2.879,0.1845,,0.129803,232.144824,2025-11-15 13:00:00,2025-11-15,13,2025,11,15
2025-11-15T14:00:00,2025-11-15T15:00:00,101,0.571,0.7741,,0.314597,251.89056,2025-11-15 14:00:00,2025-11-15,14,2025,11,15
2025-11-15T15:00:00,2025-11-15T16:00:00,101,0.005,1.2696,,0.475872,273.37088,2025-11-15 15:00:00,2025-11-15,15,2025,11,15
2025-11-15T16:00:00,2025-11-15T17:00:00,101,0,1.8448,,0.60099,273.470194,2025-11-15 16:00:00,2025-11-15,16,2025,11,15
2025-11-15T17:00:00,2025-11-15T18:00:00,101,0,2.2484,,0.714904,273.055061,2025-11-15 17:00:00,2025-11-15,17,2025,11,15
2025-11-15T18:00:00,2025-11-15T19:00:00,101,0,2.4552,,0.754959,271.689151,2025-11-15 18:00:00,2025-11-15,18,2025,11,15
2025-11-15T19:00:00,2025-11-15T20:00:00,101,0,3.1373,,0.998841,273.098796,2025-11-15 19:00:00,2025-11-15,19,2025,11,15
2025-11-15T20:00:00,2025-11-15T21:00:00,101,0,3.2993,,1.164002,273.236811,2025-11-15 20:00:00,2025-11-15,20,2025,11,15
2025-11-15T21:00:00,2025-11-15T22:00:00,101,0,1.9144,,0.695848,272.654995,2025-11-15 21:00:00,2025-11-15,21,2025,11,15
2025-11-15T22:00:00,2025-11-15T23:00:00,101,0,1.8883,,0.489073,234.407003,2025-11-15 22:00:00,2025-11-15,22,2025,11,15
2025-11-15T23:00:00,2025-11-16T00:00:00,101,0,0.9284,,0.189112,232.764694,2025-11-15 23:00:00,2025-11-15,23,2025,11,15
2025-11-16T00:00:00,2025-11-16T01:00:00,101,0,0.0511,,0.017118,232.436018,2025-11-16 00:00:00,2025-11-16,0,2025,11,16
2025-11-16T01:00:00,2025-11-16T02:00:00,101,0,0,,0,228.552473,2025-11-16 01:00:00,2025-11-16,1,2025,11,16
2025-11-16T02:00:00,2025-11-16T03:00:00,101,0,0,,0,221.488421,2025-11-16 02:00:00,2025-11-16,2,2025,11,16
2025-11-16T03:00:00,2025-11-16T04:00:00,101,0,0,,0,221.344942,2025-11-16 03:00:00,2025-11-16,3,2025,11,16
2025-11-16T04:00:00,2025-11-16T05:00:00,101,0,0,,0.00006,221.368914,2025-11-16 04:00:00,2025-11-16,4,2025,11,16
2025-11-16T05:00:00,2025-11-16T06:00:00,101,0,0,,0.000126,225.339827,2025-11-16 05:00:00,2025-11-16,5,2025,11,16
2025-11-16T06:00:00,2025-11-16T07:00:00,101,0.003,0,,0.013587,262.285179,2025-11-16 06:00:00,2025-11-16,6,2025,11,16
2025-11-16T07:00:00,2025-11-16T08:00:00,101,0.412,0,,0,262.878325,2025-11-16 07:00:00,2025-11-16,7,2025,11,16
2025-11-16T08:00:00,2025-11-16T09:00:00,101,2.733,0,,0.00027,262.952614,2025-11-16 08:00:00,2025-11-16,8,2025,11,16
2025-11-16T09:00:00,2025-11-16T10:00:00,101,3.627,0.0064,,0.0013,259.930556,2025-11-16 09:00:00,2025-11-16,9,2025,11,16
2025-11-16T10:00:00,2025-11-16T11:00:00,101,3.654,0.1567,,0.064173,225.604005,2025-11-16 10:00:00,2025-11-16,10,2025,11,16
2025-11-16T11:00:00,2025-11-16T12:00:00,101,3.821,0.5543,,0.165054,227.163663,2025-11-16 11:00:00,2025-11-16,11,2025,11,16
2025-11-16T12:00:00,2025-11-16T13:00:00,101,4.502,1.0933,,0.269994,231.666039,2025-11-16 12:00:00,2025-11-16,12,2025,11,16
2025-11-16T13:00:00,2025-11-16T14:00:00,101,1.596,1.522,,0.483286,233.229823,2025-11-16 13:00:00,2025-11-16,13,2025,11,16
2025-11-16T14:00:00,2025-11-16T15:00:00,101,0.301,2.3952,,0.887855,267.345584,2025-11-16 14:00:00,2025-11-16,14,2025,11,16
2025-11-16T15:00:00,2025-11-16T16:00:00,101,0.002,2.4707,,1.206592,271.433576,2025-11-16 15:00:00,2025-11-16,15,2025,11,16
2025-11-16T16:00:00,2025-11-16T17:00:00,101,0,4.6917,,1.539385,270.930391,2025-11-16 16:00:00,2025-11-16,16,2025,11,16
2025-11-16T17:00:00,2025-11-16T18:00:00,101,0,4.7928,,1.603241,272.89446,2025-11-16 17:00:00,2025-11-16,17,2025,11,16
2025-11-16T18:00:00,2025-11-16T19:00:00,101,0,3.5226,,1.449291,271.882007,2025-11-16 18:00:00,2025-11-16,18,2025,11,16
2025-11-16T19:00:00,2025-11-16T20:00:00,101,0,4.7463,,1.700258,239.57491,2025-11-16 19:00:00,2025-11-16,19,2025,11,16
2025-11-16T20:00:00,2025-11-16T21:00:00,101,0,8.0157,,2.327573,231.559848,2025-11-16 20:00:00,2025-11-16,20,2025,11,16
2025-11-16T21:00:00,2025-11-16T22:00:00,101,0,6.0696,,1.861835,231.708323,2025-11-16 21:00:00,2025-11-16,21,2025,11,16
2025-11-16T22:00:00,2025-11-16T23:00:00,101,0,5.7488,,1.868798,227.774221,2025-11-16 22:00:00,2025-11-16,22,2025,11,16
2025-11-16T23:00:00,2025-11-17T00:00:00,101,0,6.1476,,1.933723,212.366781,2025-11-16 23:00:00,2025-11-16,23,2025,11,16
2025-11-17T00:00:00,2025-11-17T01:00:00,101,0,4.6619,,1.736962,213.918448,2025-11-17 00:00:00,2025-11-17,0,2025,11,17
2025-11-17T01:00:00,2025-11-17T02:00:00,101,0,9.9057,,2.895169,197.970785,2025-11-17 01:00:00,2025-11-17,1,2025,11,17
2025-11-17T02:00:00,2025-11-17T03:00:00,101,0,8.6917,,2.487592,197.63664,2025-11-17 02:00:00,2025-11-17,2,2025,11,17
2025-11-17T03:00:00,2025-11-17T04:00:00,101,0,3.3507,,0.978197,178.232947,2025-11-17 03:00:00,2025-11-17,3,2025,11,17
2025-11-17T04:00:00,2025-11-17T05:00:00,101,0,1.6278,,0.823446,172.683785,2025-11-17 04:00:00,2025-11-17,4,2025,11,17
2025-11-17T05:00:00,2025-11-17T06:00:00,101,0,0,,0.00052,178.158215,2025-11-17 05:00:00,2025-11-17,5,2025,11,17
2025-11-17T06:00:00,2025-11-17T07:00:00,101,0.003,0.1421,,0.218749,243.978684,2025-11-17 06:00:00,2025-11-17,6,2025,11,17
2025-11-17T07:00:00,2025-11-17T08:00:00,101,0.713,0.4388,,0.244063,249.141225,2025-11-17 07:00:00,2025-11-17,7,2025,11,17
2025-11-17T08:00:00,2025-11-17T09:00:00,101,3.834,2.5676,,1.013984,248.450224,2025-11-17 08:00:00,2025-11-17,8,2025,11,17
2025-11-17T09:00:00,2025-11-17T10:00:00,101,4.735,6.0408,,2.554944,249.801919,2025-11-17 09:00:00,2025-11-17,9,2025,11,17
2025-11-17T10:00:00,2025-11-17T11:00:00,101,6.147,7.29,,5.58761,249.245794,2025-11-17 10:00:00,2025-11-17,10,2025,11,17
2025-11-17T11:00:00,2025-11-17T12:00:00,101,6.971,9.7089,,5.379269,250.829949,2025-11-17 11:00:00,2025-11-17,11,2025,11,17
2025-11-17T12:00:00,2025-11-17T13:00:00,101,5.22,12.279,,3.810358,251.712023,2025-11-17 12:00:00,2025-11-17,12,2025,11,17
2025-11-17T13:00:00,2025-11-17T14:00:00,101,2.453,13.5069,,3.59645,251.938747,2025-11-17 13:00:00,2025-11-17,13,2025,11,17
2025-11-17T14:00:00,2025-11-17T15:00:00,101,0.487,12.5738,,3.367688,243.199277,2025-11-17 14:00:00,2025-11-17,14,2025,11,17
2025-11-17T15:00:00,2025-11-17T16:00:00,101,0.004,3.7379,,0.886847,244.838139,2025-11-17 15:00:00,2025-11-17,15,2025,11,17
2025-11-17T16:00:00,2025-11-17T17:00:00,101,0,2.6736,,0.821487,244.175407,2025-11-17 16:00:00,2025-11-17,16,2025,11,17
2025-11-17T17:00:00,2025-11-17T18:00:00,101,0,7.6507,,2.179301,244.368198,2025-11-17 17:00:00,2025-11-17,17,2025,11,17
2025-11-17T18:00:00,2025-11-17T19:00:00,101,0,4.504,,1.560712,244.352354,2025-11-17 18:00:00,2025-11-17,18,2025,11,17
2025-11-17T19:00:00,2025-11-17T20:00:00,101,0,2.1565,,1.04708,242.950194,2025-11-17 19:00:00,2025-11-17,19,2025,11,17
2025-11-17T20:00:00,2025-11-17T21:00:00,101,0,1.613,,0.810168,244.17852,2025-11-17 20:00:00,2025-11-17,20,2025,11,17
2025-11-17T21:00:00,2025-11-17T22:00:00,101,0,2.0522,,0.751553,245.670901,2025-11-17 21:00:00,2025-11-17,21,2025,11,17
2025-11-17T22:00:00,2025-11-17T23:00:00,101,0,0.2599,,0.125616,245.25594,2025-11-17 22:00:00,2025-11-17,22,2025,11,17
2025-11-17T23:00:00,2025-11-18T00:00:00,101,0,1.5989,,0.74782,244.292371,2025-11-17 23:00:00,2025-11-17,23,2025,11,17
2025-11-18T00:00:00,2025-11-18T01:00:00,101,0,3.8865,,1.376743,244.281971,2025-11-18 00:00:00,2025-11-18,0,2025,11,18
2025-11-18T01:00:00,2025-11-18T02:00:00,101,0,4.078,,1.560604,244.367051,2025-11-18 01:00:00,2025-11-18,1,2025,11,18
2025-11-18T02:00:00,2025-11-18T03:00:00,101,0,4.5441,,1.507752,244.374198,2025-11-18 02:00:00,2025-11-18,2,2025,11,18
2025-11-18T03:00:00,2025-11-18T04:00:00,101,0,1.8017,,0.853672,243.390407,2025-11-18 03:00:00,2025-11-18,3,2025,11,18
2025-11-18T04:00:00,2025-11-18T05:00:00,101,0,2.1667,,1.188424,244.109818,2025-11-18 04:00:00,2025-11-18,4,2025,11,18
2025-11-18T05:00:00,2025-11-18T06:00:00,101,0,4.8453,,1.968296,244.09416,2025-11-18 05:00:00,2025-11-18,5,2025,11,18
2025-11-18T06:00:00,2025-11-18T07:00:00,101,0.003,6.0347,,2.385436,242.835023,2025-11-18 06:00:00,2025-11-18,6,2025,11,18
2025-11-18T07:00:00,2025-11-18T08:00:00,101,0.6,9.8421,,3.704533,242.36822,2025-11-18 07:00:00,2025-11-18,7,2025,11,18
2025-11-18T08:00:00,2025-11-18T09:00:00,101,3.309,10.2066,,3.332774,245.753277,2025-11-18 08:00:00,2025-11-18,8,2025,11,18
2025-11-18T09:00:00,2025-11-18T10:00:00,101,3.389,10.3219,,2.822241,244.946754,2025-11-18 09:00:00,2025-11-18,9,2025,11,18
2025-11-18T10:00:00,2025-11-18T11:00:00,101,5.444,8.3863,,2.278493,233.66366,2025-11-18 10:00:00,2025-11-18,10,2025,11,18
2025-11-18T11:00:00,2025-11-18T12:00:00,101,5.947,8.8742,,3.035585,241.587232,2025-11-18 11:00:00,2025-11-18,11,2025,11,18
2025-11-18T12:00:00,2025-11-18T13:00:00,101,4.191,9.0885,,2.536513,245.91834,2025-11-18 12:00:00,2025-11-18,12,2025,11,18
2025-11-18T13:00:00,2025-11-18T14:00:00,101,1.485,8.6433,,2.149906,244.648329,2025-11-18 13:00:00,2025-11-18,13,2025,11,18
2025-11-18T14:00:00,2025-11-18T15:00:00,101,0.378,6.9832,,2.460122,246.37308,2025-11-18 14:00:00,2025-11-18,14,2025,11,18
2025-11-18T15:00:00,2025-11-18T16:00:00,101,0.001,6.4795,,2.676862,246.856657,2025-11-18 15:00:00,2025-11-18,15,2025,11,18
2025-11-18T16:00:00,2025-11-18T17:00:00,101,0,4.4903,,1.477234,247.169118,2025-11-18 16:00:00,2025-11-18,16,2025,11,18
2025-11-18T17:00:00,2025-11-18T18:00:00,101,0,2.2908,,0.929794,244.912411,2025-11-18 17:00:00,2025-11-18,17,2025,11,18
2025-11-18T18:00:00,2025-11-18T19:00:00,101,0,3.572,,1.146732,245.420406,2025-11-18 18:00:00,2025-11-18,18,2025,11,18
2025-11-18T19:00:00,2025-11-18T20:00:00,101,0,3.1242,,1.1625,245.029525,2025-11-18 19:00:00,2025-11-18,19,2025,11,18
2025-11-18T20:00:00,2025-11-18T21:00:00,101,0,2.5839,,0.714027,244.924937,2025-11-18 20:00:00,2025-11-18,20,2025,11,18
2025-11-18T21:00:00,2025-11-18T22:00:00,101,0,3.0325,,0.660978,244.799273,2025-11-18 21:00:00,2025-11-18,21,2025,11,18
2025-11-18T22:00:00,2025-11-18T23:00:00,101,0,1.3529,,0.321589,238.934401,2025-11-18 22:00:00,2025-11-18,22,2025,11,18
2025-11-18T23:00:00,2025-11-19T00:00:00,101,0,1.9875,,0.570685,222.781163,2025-11-18 23:00:00,2025-11-18,23,2025,11,18
2025-11-19T00:00:00,2025-11-19T01:00:00,101,0,2.4626,,0.753658,223.834401,2025-11-19 00:00:00,2025-11-19,0,2025,11,19
2025-11-19T01:00:00,2025-11-19T02:00:00,101,0,1.4033,,0.413839,225.075246,2025-11-19 01:00:00,2025-11-19,1,2025,11,19
2025-11-19T02:00:00,2025-11-19T03:00:00,101,0,0.9365,,0.333165,224.358594,2025-11-19 02:00:00,2025-11-19,2,2025,11,19
2025-11-19T03:00:00,2025-11-19T04:00:00,101,0,0.927,,0.378278,222.502439,2025-11-19 03:00:00,2025-11-19,3,2025,11,19
2025-11-19T04:00:00,2025-11-19T05:00:00,101,0,0.115,,0.189279,242.122465,2025-11-19 04:00:00,2025-11-19,4,2025,11,19
2025-11-19T05:00:00,2025-11-19T06:00:00,101,0,0.4416,,0.436029,244.752804,2025-11-19 05:00:00,2025-11-19,5,2025,11,19
2025-11-19T06:00:00,2025-11-19T07:00:00,101,0.003,0.7949,,0.431788,244.979909,2025-11-19 06:00:00,2025-11-19,6,2025,11,19
2025-11-19T07:00:00,2025-11-19T08:00:00,101,0.582,0.9796,,0.495003,249.415641,2025-11-19 07:00:00,2025-11-19,7,2025,11,19
2025-11-19T08:00:00,2025-11-19T09:00:00,101,2.496,1.1192,,0.220101,251.783786,2025-11-19 08:00:00,2025-11-19,8,2025,11,19
2025-11-19T09:00:00,2025-11-19T10:00:00,101,3.812,0.0993,,0.06181,244.230398,2025-11-19 09:00:00,2025-11-19,9,2025,11,19
2025-11-19T10:00:00,2025-11-19T11:00:00,101,4.911,0,,0,251.090074,2025-11-19 10:00:00,2025-11-19,10,2025,11,19
2025-11-19T11:00:00,2025-11-19T12:00:00,101,2.643,0,,0,253.396054,2025-11-19 11:00:00,2025-11-19,11,2025,11,19
2025-11-19T12:00:00,2025-11-19T13:00:00,101,1.782,0,,0,267.570108,2025-11-19 12:00:00,2025-11-19,12,2025,11,19
2025-11-19T13:00:00,2025-11-19T14:00:00,101,0.704,0,,0,267.927344,2025-11-19 13:00:00,2025-11-19,13,2025,11,19
2025-11-19T14:00:00,2025-11-19T15:00:00,101,0.082,0,,0.002004,270.25911,2025-11-19 14:00:00,2025-11-19,14,2025,11,19
2025-11-19T15:00:00,2025-11-19T16:00:00,101,0.001,0,,0,271.340309,2025-11-19 15:00:00,2025-11-19,15,2025,11,19
2025-11-19T16:00:00,2025-11-19T17:00:00,101,0,0,,0,270.339122,2025-11-19 16:00:00,2025-11-19,16,2025,11,19
2025-11-19T17:00:00,2025-11-19T18:00:00,101,0,0.1265,,0.028406,270.866836,2025-11-19 17:00:00,2025-11-19,17,2025,11,19
2025-11-19T18:00:00,2025-11-19T19:00:00,101,0,0.6592,,0.232411,272.009832,2025-11-19 18:00:00,2025-11-19,18,2025,11,19
2025-11-19T19:00:00,2025-11-19T20:00:00,101,0,2.5484,,0.605606,271.02506,2025-11-19 19:00:00,2025-11-19,19,2025,11,19
2025-11-19T20:00:00,2025-11-19T21:00:00,101,0,3.1683,,0.605732,273.812069,2025-11-19 20:00:00,2025-11-19,20,2025,11,19
2025-11-19T21:00:00,2025-11-19T22:00:00,101,0,3.0557,,0.686162,268.131412,2025-11-19 21:00:00,2025-11-19,21,2025,11,19
2025-11-19T22:00:00,2025-11-19T23:00:00,101,0,2.697,,0.786484,272.654909,2025-11-19 22:00:00,2025-11-19,22,2025,11,19
2025-11-19T23:00:00,2025-11-20T00:00:00,101,0,4.2365,,1.671874,273.330384,2025-11-19 23:00:00,2025-11-19,23,2025,11,19
2025-11-20T00:00:00,2025-11-20T01:00:00,101,0,8.8254,,3.45721,273.989692,2025-11-20 00:00:00,2025-11-20,0,2025,11,20
2025-11-20T01:00:00,2025-11-20T02:00:00,101,0,11.7645,,4.364396,272.325561,2025-11-20 01:00:00,2025-11-20,1,2025,11,20
2025-11-20T02:00:00,2025-11-20T03:00:00,101,0,14.517,,5.417487,271.784778,2025-11-20 02:00:00,2025-11-20,2,2025,11,20
2025-11-20T03:00:00,2025-11-20T04:00:00,101,0,14.1188,,5.332514,274.180473,2025-11-20 03:00:00,2025-11-20,3,2025,11,20
2025-11-20T04:00:00,2025-11-20T05:00:00,101,0,16.946,,6.862235,274.66685,2025-11-20 04:00:00,2025-11-20,4,2025,11,20
2025-11-20T05:00:00,2025-11-20T06:00:00,101,0,16.5099,,7.293923,274.348691,2025-11-20 05:00:00,2025-11-20,5,2025,11,20
2025-11-20T06:00:00,2025-11-20T07:00:00,101,0,16.7462,,7.807538,272.64684,2025-11-20 06:00:00,2025-11-20,6,2025,11,20
2025-11-20T07:00:00,2025-11-20T08:00:00,101,0.049,17.4064,,8.052146,273.193642,2025-11-20 07:00:00,2025-11-20,7,2025,11,20
2025-11-20T08:00:00,2025-11-20T09:00:00,101,0.322,16.3389,,7.472429,269.851876,2025-11-20 08:00:00,2025-11-20,8,2025,11,20
2025-11-20T09:00:00,2025-11-20T10:00:00,101,1.109,13.6413,,8.196475,271.903125,2025-11-20 09:00:00,2025-11-20,9,2025,11,20
2025-11-20T10:00:00,2025-11-20T11:00:00,101,0.836,13.499,,8.290533,268.572562,2025-11-20 10:00:00,2025-11-20,10,2025,11,20
2025-11-20T11:00:00,2025-11-20T12:00:00,101,0.592,15.9963,,8.148424,268.699765,2025-11-20 11:00:00,2025-11-20,11,2025,11,20
2025-11-20T12:00:00,2025-11-20T13:00:00,101,0.339,17.2901,,8.442842,271.394989,2025-11-20 12:00:00,2025-11-20,12,2025,11,20
2025-11-20T13:00:00,2025-11-20T14:00:00,101,0.07,19.3677,,6.270464,270.256412,2025-11-20 13:00:00,2025-11-20,13,2025,11,20
2025-11-20T14:00:00,2025-11-20T15:00:00,101,0.006,21.1114,,4.973925,268.129416,2025-11-20 14:00:00,2025-11-20,14,2025,11,20
2025-11-20T15:00:00,2025-11-20T16:00:00,101,0.001,19.0226,,4.688054,269.709664,2025-11-20 15:00:00,2025-11-20,15,2025,11,20
2025-11-20T16:00:00,2025-11-20T17:00:00,101,0,16.9491,,4.244254,271.132508,2025-11-20 16:00:00,2025-11-20,16,2025,11,20
2025-11-20T17:00:00,2025-11-20T18:00:00,101,0,17.6566,,4.147368,273.106064,2025-11-20 17:00:00,2025-11-20,17,2025,11,20
2025-11-20T18:00:00,2025-11-20T19:00:00,101,0,13.8971,,2.659608,272.15625,2025-11-20 18:00:00,2025-11-20,18,2025,11,20
2025-11-20T19:00:00,2025-11-20T20:00:00,101,0,9.433,,1.909692,272.872255,2025-11-20 19:00:00,2025-11-20,19,2025,11,20
2025-11-20T20:00:00,2025-11-20T21:00:00,101,0,6.8736,,1.639657,273.405768,2025-11-20 20:00:00,2025-11-20,20,2025,11,20
2025-11-20T21:00:00,2025-11-20T22:00:00,101,0,14.5363,,2.291193,274.152108,2025-11-20 21:00:00,2025-11-20,21,2025,11,20
2025-11-20T22:00:00,2025-11-20T23:00:00,101,0,14.1309,,2.761297,274.267048,2025-11-20 22:00:00,2025-11-20,22,2025,11,20
2025-11-20T23:00:00,2025-11-21T00:00:00,101,0,11.5216,,2.933788,273.997461,2025-11-20 23:00:00,2025-11-20,23,2025,11,20
2025-11-21T00:00:00,2025-11-21T01:00:00,101,0,13.9727,,3.344917,254.554168,2025-11-21 00:00:00,2025-11-21,0,2025,11,21
2025-11-21T01:00:00,2025-11-21T02:00:00,101,0,13.4228,,3.159972,253.157431,2025-11-21 01:00:00,2025-11-21,1,2025,11,21
2025-11-21T02:00:00,2025-11-21T03:00:00,101,0,13.9817,,2.829767,252.100941,2025-11-21 02:00:00,2025-11-21,2,2025,11,21
2025-11-21T03:00:00,2025-11-21T04:00:00,101,0,12.5351,,2.605294,251.688024,2025-11-21 03:00:00,2025-11-21,3,2025,11,21
2025-11-21T04:00:00,2025-11-21T05:00:00,101,0,8.9726,,2.191418,251.513628,2025-11-21 04:00:00,2025-11-21,4,2025,11,21
2025-11-21T05:00:00,2025-11-21T06:00:00,101,0,9.5152,,1.726612,251.529929,2025-11-21 05:00:00,2025-11-21,5,2025,11,21
2025-11-21T06:00:00,2025-11-21T07:00:00,101,0,7.3312,,1.863174,251.487091,2025-11-21 06:00:00,2025-11-21,6,2025,11,21
2025-11-21T07:00:00,2025-11-21T08:00:00,101,0.078,5.236,,1.365492,251.338259,2025-11-21 07:00:00,2025-11-21,7,2025,11,21
2025-11-21T08:00:00,2025-11-21T09:00:00,101,0.63,5.5407,,1.094236,251.175138,2025-11-21 08:00:00,2025-11-21,8,2025,11,21
2025-11-21T09:00:00,2025-11-21T10:00:00,101,1.396,4.7354,,0.832544,250.665252,2025-11-21 09:00:00,2025-11-21,9,2025,11,21
2025-11-21T10:00:00,2025-11-21T11:00:00,101,2.088,2.0771,,0.492632,250.221332,2025-11-21 10:00:00,2025-11-21,10,2025,11,21
2025-11-21T11:00:00,2025-11-21T12:00:00,101,2.712,2.1046,,0.424011,251.163093,2025-11-21 11:00:00,2025-11-21,11,2025,11,21
2025-11-21T12:00:00,2025-11-21T13:00:00,101,2.58,1.0681,,0.185532,251.71711,2025-11-21 12:00:00,2025-11-21,12,2025,11,21
2025-11-21T13:00:00,2025-11-21T14:00:00,101,1.292,0.3868,,0.053366,250.437588,2025-11-21 13:00:00,2025-11-21,13,2025,11,21
2025-11-21T14:00:00,2025-11-21T15:00:00,101,0.187,0.1349,,0,249.188162,2025-11-21 14:00:00,2025-11-21,14,2025,11,21
2025-11-21T15:00:00,2025-11-21T16:00:00,101,0.001,0.0178,,0,250.671606,2025-11-21 15:00:00,2025-11-21,15,2025,11,21
2025-11-21T16:00:00,2025-11-21T17:00:00,101,0,0,,0.00451,250.244777,2025-11-21 16:00:00,2025-11-21,16,2025,11,21
2025-11-21T17:00:00,2025-11-21T18:00:00,101,0,0,,0.028832,248.94899,2025-11-21 17:00:00,2025-11-21,17,2025,11,21
2025-11-21T18:00:00,2025-11-21T19:00:00,101,0,0.2161,,0.214653,242.078489,2025-11-21 18:00:00,2025-11-21,18,2025,11,21
2025-11-21T19:00:00,2025-11-21T20:00:00,101,0,1.0433,,0.529766,246.708649,2025-11-21 19:00:00,2025-11-21,19,2025,11,21
2025-11-21T20:00:00,2025-11-21T21:00:00,101,0,2.8205,,1.037198,250.412573,2025-11-21 20:00:00,2025-11-21,20,2025,11,21
2025-11-21T21:00:00,2025-11-21T22:00:00,101,0,4.5246,,1.597115,251.844217,2025-11-21 21:00:00,2025-11-21,21,2025,11,21
2025-11-21T22:00:00,2025-11-21T23:00:00,101,0,4.6126,,1.057189,247.723806,2025-11-21 22:00:00,2025-11-21,22,2025,11,21
2025-11-21T23:00:00,2025-11-22T00:00:00,101,0,3.9773,,1.027594,245.731624,2025-11-21 23:00:00,2025-11-21,23,2025,11,21
2025-11-22T00:00:00,2025-11-22T01:00:00,101,0,4.0764,,1.195629,243.963994,2025-11-22 00:00:00,2025-11-22,0,2025,11,22
2025-11-22T01:00:00,2025-11-22T02:00:00,101,0,4.2719,,1.382346,246.230015,2025-11-22 01:00:00,2025-11-22,1,2025,11,22
2025-11-22T02:00:00,2025-11-22T03:00:00,101,0,7.193,,1.828253,239.415816,2025-11-22 02:00:00,2025-11-22,2,2025,11,22
2025-11-22T03:00:00,2025-11-22T04:00:00,101,0,7.6323,,2.039959,236.467052,2025-11-22 03:00:00,2025-11-22,3,2025,11,22
2025-11-22T04:00:00,2025-11-22T05:00:00,101,0,9.8709,,1.888606,239.222978,2025-11-22 04:00:00,2025-11-22,4,2025,11,22
2025-11-22T05:00:00,2025-11-22T06:00:00,101,0,9.0725,,1.58861,235.899161,2025-11-22 05:00:00,2025-11-22,5,2025,11,22
2025-11-22T06:00:00,2025-11-22T07:00:00,101,0.002,9.1519,,2.082031,245.702069,2025-11-22 06:00:00,2025-11-22,6,2025,11,22
2025-11-22T07:00:00,2025-11-22T08:00:00,101,0.378,8.838,,2.567242,241.150408,2025-11-22 07:00:00,2025-11-22,7,2025,11,22
2025-11-22T08:00:00,2025-11-22T09:00:00,101,1.404,11.3573,,2.784669,244.117574,2025-11-22 08:00:00,2025-11-22,8,2025,11,22
2025-11-22T09:00:00,2025-11-22T10:00:00,101,2.181,9.9408,,2.325942,240.939295,2025-11-22 09:00:00,2025-11-22,9,2025,11,22
2025-11-22T10:00:00,2025-11-22T11:00:00,101,2.85,7.6318,,2.178481,199.151274,2025-11-22 10:00:00,2025-11-22,10,2025,11,22
2025-11-22T11:00:00,2025-11-22T12:00:00,101,4.428,9.5791,,2.401171,186.974758,2025-11-22 11:00:00,2025-11-22,11,2025,11,22
2025-11-22T12:00:00,2025-11-22T13:00:00,101,2.623,10.1918,,2.62202,183.457983,2025-11-22 12:00:00,2025-11-22,12,2025,11,22
2025-11-22T13:00:00,2025-11-22T14:00:00,101,1.252,10.0036,,2.776792,198.810353,2025-11-22 13:00:00,2025-11-22,13,2025,11,22
2025-11-22T14:00:00,2025-11-22T15:00:00,101,0.27,11.7108,,2.932295,242.730116,2025-11-22 14:00:00,2025-11-22,14,2025,11,22
2025-11-22T15:00:00,2025-11-22T16:00:00,101,0.001,12.1676,,3.006481,250.083353,2025-11-22 15:00:00,2025-11-22,15,2025,11,22
2025-11-22T16:00:00,2025-11-22T17:00:00,101,0,12.7034,,3.027201,251.869662,2025-11-22 16:00:00,2025-11-22,16,2025,11,22
2025-11-22T17:00:00,2025-11-22T18:00:00,101,0,12.0471,,2.773712,245.948939,2025-11-22 17:00:00,2025-11-22,17,2025,11,22
2025-11-22T18:00:00,2025-11-22T19:00:00,101,0,12.4537,,2.975796,242.502225,2025-11-22 18:00:00,2025-11-22,18,2025,11,22
2025-11-22T19:00:00,2025-11-22T20:00:00,101,0,15.3975,,3.815306,202.702175,2025-11-22 19:00:00,2025-11-22,19,2025,11,22
2025-11-22T20:00:00,2025-11-22T21:00:00,101,0,14.6438,,3.857936,204.404534,2025-11-22 20:00:00,2025-11-22,20,2025,11,22
2025-11-22T21:00:00,2025-11-22T22:00:00,101,0,15.5932,,3.750492,206.178794,2025-11-22 21:00:00,2025-11-22,21,2025,11,22
2025-11-22T22:00:00,2025-11-22T23:00:00,101,0,15.2853,,4.438612,206.174277,2025-11-22 22:00:00,2025-11-22,22,2025,11,22
2025-11-22T23:00:00,2025-11-23T00:00:00,101,0,14.6826,,4.600099,184.481987,2025-11-22 23:00:00,2025-11-22,23,2025,11,22
2025-11-23T00:00:00,2025-11-23T01:00:00,101,0,14.9428,,4.582066,146.863648,2025-11-23 00:00:00,2025-11-23,0,2025,11,23
2025-11-23T01:00:00,2025-11-23T02:00:00,101,0,11.9005,,3.623404,144.271966,2025-11-23 01:00:00,2025-11-23,1,2025,11,23
2025-11-23T02:00:00,2025-11-23T03:00:00,101,0,12.0011,,3.930654,152.603667,2025-11-23 02:00:00,2025-11-23,2,2025,11,23
2025-11-23T03:00:00,2025-11-23T04:00:00,101,0,12.7226,,4.028319,197.724049,2025-11-23 03:00:00,2025-11-23,3,2025,11,23
2025-11-23T04:00:00,2025-11-23T05:00:00,101,0,14.3215,,4.395332,204.260558,2025-11-23 04:00:00,2025-11-23,4,2025,11,23
2025-11-23T05:00:00,2025-11-23T06:00:00,101,0,16.659,,4.791293,204.895826,2025-11-23 05:00:00,2025-11-23,5,2025,11,23
2025-11-23T06:00:00,2025-11-23T07:00:00,101,0.001,20.3875,,5.720429,204.449229,2025-11-23 06:00:00,2025-11-23,6,2025,11,23
2025-11-23T07:00:00,2025-11-23T08:00:00,101,0.443,22.2444,,6.392901,208.21488,2025-11-23 07:00:00,2025-11-23,7,2025,11,23
2025-11-23T08:00:00,2025-11-23T09:00:00,101,2.378,20.6741,,6.288949,202.715099,2025-11-23 08:00:00,2025-11-23,8,2025,11,23
2025-11-23T09:00:00,2025-11-23T10:00:00,101,5.071,19.206,,5.802371,202.648858,2025-11-23 09:00:00,2025-11-23,9,2025,11,23
2025-11-23T10:00:00,2025-11-23T11:00:00,101,7.154,17.7227,,6.748601,203.11645,2025-11-23 10:00:00,2025-11-23,10,2025,11,23
2025-11-23T11:00:00,2025-11-23T12:00:00,101,7.089,10.7806,,5.561036,203.564364,2025-11-23 11:00:00,2025-11-23,11,2025,11,23
2025-11-23T12:00:00,2025-11-23T13:00:00,101,4.917,7.4088,,4.178764,201.773217,2025-11-23 12:00:00,2025-11-23,12,2025,11,23
2025-11-23T13:00:00,2025-11-23T14:00:00,101,2.012,7.4675,,3.127453,201.337027,2025-11-23 13:00:00,2025-11-23,13,2025,11,23
2025-11-23T14:00:00,2025-11-23T15:00:00,101,0.169,6.6858,,2.61307,200.997954,2025-11-23 14:00:00,2025-11-23,14,2025,11,23
2025-11-23T15:00:00,2025-11-23T16:00:00,101,0.001,12.5968,,3.34115,202.405065,2025-11-23 15:00:00,2025-11-23,15,2025,11,23
2025-11-23T16:00:00,2025-11-23T17:00:00,101,0,21.2849,,5.703532,200.009467,2025-11-23 16:00:00,2025-11-23,16,2025,11,23
2025-11-23T17:00:00,2025-11-23T18:00:00,101,0,24.2632,,6.212233,203.106585,2025-11-23 17:00:00,2025-11-23,17,2025,11,23
2025-11-23T18:00:00,2025-11-23T19:00:00,101,0,24.1555,,6.702756,206.063295,2025-11-23 18:00:00,2025-11-23,18,2025,11,23
2025-11-23T19:00:00,2025-11-23T20:00:00,101,0,24.0396,,6.825948,203.122416,2025-11-23 19:00:00,2025-11-23,19,2025,11,23
2025-11-23T20:00:00,2025-11-23T21:00:00,101,0,22.3667,,6.757941,205.331021,2025-11-23 20:00:00,2025-11-23,20,2025,11,23
2025-11-23T21:00:00,2025-11-23T22:00:00,101,0,24.859,,6.885929,205.070965,2025-11-23 21:00:00,2025-11-23,21,2025,11,23
2025-11-23T22:00:00,2025-11-23T23:00:00,101,0,22.1969,,7.921775,216.211602,2025-11-23 22:00:00,2025-11-23,22,2025,11,23
2025-11-23T23:00:00,2025-11-24T00:00:00,101,0,24.3236,,8.618156,226.932952,2025-11-23 23:00:00,2025-11-23,23,2025,11,23
2025-11-24T00:00:00,2025-11-24T01:00:00,101,0,24.4291,,8.628286,224.879672,2025-11-24 00:00:00,2025-11-24,0,2025,11,24
2025-11-24T01:00:00,2025-11-24T02:00:00,101,0,25.3715,,8.638024,222.72902,2025-11-24 01:00:00,2025-11-24,1,2025,11,24
2025-11-24T02:00:00,2025-11-24T03:00:00,101,0,24.0032,,8.340727,241.430673,2025-11-24 02:00:00,2025-11-24,2,2025,11,24
2025-11-24T03:00:00,2025-11-24T04:00:00,101,0,22.1822,,8.096614,247.885071,2025-11-24 03:00:00,2025-11-24,3,2025,11,24
2025-11-24T04:00:00,2025-11-24T05:00:00,101,0,18.4668,,6.007705,251.498726,2025-11-24 04:00:00,2025-11-24,4,2025,11,24
2025-11-24T05:00:00,2025-11-24T06:00:00,101,0,14.6023,,6.309447,238.459065,2025-11-24 05:00:00,2025-11-24,5,2025,11,24
2025-11-24T06:00:00,2025-11-24T07:00:00,101,0,16.1828,,6.929822,239.628404,2025-11-24 06:00:00,2025-11-24,6,2025,11,24
2025-11-24T07:00:00,2025-11-24T08:00:00,101,0.013,15.337,,6.935029,240.321448,2025-11-24 07:00:00,2025-11-24,7,2025,11,24
2025-11-24T08:00:00,2025-11-24T09:00:00,101,0.158,16.1255,,5.98597,240.847531,2025-11-24 08:00:00,2025-11-24,8,2025,11,24
2025-11-24T09:00:00,2025-11-24T10:00:00,101,0.866,12.9583,,4.314395,247.068858,2025-11-24 09:00:00,2025-11-24,9,2025,11,24
2025-11-24T10:00:00,2025-11-24T11:00:00,101,0.439,10.1728,,4.751986,245.098854,2025-11-24 10:00:00,2025-11-24,10,2025,11,24
2025-11-24T11:00:00,2025-11-24T12:00:00,101,0.231,8.4195,,3.939963,246.964683,2025-11-24 11:00:00,2025-11-24,11,2025,11,24
2025-11-24T12:00:00,2025-11-24T13:00:00,101,0.489,5.8716,,2.629147,244.449959,2025-11-24 12:00:00,2025-11-24,12,2025,11,24
2025-11-24T13:00:00,2025-11-24T14:00:00,101,0.177,3.4829,,2.11412,244.697766,2025-11-24 13:00:00,2025-11-24,13,2025,11,24
2025-11-24T14:00:00,2025-11-24T15:00:00,101,0.027,3.5103,,1.883662,248.071583,2025-11-24 14:00:00,2025-11-24,14,2025,11,24
2025-11-24T15:00:00,2025-11-24T16:00:00,101,0.001,5.1158,,2.236251,234.116506,2025-11-24 15:00:00,2025-11-24,15,2025,11,24
2025-11-24T16:00:00,2025-11-24T17:00:00,101,0,7.8776,,2.436403,234.934062,2025-11-24 16:00:00,2025-11-24,16,2025,11,24
2025-11-24T17:00:00,2025-11-24T18:00:00,101,0,11.8884,,3.544694,237.742308,2025-11-24 17:00:00,2025-11-24,17,2025,11,24
2025-11-24T18:00:00,2025-11-24T19:00:00,101,0,12.3627,,3.463201,241.331923,2025-11-24 18:00:00,2025-11-24,18,2025,11,24
2025-11-24T19:00:00,2025-11-24T20:00:00,101,0,6.4327,,1.699677,241.0959,2025-11-24 19:00:00,2025-11-24,19,2025,11,24
2025-11-24T20:00:00,2025-11-24T21:00:00,101,0,3.3265,,1.056802,240.509964,2025-11-24 20:00:00,2025-11-24,20,2025,11,24
2025-11-24T21:00:00,2025-11-24T22:00:00,101,0,1.9318,,0.501677,239.698952,2025-11-24 21:00:00,2025-11-24,21,2025,11,24
2025-11-24T22:00:00,2025-11-24T23:00:00,101,0,3.8711,,1.031018,241.047674,2025-11-24 22:00:00,2025-11-24,22,2025,11,24
2025-11-24T23:00:00,2025-11-25T00:00:00,101,0,,,0,,2025-11-24 23:00:00,2025-11-24,23,2025,11,24
2025-11-25T00:00:00,2025-11-25T01:00:00,101,0,,,0,,2025-11-25 00:00:00,2025-11-25,0,2025,11,25
2025-11-25T01:00:00,2025-11-25T02:00:00,101,0,,,0,,2025-11-25 01:00:00,2025-11-25,1,2025,11,25
2025-11-25T02:00:00,2025-11-25T03:00:00,101,0,,,0,,2025-11-25 02:00:00,2025-11-25,2,2025,11,25
2025-11-25T03:00:00,2025-11-25T04:00:00,101,0,,,0,,2025-11-25 03:00:00,2025-11-25,3,2025,11,25
2025-11-25T04:00:00,2025-11-25T05:00:00,101,0,,,0,,2025-11-25 04:00:00,2025-11-25,4,2025,11,25
2025-10-31T23:00:00,2025-11-01T00:00:00,147,0,,,0,,2025-10-31 23:00:00,2025-10-31,23,2025,10,31
2025-11-01T00:00:00,2025-11-01T01:00:00,147,0,,,0,,2025-11-01 00:00:00,2025-11-01,0,2025,11,1
2025-11-01T01:00:00,2025-11-01T02:00:00,147,0,,,0,,2025-11-01 01:00:00,2025-11-01,1,2025,11,1
2025-11-01T02:00:00,2025-11-01T03:00:00,147,0,,,0,,2025-11-01 02:00:00,2025-11-01,2,2025,11,1
2025-11-01T03:00:00,2025-11-01T04:00:00,147,0,,,0,,2025-11-01 03:00:00,2025-11-01,3,2025,11,1
2025-11-01T04:00:00,2025-11-01T05:00:00,147,0,,,0,,2025-11-01 04:00:00,2025-11-01,4,2025,11,1
2025-11-01T05:00:00,2025-11-01T06:00:00,147,0,,,0,,2025-11-01 05:00:00,2025-11-01,5,2025,11,1
2025-11-01T06:00:00,2025-11-01T07:00:00,147,0.011,,,0,,2025-11-01 06:00:00,2025-11-01,6,2025,11,1
2025-11-01T07:00:00,2025-11-01T08:00:00,147,0.1,,,0,,2025-11-01 07:00:00,2025-11-01,7,2025,11,1
2025-11-01T08:00:00,2025-11-01T09:00:00,147,0.321,,,0,,2025-11-01 08:00:00,2025-11-01,8,2025,11,1
2025-11-01T09:00:00,2025-11-01T10:00:00,147,0.617,,,0,,2025-11-01 09:00:00,2025-11-01,9,2025,11,1
2025-11-01T10:00:00,2025-11-01T11:00:00,147,0.488,,,0,,2025-11-01 10:00:00,2025-11-01,10,2025,11,1
2025-11-01T11:00:00,2025-11-01T12:00:00,147,0.46,,,0,,2025-11-01 11:00:00,2025-11-01,11,2025,11,1
2025-11-01T12:00:00,2025-11-01T13:00:00,147,0.244,,,0,,2025-11-01 12:00:00,2025-11-01,12,2025,11,1
2025-11-01T13:00:00,2025-11-01T14:00:00,147,0.135,,,0,,2025-11-01 13:00:00,2025-11-01,13,2025,11,1
2025-11-01T14:00:00,2025-11-01T15:00:00,147,0.041,,,0,,2025-11-01 14:00:00,2025-11-01,14,2025,11,1
2025-11-01T15:00:00,2025-11-01T16:00:00,147,0.002,,,0,,2025-11-01 15:00:00,2025-11-01,15,2025,11,1
2025-11-01T16:00:00,2025-11-01T17:00:00,147,0,,,0,,2025-11-01 16:00:00,2025-11-01,16,2025,11,1
2025-11-01T17:00:00,2025-11-01T18:00:00,147,0,,,0,,2025-11-01 17:00:00,2025-11-01,17,2025,11,1
2025-11-01T18:00:00,2025-11-01T19:00:00,147,0,,,0,,2025-11-01 18:00:00,2025-11-01,18,2025,11,1
2025-11-01T19:00:00,2025-11-01T20:00:00,147,0,,,0,,2025-11-01 19:00:00,2025-11-01,19,2025,11,1
2025-11-01T20:00:00,2025-11-01T21:00:00,147,0,,,0,,2025-11-01 20:00:00,2025-11-01,20,2025,11,1
2025-11-01T21:00:00,2025-11-01T22:00:00,147,0,,,0,,2025-11-01 21:00:00,2025-11-01,21,2025,11,1
2025-11-01T22:00:00,2025-11-01T23:00:00,147,0,,,0,,2025-11-01 22:00:00,2025-11-01,22,2025,11,1
2025-11-01T23:00:00,2025-11-02T00:00:00,147,0,,,0,,2025-11-01 23:00:00,2025-11-01,23,2025,11,1
2025-11-02T00:00:00,2025-11-02T01:00:00,147,0,,,0,,2025-11-02 00:00:00,2025-11-02,0,2025,11,2
2025-11-02T01:00:00,2025-11-02T02:00:00,147,0,,,0,,2025-11-02 01:00:00,2025-11-02,1,2025,11,2
2025-11-02T02:00:00,2025-11-02T03:00:00,147,0,,,0,,2025-11-02 02:00:00,2025-11-02,2,2025,11,2
2025-11-02T03:00:00,2025-11-02T04:00:00,147,0,,,0,,2025-11-02 03:00:00,2025-11-02,3,2025,11,2
2025-11-02T04:00:00,2025-11-02T05:00:00,147,0,,,0,,2025-11-02 04:00:00,2025-11-02,4,2025,11,2
2025-11-02T05:00:00,2025-11-02T06:00:00,147,0,,,0,,2025-11-02 05:00:00,2025-11-02,5,2025,11,2
2025-11-02T06:00:00,2025-11-02T07:00:00,147,0.001,,,0,,2025-11-02 06:00:00,2025-11-02,6,2025,11,2
2025-11-02T07:00:00,2025-11-02T08:00:00,147,0.026,,,0,,2025-11-02 07:00:00,2025-11-02,7,2025,11,2
2025-11-02T08:00:00,2025-11-02T09:00:00,147,0.194,,,0,,2025-11-02 08:00:00,2025-11-02,8,2025,11,2
2025-11-02T09:00:00,2025-11-02T10:00:00,147,0.138,,,0,,2025-11-02 09:00:00,2025-11-02,9,2025,11,2
2025-11-02T10:00:00,2025-11-02T11:00:00,147,0.081,,,0,,2025-11-02 10:00:00,2025-11-02,10,2025,11,2
2025-11-02T11:00:00,2025-11-02T12:00:00,147,0.079,,,0,,2025-11-02 11:00:00,2025-11-02,11,2025,11,2
2025-11-02T12:00:00,2025-11-02T13:00:00,147,0.049,,,0,,2025-11-02 12:00:00,2025-11-02,12,2025,11,2
2025-11-02T13:00:00,2025-11-02T14:00:00,147,0.048,,,0,,2025-11-02 13:00:00,2025-11-02,13,2025,11,2
2025-11-02T14:00:00,2025-11-02T15:00:00,147,0.034,,,0,,2025-11-02 14:00:00,2025-11-02,14,2025,11,2
2025-11-02T15:00:00,2025-11-02T16:00:00,147,0.002,,,0,,2025-11-02 15:00:00,2025-11-02,15,2025,11,2
2025-11-02T16:00:00,2025-11-02T17:00:00,147,0,,,0,,2025-11-02 16:00:00,2025-11-02,16,2025,11,2
2025-11-02T17:00:00,2025-11-02T18:00:00,147,0,,,0,,2025-11-02 17:00:00,2025-11-02,17,2025,11,2
2025-11-02T18:00:00,2025-11-02T19:00:00,147,0,,,0,,2025-11-02 18:00:00,2025-11-02,18,2025,11,2
2025-11-02T19:00:00,2025-11-02T20:00:00,147,0,,,0,,2025-11-02 19:00:00,2025-11-02,19,2025,11,2
2025-11-02T20:00:00,2025-11-02T21:00:00,147,0,,,0,,2025-11-02 20:00:00,2025-11-02,20,2025,11,2
2025-11-02T21:00:00,2025-11-02T22:00:00,147,0,,,0,,2025-11-02 21:00:00,2025-11-02,21,2025,11,2
2025-11-02T22:00:00,2025-11-02T23:00:00,147,0,,,0,,2025-11-02 22:00:00,2025-11-02,22,2025,11,2
2025-11-02T23:00:00,2025-11-03T00:00:00,147,0,,,0,,2025-11-02 23:00:00,2025-11-02,23,2025,11,2
2025-11-03T00:00:00,2025-11-03T01:00:00,147,0,,,0,,2025-11-03 00:00:00,2025-11-03,0,2025,11,3
2025-11-03T01:00:00,2025-11-03T02:00:00,147,0,,,0,,2025-11-03 01:00:00,2025-11-03,1,2025,11,3
2025-11-03T02:00:00,2025-11-03T03:00:00,147,0,,,0,,2025-11-03 02:00:00,2025-11-03,2,2025,11,3
2025-11-03T03:00:00,2025-11-03T04:00:00,147,0,,,0,,2025-11-03 03:00:00,2025-11-03,3,2025,11,3
2025-11-03T04:00:00,2025-11-03T05:00:00,147,0,,,0,,2025-11-03 04:00:00,2025-11-03,4,2025,11,3
2025-11-03T05:00:00,2025-11-03T06:00:00,147,0,,,0,,2025-11-03 05:00:00,2025-11-03,5,2025,11,3
2025-11-03T06:00:00,2025-11-03T07:00:00,147,0.001,,,0,,2025-11-03 06:00:00,2025-11-03,6,2025,11,3
2025-11-03T07:00:00,2025-11-03T08:00:00,147,0.04,,,0,,2025-11-03 07:00:00,2025-11-03,7,2025,11,3
2025-11-03T08:00:00,2025-11-03T09:00:00,147,0.197,,,0,,2025-11-03 08:00:00,2025-11-03,8,2025,11,3
2025-11-03T09:00:00,2025-11-03T10:00:00,147,0.372,,,0,,2025-11-03 09:00:00,2025-11-03,9,2025,11,3
2025-11-03T10:00:00,2025-11-03T11:00:00,147,0.825,,,0,,2025-11-03 10:00:00,2025-11-03,10,2025,11,3
2025-11-03T11:00:00,2025-11-03T12:00:00,147,0.654,,,0,,2025-11-03 11:00:00,2025-11-03,11,2025,11,3
2025-11-03T12:00:00,2025-11-03T13:00:00,147,0.695,,,0,,2025-11-03 12:00:00,2025-11-03,12,2025,11,3
2025-11-03T13:00:00,2025-11-03T14:00:00,147,0.252,,,0,,2025-11-03 13:00:00,2025-11-03,13,2025,11,3
2025-11-03T14:00:00,2025-11-03T15:00:00,147,0.059,,,0,,2025-11-03 14:00:00,2025-11-03,14,2025,11,3
2025-11-03T15:00:00,2025-11-03T16:00:00,147,0.001,,,0,,2025-11-03 15:00:00,2025-11-03,15,2025,11,3
2025-11-03T16:00:00,2025-11-03T17:00:00,147,0,,,0,,2025-11-03 16:00:00,2025-11-03,16,2025,11,3
2025-11-03T17:00:00,2025-11-03T18:00:00,147,0,,,0,,2025-11-03 17:00:00,2025-11-03,17,2025,11,3
2025-11-03T18:00:00,2025-11-03T19:00:00,147,0,,,0,,2025-11-03 18:00:00,2025-11-03,18,2025,11,3
2025-11-03T19:00:00,2025-11-03T20:00:00,147,0,,,0,,2025-11-03 19:00:00,2025-11-03,19,2025,11,3
2025-11-03T20:00:00,2025-11-03T21:00:00,147,0,,,0,,2025-11-03 20:00:00,2025-11-03,20,2025,11,3
2025-11-03T21:00:00,2025-11-03T22:00:00,147,0,,,0,,2025-11-03 21:00:00,2025-11-03,21,2025,11,3
2025-11-03T22:00:00,2025-11-03T23:00:00,147,0,,,0,,2025-11-03 22:00:00,2025-11-03,22,2025,11,3
2025-11-03T23:00:00,2025-11-04T00:00:00,147,0,,,0,,2025-11-03 23:00:00,2025-11-03,23,2025,11,3
2025-11-04T00:00:00,2025-11-04T01:00:00,147,0,,,0,,2025-11-04 00:00:00,2025-11-04,0,2025,11,4
2025-11-04T01:00:00,2025-11-04T02:00:00,147,0,,,0,,2025-11-04 01:00:00,2025-11-04,1,2025,11,4
2025-11-04T02:00:00,2025-11-04T03:00:00,147,0,,,0,,2025-11-04 02:00:00,2025-11-04,2,2025,11,4
2025-11-04T03:00:00,2025-11-04T04:00:00,147,0,,,0,,2025-11-04 03:00:00,2025-11-04,3,2025,11,4
2025-11-04T04:00:00,2025-11-04T05:00:00,147,0,,,0,,2025-11-04 04:00:00,2025-11-04,4,2025,11,4
2025-11-04T05:00:00,2025-11-04T06:00:00,147,0,,,0,,2025-11-04 05:00:00,2025-11-04,5,2025,11,4
2025-11-04T06:00:00,2025-11-04T07:00:00,147,0,,,0,,2025-11-04 06:00:00,2025-11-04,6,2025,11,4
2025-11-04T07:00:00,2025-11-04T08:00:00,147,0.006,,,0,,2025-11-04 07:00:00,2025-11-04,7,2025,11,4
2025-11-04T08:00:00,2025-11-04T09:00:00,147,0.037,,,0,,2025-11-04 08:00:00,2025-11-04,8,2025,11,4
2025-11-04T09:00:00,2025-11-04T10:00:00,147,0.076,,,0,,2025-11-04 09:00:00,2025-11-04,9,2025,11,4
2025-11-04T10:00:00,2025-11-04T11:00:00,147,0.1,,,0,,2025-11-04 10:00:00,2025-11-04,10,2025,11,4
2025-11-04T11:00:00,2025-11-04T12:00:00,147,0.079,,,0,,2025-11-04 11:00:00,2025-11-04,11,2025,11,4
2025-11-04T12:00:00,2025-11-04T13:00:00,147,0.078,,,0,,2025-11-04 12:00:00,2025-11-04,12,2025,11,4
2025-11-04T13:00:00,2025-11-04T14:00:00,147,0.023,,,0,,2025-11-04 13:00:00,2025-11-04,13,2025,11,4
2025-11-04T14:00:00,2025-11-04T15:00:00,147,0.012,,,0,,2025-11-04 14:00:00,2025-11-04,14,2025,11,4
2025-11-04T15:00:00,2025-11-04T16:00:00,147,0.001,,,0,,2025-11-04 15:00:00,2025-11-04,15,2025,11,4
2025-11-04T16:00:00,2025-11-04T17:00:00,147,0,,,0,,2025-11-04 16:00:00,2025-11-04,16,2025,11,4
2025-11-04T17:00:00,2025-11-04T18:00:00,147,0,,,0,,2025-11-04 17:00:00,2025-11-04,17,2025,11,4
2025-11-04T18:00:00,2025-11-04T19:00:00,147,0,,,0,,2025-11-04 18:00:00,2025-11-04,18,2025,11,4
2025-11-04T19:00:00,2025-11-04T20:00:00,147,0,,,0,,2025-11-04 19:00:00,2025-11-04,19,2025,11,4
2025-11-04T20:00:00,2025-11-04T21:00:00,147,0,,,0,,2025-11-04 20:00:00,2025-11-04,20,2025,11,4
2025-11-04T21:00:00,2025-11-04T22:00:00,147,0,,,0,,2025-11-04 21:00:00,2025-11-04,21,2025,11,4
2025-11-04T22:00:00,2025-11-04T23:00:00,147,0,,,0,,2025-11-04 22:00:00,2025-11-04,22,2025,11,4
2025-11-04T23:00:00,2025-11-05T00:00:00,147,0,,,0,,2025-11-04 23:00:00,2025-11-04,23,2025,11,4
2025-11-05T00:00:00,2025-11-05T01:00:00,147,0,,,0,,2025-11-05 00:00:00,2025-11-05,0,2025,11,5
2025-11-05T01:00:00,2025-11-05T02:00:00,147,0,,,0,,2025-11-05 01:00:00,2025-11-05,1,2025,11,5
2025-11-05T02:00:00,2025-11-05T03:00:00,147,0,,,0,,2025-11-05 02:00:00,2025-11-05,2,2025,11,5
2025-11-05T03:00:00,2025-11-05T04:00:00,147,0,,,0,,2025-11-05 03:00:00,2025-11-05,3,2025,11,5
2025-11-05T04:00:00,2025-11-05T05:00:00,147,0,,,0,,2025-11-05 04:00:00,2025-11-05,4,2025,11,5
2025-11-05T05:00:00,2025-11-05T06:00:00,147,0,,,0,,2025-11-05 05:00:00,2025-11-05,5,2025,11,5
2025-11-05T06:00:00,2025-11-05T07:00:00,147,0.004,,,0,,2025-11-05 06:00:00,2025-11-05,6,2025,11,5
2025-11-05T07:00:00,2025-11-05T08:00:00,147,0.104,,,0,,2025-11-05 07:00:00,2025-11-05,7,2025,11,5
2025-11-05T08:00:00,2025-11-05T09:00:00,147,0.249,,,0,,2025-11-05 08:00:00,2025-11-05,8,2025,11,5
2025-11-05T09:00:00,2025-11-05T10:00:00,147,0.291,,,0,,2025-11-05 09:00:00,2025-11-05,9,2025,11,5
2025-11-05T10:00:00,2025-11-05T11:00:00,147,0.218,,,0,,2025-11-05 10:00:00,2025-11-05,10,2025,11,5
2025-11-05T11:00:00,2025-11-05T12:00:00,147,0.205,,,0,,2025-11-05 11:00:00,2025-11-05,11,2025,11,5
2025-11-05T12:00:00,2025-11-05T13:00:00,147,0.245,,,0,,2025-11-05 12:00:00,2025-11-05,12,2025,11,5
2025-11-05T13:00:00,2025-11-05T14:00:00,147,0.08,,,0,,2025-11-05 13:00:00,2025-11-05,13,2025,11,5
2025-11-05T14:00:00,2025-11-05T15:00:00,147,0.025,,,0,,2025-11-05 14:00:00,2025-11-05,14,2025,11,5
2025-11-05T15:00:00,2025-11-05T16:00:00,147,0.001,,,0,,2025-11-05 15:00:00,2025-11-05,15,2025,11,5
2025-11-05T16:00:00,2025-11-05T17:00:00,147,0,,,0,,2025-11-05 16:00:00,2025-11-05,16,2025,11,5
2025-11-05T17:00:00,2025-11-05T18:00:00,147,0,,,0,,2025-11-05 17:00:00,2025-11-05,17,2025,11,5
2025-11-05T18:00:00,2025-11-05T19:00:00,147,0,,,0,,2025-11-05 18:00:00,2025-11-05,18,2025,11,5
2025-11-05T19:00:00,2025-11-05T20:00:00,147,0,,,0,,2025-11-05 19:00:00,2025-11-05,19,2025,11,5
2025-11-05T20:00:00,2025-11-05T21:00:00,147,0,,,0,,2025-11-05 20:00:00,2025-11-05,20,2025,11,5
2025-11-05T21:00:00,2025-11-05T22:00:00,147,0,,,0,,2025-11-05 21:00:00,2025-11-05,21,2025,11,5
2025-11-05T22:00:00,2025-11-05T23:00:00,147,0,,,0,,2025-11-05 22:00:00,2025-11-05,22,2025,11,5
2025-11-05T23:00:00,2025-11-06T00:00:00,147,0,,,0,,2025-11-05 23:00:00,2025-11-05,23,2025,11,5
2025-11-06T00:00:00,2025-11-06T01:00:00,147,0,,,0,,2025-11-06 00:00:00,2025-11-06,0,2025,11,6
2025-11-06T01:00:00,2025-11-06T02:00:00,147,0,,,0,,2025-11-06 01:00:00,2025-11-06,1,2025,11,6
2025-11-06T02:00:00,2025-11-06T03:00:00,147,0,,,0,,2025-11-06 02:00:00,2025-11-06,2,2025,11,6
2025-11-06T03:00:00,2025-11-06T04:00:00,147,0,,,0,,2025-11-06 03:00:00,2025-11-06,3,2025,11,6
2025-11-06T04:00:00,2025-11-06T05:00:00,147,0,,,0,,2025-11-06 04:00:00,2025-11-06,4,2025,11,6
2025-11-06T05:00:00,2025-11-06T06:00:00,147,0,,,0,,2025-11-06 05:00:00,2025-11-06,5,2025,11,6
2025-11-06T06:00:00,2025-11-06T07:00:00,147,0.003,,,0,,2025-11-06 06:00:00,2025-11-06,6,2025,11,6
2025-11-06T07:00:00,2025-11-06T08:00:00,147,0.161,,,0,,2025-11-06 07:00:00,2025-11-06,7,2025,11,6
2025-11-06T08:00:00,2025-11-06T09:00:00,147,0.218,,,0,,2025-11-06 08:00:00,2025-11-06,8,2025,11,6
2025-11-06T09:00:00,2025-11-06T10:00:00,147,0.449,,,0,,2025-11-06 09:00:00,2025-11-06,9,2025,11,6
2025-11-06T10:00:00,2025-11-06T11:00:00,147,0.782,,,0,,2025-11-06 10:00:00,2025-11-06,10,2025,11,6
2025-11-06T11:00:00,2025-11-06T12:00:00,147,0.877,,,0,,2025-11-06 11:00:00,2025-11-06,11,2025,11,6
2025-11-06T12:00:00,2025-11-06T13:00:00,147,0.784,,,0,,2025-11-06 12:00:00,2025-11-06,12,2025,11,6
2025-11-06T13:00:00,2025-11-06T14:00:00,147,0.468,,,0,,2025-11-06 13:00:00,2025-11-06,13,2025,11,6
2025-11-06T14:00:00,2025-11-06T15:00:00,147,0.128,,,0,,2025-11-06 14:00:00,2025-11-06,14,2025,11,6
2025-11-06T15:00:00,2025-11-06T16:00:00,147,0.002,,,0,,2025-11-06 15:00:00,2025-11-06,15,2025,11,6
2025-11-06T16:00:00,2025-11-06T17:00:00,147,0,,,0,,2025-11-06 16:00:00,2025-11-06,16,2025,11,6
2025-11-06T17:00:00,2025-11-06T18:00:00,147,0,,,0,,2025-11-06 17:00:00,2025-11-06,17,2025,11,6
2025-11-06T18:00:00,2025-11-06T19:00:00,147,0,,,0,,2025-11-06 18:00:00,2025-11-06,18,2025,11,6
2025-11-06T19:00:00,2025-11-06T20:00:00,147,0,,,0,,2025-11-06 19:00:00,2025-11-06,19,2025,11,6
2025-11-06T20:00:00,2025-11-06T21:00:00,147,0,,,0,,2025-11-06 20:00:00,2025-11-06,20,2025,11,6
2025-11-06T21:00:00,2025-11-06T22:00:00,147,0,,,0,,2025-11-06 21:00:00,2025-11-06,21,2025,11,6
2025-11-06T22:00:00,2025-11-06T23:00:00,147,0,,,0,,2025-11-06 22:00:00,2025-11-06,22,2025,11,6
2025-11-06T23:00:00,2025-11-07T00:00:00,147,0,,,0,,2025-11-06 23:00:00,2025-11-06,23,2025,11,6
2025-11-07T00:00:00,2025-11-07T01:00:00,147,0,,,0,,2025-11-07 00:00:00,2025-11-07,0,2025,11,7
2025-11-07T01:00:00,2025-11-07T02:00:00,147,0,,,0,,2025-11-07 01:00:00,2025-11-07,1,2025,11,7
2025-11-07T02:00:00,2025-11-07T03:00:00,147,0,,,0,,2025-11-07 02:00:00,2025-11-07,2,2025,11,7
2025-11-07T03:00:00,2025-11-07T04:00:00,147,0,,,0,,2025-11-07 03:00:00,2025-11-07,3,2025,11,7
2025-11-07T04:00:00,2025-11-07T05:00:00,147,0,,,0,,2025-11-07 04:00:00,2025-11-07,4,2025,11,7
2025-11-07T05:00:00,2025-11-07T06:00:00,147,0,,,0,,2025-11-07 05:00:00,2025-11-07,5,2025,11,7
2025-11-07T06:00:00,2025-11-07T07:00:00,147,0.003,,,0,,2025-11-07 06:00:00,2025-11-07,6,2025,11,7
2025-11-07T07:00:00,2025-11-07T08:00:00,147,0.141,,,0,,2025-11-07 07:00:00,2025-11-07,7,2025,11,7
2025-11-07T08:00:00,2025-11-07T09:00:00,147,0.32,,,0,,2025-11-07 08:00:00,2025-11-07,8,2025,11,7
2025-11-07T09:00:00,2025-11-07T10:00:00,147,0.515,,,0,,2025-11-07 09:00:00,2025-11-07,9,2025,11,7
2025-11-07T10:00:00,2025-11-07T11:00:00,147,0.526,,,0,,2025-11-07 10:00:00,2025-11-07,10,2025,11,7
2025-11-07T11:00:00,2025-11-07T12:00:00,147,0.67,,,0,,2025-11-07 11:00:00,2025-11-07,11,2025,11,7
2025-11-07T12:00:00,2025-11-07T13:00:00,147,0.567,,,0,,2025-11-07 12:00:00,2025-11-07,12,2025,11,7
2025-11-07T13:00:00,2025-11-07T14:00:00,147,0.327,,,0,,2025-11-07 13:00:00,2025-11-07,13,2025,11,7
2025-11-07T14:00:00,2025-11-07T15:00:00,147,0.063,,,0,,2025-11-07 14:00:00,2025-11-07,14,2025,11,7
2025-11-07T15:00:00,2025-11-07T16:00:00,147,0.001,,,0,,2025-11-07 15:00:00,2025-11-07,15,2025,11,7
2025-11-07T16:00:00,2025-11-07T17:00:00,147,0,,,0,,2025-11-07 16:00:00,2025-11-07,16,2025,11,7
2025-11-07T17:00:00,2025-11-07T18:00:00,147,0,,,0,,2025-11-07 17:00:00,2025-11-07,17,2025,11,7
2025-11-07T18:00:00,2025-11-07T19:00:00,147,0,,,0,,2025-11-07 18:00:00,2025-11-07,18,2025,11,7
2025-11-07T19:00:00,2025-11-07T20:00:00,147,0,,,0,,2025-11-07 19:00:00,2025-11-07,19,2025,11,7
2025-11-07T20:00:00,2025-11-07T21:00:00,147,0,,,0,,2025-11-07 20:00:00,2025-11-07,20,2025,11,7
2025-11-07T21:00:00,2025-11-07T22:00:00,147,0,,,0,,2025-11-07 21:00:00,2025-11-07,21,2025,11,7
2025-11-07T22:00:00,2025-11-07T23:00:00,147,0,,,0,,2025-11-07 22:00:00,2025-11-07,22,2025,11,7
2025-11-07T23:00:00,2025-11-08T00:00:00,147,0,,,0,,2025-11-07 23:00:00,2025-11-07,23,2025,11,7
2025-11-08T00:00:00,2025-11-08T01:00:00,147,0,,,0,,2025-11-08 00:00:00,2025-11-08,0,2025,11,8
2025-11-08T01:00:00,2025-11-08T02:00:00,147,0,,,0,,2025-11-08 01:00:00,2025-11-08,1,2025,11,8
2025-11-08T02:00:00,2025-11-08T03:00:00,147,0,,,0,,2025-11-08 02:00:00,2025-11-08,2,2025,11,8
2025-11-08T03:00:00,2025-11-08T04:00:00,147,0,,,0,,2025-11-08 03:00:00,2025-11-08,3,2025,11,8
2025-11-08T04:00:00,2025-11-08T05:00:00,147,0,,,0,,2025-11-08 04:00:00,2025-11-08,4,2025,11,8
2025-11-08T05:00:00,2025-11-08T06:00:00,147,0,,,0,,2025-11-08 05:00:00,2025-11-08,5,2025,11,8
2025-11-08T06:00:00,2025-11-08T07:00:00,147,0,,,0,,2025-11-08 06:00:00,2025-11-08,6,2025,11,8
2025-11-08T07:00:00,2025-11-08T08:00:00,147,0.022,,,0,,2025-11-08 07:00:00,2025-11-08,7,2025,11,8
2025-11-08T08:00:00,2025-11-08T09:00:00,147,0.082,,,0,,2025-11-08 08:00:00,2025-11-08,8,2025,11,8
2025-11-08T09:00:00,2025-11-08T10:00:00,147,0.128,,,0,,2025-11-08 09:00:00,2025-11-08,9,2025,11,8
2025-11-08T10:00:00,2025-11-08T11:00:00,147,0.088,,,0,,2025-11-08 10:00:00,2025-11-08,10,2025,11,8
2025-11-08T11:00:00,2025-11-08T12:00:00,147,0.093,,,0,,2025-11-08 11:00:00,2025-11-08,11,2025,11,8
2025-11-08T12:00:00,2025-11-08T13:00:00,147,0.094,,,0,,2025-11-08 12:00:00,2025-11-08,12,2025,11,8
2025-11-08T13:00:00,2025-11-08T14:00:00,147,0.048,,,0,,2025-11-08 13:00:00,2025-11-08,13,2025,11,8
2025-11-08T14:00:00,2025-11-08T15:00:00,147,0.012,,,0,,2025-11-08 14:00:00,2025-11-08,14,2025,11,8
2025-11-08T15:00:00,2025-11-08T16:00:00,147,0.001,,,0,,2025-11-08 15:00:00,2025-11-08,15,2025,11,8
2025-11-08T16:00:00,2025-11-08T17:00:00,147,0,,,0,,2025-11-08 16:00:00,2025-11-08,16,2025,11,8
2025-11-08T17:00:00,2025-11-08T18:00:00,147,0,,,0,,2025-11-08 17:00:00,2025-11-08,17,2025,11,8
2025-11-08T18:00:00,2025-11-08T19:00:00,147,0,,,0,,2025-11-08 18:00:00,2025-11-08,18,2025,11,8
2025-11-08T19:00:00,2025-11-08T20:00:00,147,0,,,0,,2025-11-08 19:00:00,2025-11-08,19,2025,11,8
2025-11-08T20:00:00,2025-11-08T21:00:00,147,0,,,0,,2025-11-08 20:00:00,2025-11-08,20,2025,11,8
2025-11-08T21:00:00,2025-11-08T22:00:00,147,0,,,0,,2025-11-08 21:00:00,2025-11-08,21,2025,11,8
2025-11-08T22:00:00,2025-11-08T23:00:00,147,0,,,0,,2025-11-08 22:00:00,2025-11-08,22,2025,11,8
2025-11-08T23:00:00,2025-11-09T00:00:00,147,0,,,0,,2025-11-08 23:00:00,2025-11-08,23,2025,11,8
2025-11-09T00:00:00,2025-11-09T01:00:00,147,0,,,0,,2025-11-09 00:00:00,2025-11-09,0,2025,11,9
2025-11-09T01:00:00,2025-11-09T02:00:00,147,0,,,0,,2025-11-09 01:00:00,2025-11-09,1,2025,11,9
2025-11-09T02:00:00,2025-11-09T03:00:00,147,0,,,0,,2025-11-09 02:00:00,2025-11-09,2,2025,11,9
2025-11-09T03:00:00,2025-11-09T04:00:00,147,0,,,0,,2025-11-09 03:00:00,2025-11-09,3,2025,11,9
2025-11-09T04:00:00,2025-11-09T05:00:00,147,0,,,0,,2025-11-09 04:00:00,2025-11-09,4,2025,11,9
2025-11-09T05:00:00,2025-11-09T06:00:00,147,0,,,0,,2025-11-09 05:00:00,2025-11-09,5,2025,11,9
2025-11-09T06:00:00,2025-11-09T07:00:00,147,0.001,,,0,,2025-11-09 06:00:00,2025-11-09,6,2025,11,9
2025-11-09T07:00:00,2025-11-09T08:00:00,147,0.023,,,0,,2025-11-09 07:00:00,2025-11-09,7,2025,11,9
2025-11-09T08:00:00,2025-11-09T09:00:00,147,0.112,,,0,,2025-11-09 08:00:00,2025-11-09,8,2025,11,9
2025-11-09T09:00:00,2025-11-09T10:00:00,147,0.14,,,0,,2025-11-09 09:00:00,2025-11-09,9,2025,11,9
2025-11-09T10:00:00,2025-11-09T11:00:00,147,0.213,,,0,,2025-11-09 10:00:00,2025-11-09,10,2025,11,9
2025-11-09T11:00:00,2025-11-09T12:00:00,147,0.184,,,0,,2025-11-09 11:00:00,2025-11-09,11,2025,11,9
2025-11-09T12:00:00,2025-11-09T13:00:00,147,0.111,,,0,,2025-11-09 12:00:00,2025-11-09,12,2025,11,9
2025-11-09T13:00:00,2025-11-09T14:00:00,147,0.046,,,0,,2025-11-09 13:00:00,2025-11-09,13,2025,11,9
2025-11-09T14:00:00,2025-11-09T15:00:00,147,0.008,,,0,,2025-11-09 14:00:00,2025-11-09,14,2025,11,9
2025-11-09T15:00:00,2025-11-09T16:00:00,147,0,,,0,,2025-11-09 15:00:00,2025-11-09,15,2025,11,9
2025-11-09T16:00:00,2025-11-09T17:00:00,147,0,,,0,,2025-11-09 16:00:00,2025-11-09,16,2025,11,9
2025-11-09T17:00:00,2025-11-09T18:00:00,147,0,,,0,,2025-11-09 17:00:00,2025-11-09,17,2025,11,9
2025-11-09T18:00:00,2025-11-09T19:00:00,147,0,,,0,,2025-11-09 18:00:00,2025-11-09,18,2025,11,9
2025-11-09T19:00:00,2025-11-09T20:00:00,147,0,,,0,,2025-11-09 19:00:00,2025-11-09,19,2025,11,9
2025-11-09T20:00:00,2025-11-09T21:00:00,147,0,,,0,,2025-11-09 20:00:00,2025-11-09,20,2025,11,9
2025-11-09T21:00:00,2025-11-09T22:00:00,147,0,,,0,,2025-11-09 21:00:00,2025-11-09,21,2025,11,9
2025-11-09T22:00:00,2025-11-09T23:00:00,147,0,,,0,,2025-11-09 22:00:00,2025-11-09,22,2025,11,9
2025-11-09T23:00:00,2025-11-10T00:00:00,147,0,,,0,,2025-11-09 23:00:00,2025-11-09,23,2025,11,9
2025-11-10T00:00:00,2025-11-10T01:00:00,147,0,,,0,,2025-11-10 00:00:00,2025-11-10,0,2025,11,10
2025-11-10T01:00:00,2025-11-10T02:00:00,147,0,,,0,,2025-11-10 01:00:00,2025-11-10,1,2025,11,10
2025-11-10T02:00:00,2025-11-10T03:00:00,147,0,,,0,,2025-11-10 02:00:00,2025-11-10,2,2025,11,10
2025-11-10T03:00:00,2025-11-10T04:00:00,147,0,,,0,,2025-11-10 03:00:00,2025-11-10,3,2025,11,10
2025-11-10T04:00:00,2025-11-10T05:00:00,147,0,,,0,,2025-11-10 04:00:00,2025-11-10,4,2025,11,10
2025-11-10T05:00:00,2025-11-10T06:00:00,147,0,,,0,,2025-11-10 05:00:00,2025-11-10,5,2025,11,10
2025-11-10T06:00:00,2025-11-10T07:00:00,147,0,,,0,,2025-11-10 06:00:00,2025-11-10,6,2025,11,10
2025-11-10T07:00:00,2025-11-10T08:00:00,147,0.002,,,0,,2025-11-10 07:00:00,2025-11-10,7,2025,11,10
2025-11-10T08:00:00,2025-11-10T09:00:00,147,0.014,,,0,,2025-11-10 08:00:00,2025-11-10,8,2025,11,10
2025-11-10T09:00:00,2025-11-10T10:00:00,147,0.015,,,0,,2025-11-10 09:00:00,2025-11-10,9,2025,11,10
2025-11-10T10:00:00,2025-11-10T11:00:00,147,0.03,,,0,,2025-11-10 10:00:00,2025-11-10,10,2025,11,10
2025-11-10T11:00:00,2025-11-10T12:00:00,147,0.072,,,0,,2025-11-10 11:00:00,2025-11-10,11,2025,11,10
2025-11-10T12:00:00,2025-11-10T13:00:00,147,0.068,,,0,,2025-11-10 12:00:00,2025-11-10,12,2025,11,10
2025-11-10T13:00:00,2025-11-10T14:00:00,147,0.027,,,0,,2025-11-10 13:00:00,2025-11-10,13,2025,11,10
2025-11-10T14:00:00,2025-11-10T15:00:00,147,0.005,,,0,,2025-11-10 14:00:00,2025-11-10,14,2025,11,10
2025-11-10T15:00:00,2025-11-10T16:00:00,147,0,,,0,,2025-11-10 15:00:00,2025-11-10,15,2025,11,10
2025-11-10T16:00:00,2025-11-10T17:00:00,147,0,,,0,,2025-11-10 16:00:00,2025-11-10,16,2025,11,10
2025-11-10T17:00:00,2025-11-10T18:00:00,147,0,,,0,,2025-11-10 17:00:00,2025-11-10,17,2025,11,10
2025-11-10T18:00:00,2025-11-10T19:00:00,147,0,,,0,,2025-11-10 18:00:00,2025-11-10,18,2025,11,10
2025-11-10T19:00:00,2025-11-10T20:00:00,147,0,,,0,,2025-11-10 19:00:00,2025-11-10,19,2025,11,10
2025-11-10T20:00:00,2025-11-10T21:00:00,147,0,,,0,,2025-11-10 20:00:00,2025-11-10,20,2025,11,10
2025-11-10T21:00:00,2025-11-10T22:00:00,147,0,,,0,,2025-11-10 21:00:00,2025-11-10,21,2025,11,10
2025-11-10T22:00:00,2025-11-10T23:00:00,147,0,,,0,,2025-11-10 22:00:00,2025-11-10,22,2025,11,10
2025-11-10T23:00:00,2025-11-11T00:00:00,147,0,,,0,,2025-11-10 23:00:00,2025-11-10,23,2025,11,10
2025-11-11T00:00:00,2025-11-11T01:00:00,147,0,,,0,,2025-11-11 00:00:00,2025-11-11,0,2025,11,11
2025-11-11T01:00:00,2025-11-11T02:00:00,147,0,,,0,,2025-11-11 01:00:00,2025-11-11,1,2025,11,11
2025-11-11T02:00:00,2025-11-11T03:00:00,147,0,,,0,,2025-11-11 02:00:00,2025-11-11,2,2025,11,11
2025-11-11T03:00:00,2025-11-11T04:00:00,147,0,,,0,,2025-11-11 03:00:00,2025-11-11,3,2025,11,11
2025-11-11T04:00:00,2025-11-11T05:00:00,147,0,,,0,,2025-11-11 04:00:00,2025-11-11,4,2025,11,11
2025-11-11T05:00:00,2025-11-11T06:00:00,147,0,,,0,,2025-11-11 05:00:00,2025-11-11,5,2025,11,11
2025-11-11T06:00:00,2025-11-11T07:00:00,147,0,,,0,,2025-11-11 06:00:00,2025-11-11,6,2025,11,11
2025-11-11T07:00:00,2025-11-11T08:00:00,147,0.018,,,0,,2025-11-11 07:00:00,2025-11-11,7,2025,11,11
2025-11-11T08:00:00,2025-11-11T09:00:00,147,0.18,,,0,,2025-11-11 08:00:00,2025-11-11,8,2025,11,11
2025-11-11T09:00:00,2025-11-11T10:00:00,147,0.313,,,0,,2025-11-11 09:00:00,2025-11-11,9,2025,11,11
2025-11-11T10:00:00,2025-11-11T11:00:00,147,0.1,,,0,,2025-11-11 10:00:00,2025-11-11,10,2025,11,11
2025-11-11T11:00:00,2025-11-11T12:00:00,147,0.073,,,0,,2025-11-11 11:00:00,2025-11-11,11,2025,11,11
2025-11-11T12:00:00,2025-11-11T13:00:00,147,0.044,,,0,,2025-11-11 12:00:00,2025-11-11,12,2025,11,11
2025-11-11T13:00:00,2025-11-11T14:00:00,147,0.032,,,0,,2025-11-11 13:00:00,2025-11-11,13,2025,11,11
2025-11-11T14:00:00,2025-11-11T15:00:00,147,0.003,,,0,,2025-11-11 14:00:00,2025-11-11,14,2025,11,11
2025-11-11T15:00:00,2025-11-11T16:00:00,147,0,,,0,,2025-11-11 15:00:00,2025-11-11,15,2025,11,11
2025-11-11T16:00:00,2025-11-11T17:00:00,147,0,,,0,,2025-11-11 16:00:00,2025-11-11,16,2025,11,11
2025-11-11T17:00:00,2025-11-11T18:00:00,147,0,,,0,,2025-11-11 17:00:00,2025-11-11,17,2025,11,11
2025-11-11T18:00:00,2025-11-11T19:00:00,147,0,,,0,,2025-11-11 18:00:00,2025-11-11,18,2025,11,11
2025-11-11T19:00:00,2025-11-11T20:00:00,147,0,,,0,,2025-11-11 19:00:00,2025-11-11,19,2025,11,11
2025-11-11T20:00:00,2025-11-11T21:00:00,147,0,,,0,,2025-11-11 20:00:00,2025-11-11,20,2025,11,11
2025-11-11T21:00:00,2025-11-11T22:00:00,147,0,,,0,,2025-11-11 21:00:00,2025-11-11,21,2025,11,11
2025-11-11T22:00:00,2025-11-11T23:00:00,147,0,,,0,,2025-11-11 22:00:00,2025-11-11,22,2025,11,11
2025-11-11T23:00:00,2025-11-12T00:00:00,147,0,,,0,,2025-11-11 23:00:00,2025-11-11,23,2025,11,11
2025-11-12T00:00:00,2025-11-12T01:00:00,147,0,,,0,,2025-11-12 00:00:00,2025-11-12,0,2025,11,12
2025-11-12T01:00:00,2025-11-12T02:00:00,147,0,,,0,,2025-11-12 01:00:00,2025-11-12,1,2025,11,12
2025-11-12T02:00:00,2025-11-12T03:00:00,147,0,,,0,,2025-11-12 02:00:00,2025-11-12,2,2025,11,12
2025-11-12T03:00:00,2025-11-12T04:00:00,147,0,,,0,,2025-11-12 03:00:00,2025-11-12,3,2025,11,12
2025-11-12T04:00:00,2025-11-12T05:00:00,147,0,,,0,,2025-11-12 04:00:00,2025-11-12,4,2025,11,12
2025-11-12T05:00:00,2025-11-12T06:00:00,147,0,,,0,,2025-11-12 05:00:00,2025-11-12,5,2025,11,12
2025-11-12T06:00:00,2025-11-12T07:00:00,147,0,,,0,,2025-11-12 06:00:00,2025-11-12,6,2025,11,12
2025-11-12T07:00:00,2025-11-12T08:00:00,147,0.013,,,0,,2025-11-12 07:00:00,2025-11-12,7,2025,11,12
2025-11-12T08:00:00,2025-11-12T09:00:00,147,0.119,,,0,,2025-11-12 08:00:00,2025-11-12,8,2025,11,12
2025-11-12T09:00:00,2025-11-12T10:00:00,147,0.207,,,0,,2025-11-12 09:00:00,2025-11-12,9,2025,11,12
2025-11-12T10:00:00,2025-11-12T11:00:00,147,0.106,,,0,,2025-11-12 10:00:00,2025-11-12,10,2025,11,12
2025-11-12T11:00:00,2025-11-12T12:00:00,147,0.103,,,0,,2025-11-12 11:00:00,2025-11-12,11,2025,11,12
2025-11-12T12:00:00,2025-11-12T13:00:00,147,0.07,,,0,,2025-11-12 12:00:00,2025-11-12,12,2025,11,12
2025-11-12T13:00:00,2025-11-12T14:00:00,147,0.025,,,0,,2025-11-12 13:00:00,2025-11-12,13,2025,11,12
2025-11-12T14:00:00,2025-11-12T15:00:00,147,0.004,,,0,,2025-11-12 14:00:00,2025-11-12,14,2025,11,12
2025-11-12T15:00:00,2025-11-12T16:00:00,147,0,,,0,,2025-11-12 15:00:00,2025-11-12,15,2025,11,12
2025-11-12T16:00:00,2025-11-12T17:00:00,147,0,,,0,,2025-11-12 16:00:00,2025-11-12,16,2025,11,12
2025-11-12T17:00:00,2025-11-12T18:00:00,147,0,,,0,,2025-11-12 17:00:00,2025-11-12,17,2025,11,12
2025-11-12T18:00:00,2025-11-12T19:00:00,147,0,,,0,,2025-11-12 18:00:00,2025-11-12,18,2025,11,12
2025-11-12T19:00:00,2025-11-12T20:00:00,147,0,,,0,,2025-11-12 19:00:00,2025-11-12,19,2025,11,12
2025-11-12T20:00:00,2025-11-12T21:00:00,147,0,,,0,,2025-11-12 20:00:00,2025-11-12,20,2025,11,12
2025-11-12T21:00:00,2025-11-12T22:00:00,147,0,,,0,,2025-11-12 21:00:00,2025-11-12,21,2025,11,12
2025-11-12T22:00:00,2025-11-12T23:00:00,147,0,,,0,,2025-11-12 22:00:00,2025-11-12,22,2025,11,12
2025-11-12T23:00:00,2025-11-13T00:00:00,147,0,,,0,,2025-11-12 23:00:00,2025-11-12,23,2025,11,12
2025-11-13T00:00:00,2025-11-13T01:00:00,147,0,,,0,,2025-11-13 00:00:00,2025-11-13,0,2025,11,13
2025-11-13T01:00:00,2025-11-13T02:00:00,147,0,,,0,,2025-11-13 01:00:00,2025-11-13,1,2025,11,13
2025-11-13T02:00:00,2025-11-13T03:00:00,147,0,,,0,,2025-11-13 02:00:00,2025-11-13,2,2025,11,13
2025-11-13T03:00:00,2025-11-13T04:00:00,147,0,,,0,,2025-11-13 03:00:00,2025-11-13,3,2025,11,13
2025-11-13T04:00:00,2025-11-13T05:00:00,147,0,,,0,,2025-11-13 04:00:00,2025-11-13,4,2025,11,13
2025-11-13T05:00:00,2025-11-13T06:00:00,147,0,,,0,,2025-11-13 05:00:00,2025-11-13,5,2025,11,13
2025-11-13T06:00:00,2025-11-13T07:00:00,147,0,,,0,,2025-11-13 06:00:00,2025-11-13,6,2025,11,13
2025-11-13T07:00:00,2025-11-13T08:00:00,147,0.068,,,0,,2025-11-13 07:00:00,2025-11-13,7,2025,11,13
2025-11-13T08:00:00,2025-11-13T09:00:00,147,0.344,,,0,,2025-11-13 08:00:00,2025-11-13,8,2025,11,13
2025-11-13T09:00:00,2025-11-13T10:00:00,147,0.431,,,0,,2025-11-13 09:00:00,2025-11-13,9,2025,11,13
2025-11-13T10:00:00,2025-11-13T11:00:00,147,0.335,,,0,,2025-11-13 10:00:00,2025-11-13,10,2025,11,13
2025-11-13T11:00:00,2025-11-13T12:00:00,147,0.222,,,0,,2025-11-13 11:00:00,2025-11-13,11,2025,11,13
2025-11-13T12:00:00,2025-11-13T13:00:00,147,0.175,,,0,,2025-11-13 12:00:00,2025-11-13,12,2025,11,13
2025-11-13T13:00:00,2025-11-13T14:00:00,147,0.052,,,0,,2025-11-13 13:00:00,2025-11-13,13,2025,11,13
2025-11-13T14:00:00,2025-11-13T15:00:00,147,0.013,,,0,,2025-11-13 14:00:00,2025-11-13,14,2025,11,13
2025-11-13T15:00:00,2025-11-13T16:00:00,147,0,,,0,,2025-11-13 15:00:00,2025-11-13,15,2025,11,13
2025-11-13T16:00:00,2025-11-13T17:00:00,147,0,,,0,,2025-11-13 16:00:00,2025-11-13,16,2025,11,13
2025-11-13T17:00:00,2025-11-13T18:00:00,147,0,,,0,,2025-11-13 17:00:00,2025-11-13,17,2025,11,13
2025-11-13T18:00:00,2025-11-13T19:00:00,147,0,,,0,,2025-11-13 18:00:00,2025-11-13,18,2025,11,13
2025-11-13T19:00:00,2025-11-13T20:00:00,147,0,,,0,,2025-11-13 19:00:00,2025-11-13,19,2025,11,13
2025-11-13T20:00:00,2025-11-13T21:00:00,147,0,,,0,,2025-11-13 20:00:00,2025-11-13,20,2025,11,13
2025-11-13T21:00:00,2025-11-13T22:00:00,147,0,,,0,,2025-11-13 21:00:00,2025-11-13,21,2025,11,13
2025-11-13T22:00:00,2025-11-13T23:00:00,147,0,,,0,,2025-11-13 22:00:00,2025-11-13,22,2025,11,13
2025-11-13T23:00:00,2025-11-14T00:00:00,147,0,,,0,,2025-11-13 23:00:00,2025-11-13,23,2025,11,13
2025-11-14T00:00:00,2025-11-14T01:00:00,147,0,,,0,,2025-11-14 00:00:00,2025-11-14,0,2025,11,14
2025-11-14T01:00:00,2025-11-14T02:00:00,147,0,,,0,,2025-11-14 01:00:00,2025-11-14,1,2025,11,14
2025-11-14T02:00:00,2025-11-14T03:00:00,147,0,,,0,,2025-11-14 02:00:00,2025-11-14,2,2025,11,14
2025-11-14T03:00:00,2025-11-14T04:00:00,147,0,,,0,,2025-11-14 03:00:00,2025-11-14,3,2025,11,14
2025-11-14T04:00:00,2025-11-14T05:00:00,147,0,,,0,,2025-11-14 04:00:00,2025-11-14,4,2025,11,14
2025-11-14T05:00:00,2025-11-14T06:00:00,147,0,,,0,,2025-11-14 05:00:00,2025-11-14,5,2025,11,14
2025-11-14T06:00:00,2025-11-14T07:00:00,147,0,,,0,,2025-11-14 06:00:00,2025-11-14,6,2025,11,14
2025-11-14T07:00:00,2025-11-14T08:00:00,147,0.028,,,0,,2025-11-14 07:00:00,2025-11-14,7,2025,11,14
2025-11-14T08:00:00,2025-11-14T09:00:00,147,0.141,,,0,,2025-11-14 08:00:00,2025-11-14,8,2025,11,14
2025-11-14T09:00:00,2025-11-14T10:00:00,147,0.199,,,0,,2025-11-14 09:00:00,2025-11-14,9,2025,11,14
2025-11-14T10:00:00,2025-11-14T11:00:00,147,0.275,,,0,,2025-11-14 10:00:00,2025-11-14,10,2025,11,14
2025-11-14T11:00:00,2025-11-14T12:00:00,147,0.235,,,0,,2025-11-14 11:00:00,2025-11-14,11,2025,11,14
2025-11-14T12:00:00,2025-11-14T13:00:00,147,0.278,,,0,,2025-11-14 12:00:00,2025-11-14,12,2025,11,14
2025-11-14T13:00:00,2025-11-14T14:00:00,147,0.142,,,0,,2025-11-14 13:00:00,2025-11-14,13,2025,11,14
2025-11-14T14:00:00,2025-11-14T15:00:00,147,0.008,,,0,,2025-11-14 14:00:00,2025-11-14,14,2025,11,14
2025-11-14T15:00:00,2025-11-14T16:00:00,147,0,,,0,,2025-11-14 15:00:00,2025-11-14,15,2025,11,14
2025-11-14T16:00:00,2025-11-14T17:00:00,147,0,,,0,,2025-11-14 16:00:00,2025-11-14,16,2025,11,14
2025-11-14T17:00:00,2025-11-14T18:00:00,147,0,,,0,,2025-11-14 17:00:00,2025-11-14,17,2025,11,14
2025-11-14T18:00:00,2025-11-14T19:00:00,147,0,,,0,,2025-11-14 18:00:00,2025-11-14,18,2025,11,14
2025-11-14T19:00:00,2025-11-14T20:00:00,147,0,,,0,,2025-11-14 19:00:00,2025-11-14,19,2025,11,14
2025-11-14T20:00:00,2025-11-14T21:00:00,147,0,,,0,,2025-11-14 20:00:00,2025-11-14,20,2025,11,14
2025-11-14T21:00:00,2025-11-14T22:00:00,147,0,,,0,,2025-11-14 21:00:00,2025-11-14,21,2025,11,14
2025-11-14T22:00:00,2025-11-14T23:00:00,147,0,,,0,,2025-11-14 22:00:00,2025-11-14,22,2025,11,14
2025-11-14T23:00:00,2025-11-15T00:00:00,147,0,,,0,,2025-11-14 23:00:00,2025-11-14,23,2025,11,14
2025-11-15T00:00:00,2025-11-15T01:00:00,147,0,,,0,,2025-11-15 00:00:00,2025-11-15,0,2025,11,15
2025-11-15T01:00:00,2025-11-15T02:00:00,147,0,,,0,,2025-11-15 01:00:00,2025-11-15,1,2025,11,15
2025-11-15T02:00:00,2025-11-15T03:00:00,147,0,,,0,,2025-11-15 02:00:00,2025-11-15,2,2025,11,15
2025-11-15T03:00:00,2025-11-15T04:00:00,147,0,,,0,,2025-11-15 03:00:00,2025-11-15,3,2025,11,15
2025-11-15T04:00:00,2025-11-15T05:00:00,147,0,,,0,,2025-11-15 04:00:00,2025-11-15,4,2025,11,15
2025-11-15T05:00:00,2025-11-15T06:00:00,147,0,,,0,,2025-11-15 05:00:00,2025-11-15,5,2025,11,15
2025-11-15T06:00:00,2025-11-15T07:00:00,147,0,,,0,,2025-11-15 06:00:00,2025-11-15,6,2025,11,15
2025-11-15T07:00:00,2025-11-15T08:00:00,147,0.09,,,0,,2025-11-15 07:00:00,2025-11-15,7,2025,11,15
2025-11-15T08:00:00,2025-11-15T09:00:00,147,0.357,,,0,,2025-11-15 08:00:00,2025-11-15,8,2025,11,15
2025-11-15T09:00:00,2025-11-15T10:00:00,147,0.64,,,0,,2025-11-15 09:00:00,2025-11-15,9,2025,11,15
2025-11-15T10:00:00,2025-11-15T11:00:00,147,0.884,,,0,,2025-11-15 10:00:00,2025-11-15,10,2025,11,15
2025-11-15T11:00:00,2025-11-15T12:00:00,147,0.887,,,0,,2025-11-15 11:00:00,2025-11-15,11,2025,11,15
2025-11-15T12:00:00,2025-11-15T13:00:00,147,0.706,,,0,,2025-11-15 12:00:00,2025-11-15,12,2025,11,15
2025-11-15T13:00:00,2025-11-15T14:00:00,147,0.396,,,0,,2025-11-15 13:00:00,2025-11-15,13,2025,11,15
2025-11-15T14:00:00,2025-11-15T15:00:00,147,0.077,,,0,,2025-11-15 14:00:00,2025-11-15,14,2025,11,15
2025-11-15T15:00:00,2025-11-15T16:00:00,147,0,,,0,,2025-11-15 15:00:00,2025-11-15,15,2025,11,15
2025-11-15T16:00:00,2025-11-15T17:00:00,147,0,,,0,,2025-11-15 16:00:00,2025-11-15,16,2025,11,15
2025-11-15T17:00:00,2025-11-15T18:00:00,147,0,,,0,,2025-11-15 17:00:00,2025-11-15,17,2025,11,15
2025-11-15T18:00:00,2025-11-15T19:00:00,147,0,,,0,,2025-11-15 18:00:00,2025-11-15,18,2025,11,15
2025-11-15T19:00:00,2025-11-15T20:00:00,147,0,,,0,,2025-11-15 19:00:00,2025-11-15,19,2025,11,15
2025-11-15T20:00:00,2025-11-15T21:00:00,147,0,,,0,,2025-11-15 20:00:00,2025-11-15,20,2025,11,15
2025-11-15T21:00:00,2025-11-15T22:00:00,147,0,,,0,,2025-11-15 21:00:00,2025-11-15,21,2025,11,15
2025-11-15T22:00:00,2025-11-15T23:00:00,147,0,,,0,,2025-11-15 22:00:00,2025-11-15,22,2025,11,15
2025-11-15T23:00:00,2025-11-16T00:00:00,147,0,,,0,,2025-11-15 23:00:00,2025-11-15,23,2025,11,15
2025-11-16T00:00:00,2025-11-16T01:00:00,147,0,,,0,,2025-11-16 00:00:00,2025-11-16,0,2025,11,16
2025-11-16T01:00:00,2025-11-16T02:00:00,147,0,,,0,,2025-11-16 01:00:00,2025-11-16,1,2025,11,16
2025-11-16T02:00:00,2025-11-16T03:00:00,147,0,,,0,,2025-11-16 02:00:00,2025-11-16,2,2025,11,16
2025-11-16T03:00:00,2025-11-16T04:00:00,147,0,,,0,,2025-11-16 03:00:00,2025-11-16,3,2025,11,16
2025-11-16T04:00:00,2025-11-16T05:00:00,147,0,,,0,,2025-11-16 04:00:00,2025-11-16,4,2025,11,16
2025-11-16T05:00:00,2025-11-16T06:00:00,147,0,,,0,,2025-11-16 05:00:00,2025-11-16,5,2025,11,16
2025-11-16T06:00:00,2025-11-16T07:00:00,147,0,,,0,,2025-11-16 06:00:00,2025-11-16,6,2025,11,16
2025-11-16T07:00:00,2025-11-16T08:00:00,147,0.036,,,0,,2025-11-16 07:00:00,2025-11-16,7,2025,11,16
2025-11-16T08:00:00,2025-11-16T09:00:00,147,0.292,,,0,,2025-11-16 08:00:00,2025-11-16,8,2025,11,16
2025-11-16T09:00:00,2025-11-16T10:00:00,147,0.358,,,0,,2025-11-16 09:00:00,2025-11-16,9,2025,11,16
2025-11-16T10:00:00,2025-11-16T11:00:00,147,0.358,,,0,,2025-11-16 10:00:00,2025-11-16,10,2025,11,16
2025-11-16T11:00:00,2025-11-16T12:00:00,147,0.399,,,0,,2025-11-16 11:00:00,2025-11-16,11,2025,11,16
2025-11-16T12:00:00,2025-11-16T13:00:00,147,0.483,,,0,,2025-11-16 12:00:00,2025-11-16,12,2025,11,16
2025-11-16T13:00:00,2025-11-16T14:00:00,147,0.139,,,0,,2025-11-16 13:00:00,2025-11-16,13,2025,11,16
2025-11-16T14:00:00,2025-11-16T15:00:00,147,0.019,,,0,,2025-11-16 14:00:00,2025-11-16,14,2025,11,16
2025-11-16T15:00:00,2025-11-16T16:00:00,147,0,,,0,,2025-11-16 15:00:00,2025-11-16,15,2025,11,16
2025-11-16T16:00:00,2025-11-16T17:00:00,147,0,,,0,,2025-11-16 16:00:00,2025-11-16,16,2025,11,16
2025-11-16T17:00:00,2025-11-16T18:00:00,147,0,,,0,,2025-11-16 17:00:00,2025-11-16,17,2025,11,16
2025-11-16T18:00:00,2025-11-16T19:00:00,147,0,,,0,,2025-11-16 18:00:00,2025-11-16,18,2025,11,16
2025-11-16T19:00:00,2025-11-16T20:00:00,147,0,,,0,,2025-11-16 19:00:00,2025-11-16,19,2025,11,16
2025-11-16T20:00:00,2025-11-16T21:00:00,147,0,,,0,,2025-11-16 20:00:00,2025-11-16,20,2025,11,16
2025-11-16T21:00:00,2025-11-16T22:00:00,147,0,,,0,,2025-11-16 21:00:00,2025-11-16,21,2025,11,16
2025-11-16T22:00:00,2025-11-16T23:00:00,147,0,,,0,,2025-11-16 22:00:00,2025-11-16,22,2025,11,16
2025-11-16T23:00:00,2025-11-17T00:00:00,147,0,,,0,,2025-11-16 23:00:00,2025-11-16,23,2025,11,16
2025-11-17T00:00:00,2025-11-17T01:00:00,147,0,,,0,,2025-11-17 00:00:00,2025-11-17,0,2025,11,17
2025-11-17T01:00:00,2025-11-17T02:00:00,147,0,,,0,,2025-11-17 01:00:00,2025-11-17,1,2025,11,17
2025-11-17T02:00:00,2025-11-17T03:00:00,147,0,,,0,,2025-11-17 02:00:00,2025-11-17,2,2025,11,17
2025-11-17T03:00:00,2025-11-17T04:00:00,147,0,,,0,,2025-11-17 03:00:00,2025-11-17,3,2025,11,17
2025-11-17T04:00:00,2025-11-17T05:00:00,147,0,,,0,,2025-11-17 04:00:00,2025-11-17,4,2025,11,17
2025-11-17T05:00:00,2025-11-17T06:00:00,147,0,,,0,,2025-11-17 05:00:00,2025-11-17,5,2025,11,17
2025-11-17T06:00:00,2025-11-17T07:00:00,147,0,,,0,,2025-11-17 06:00:00,2025-11-17,6,2025,11,17
2025-11-17T07:00:00,2025-11-17T08:00:00,147,0.081,,,0,,2025-11-17 07:00:00,2025-11-17,7,2025,11,17
2025-11-17T08:00:00,2025-11-17T09:00:00,147,0.401,,,0,,2025-11-17 08:00:00,2025-11-17,8,2025,11,17
2025-11-17T09:00:00,2025-11-17T10:00:00,147,0.458,,,0,,2025-11-17 09:00:00,2025-11-17,9,2025,11,17
2025-11-17T10:00:00,2025-11-17T11:00:00,147,0.753,,,0,,2025-11-17 10:00:00,2025-11-17,10,2025,11,17
2025-11-17T11:00:00,2025-11-17T12:00:00,147,0.833,,,0,,2025-11-17 11:00:00,2025-11-17,11,2025,11,17
2025-11-17T12:00:00,2025-11-17T13:00:00,147,0.663,,,0,,2025-11-17 12:00:00,2025-11-17,12,2025,11,17
2025-11-17T13:00:00,2025-11-17T14:00:00,147,0.347,,,0,,2025-11-17 13:00:00,2025-11-17,13,2025,11,17
2025-11-17T14:00:00,2025-11-17T15:00:00,147,0.069,,,0,,2025-11-17 14:00:00,2025-11-17,14,2025,11,17
2025-11-17T15:00:00,2025-11-17T16:00:00,147,0,,,0,,2025-11-17 15:00:00,2025-11-17,15,2025,11,17
2025-11-17T16:00:00,2025-11-17T17:00:00,147,0,,,0,,2025-11-17 16:00:00,2025-11-17,16,2025,11,17
2025-11-17T17:00:00,2025-11-17T18:00:00,147,0,,,0,,2025-11-17 17:00:00,2025-11-17,17,2025,11,17
2025-11-17T18:00:00,2025-11-17T19:00:00,147,0,,,0,,2025-11-17 18:00:00,2025-11-17,18,2025,11,17
2025-11-17T19:00:00,2025-11-17T20:00:00,147,0,,,0,,2025-11-17 19:00:00,2025-11-17,19,2025,11,17
2025-11-17T20:00:00,2025-11-17T21:00:00,147,0,,,0,,2025-11-17 20:00:00,2025-11-17,20,2025,11,17
2025-11-17T21:00:00,2025-11-17T22:00:00,147,0,,,0,,2025-11-17 21:00:00,2025-11-17,21,2025,11,17
2025-11-17T22:00:00,2025-11-17T23:00:00,147,0,,,0,,2025-11-17 22:00:00,2025-11-17,22,2025,11,17
2025-11-17T23:00:00,2025-11-18T00:00:00,147,0,,,0,,2025-11-17 23:00:00,2025-11-17,23,2025,11,17
2025-11-18T00:00:00,2025-11-18T01:00:00,147,0,,,0,,2025-11-18 00:00:00,2025-11-18,0,2025,11,18
2025-11-18T01:00:00,2025-11-18T02:00:00,147,0,,,0,,2025-11-18 01:00:00,2025-11-18,1,2025,11,18
2025-11-18T02:00:00,2025-11-18T03:00:00,147,0,,,0,,2025-11-18 02:00:00,2025-11-18,2,2025,11,18
2025-11-18T03:00:00,2025-11-18T04:00:00,147,0,,,0,,2025-11-18 03:00:00,2025-11-18,3,2025,11,18
2025-11-18T04:00:00,2025-11-18T05:00:00,147,0,,,0,,2025-11-18 04:00:00,2025-11-18,4,2025,11,18
2025-11-18T05:00:00,2025-11-18T06:00:00,147,0,,,0,,2025-11-18 05:00:00,2025-11-18,5,2025,11,18
2025-11-18T06:00:00,2025-11-18T07:00:00,147,0,,,0,,2025-11-18 06:00:00,2025-11-18,6,2025,11,18
2025-11-18T07:00:00,2025-11-18T08:00:00,147,0.048,,,0,,2025-11-18 07:00:00,2025-11-18,7,2025,11,18
2025-11-18T08:00:00,2025-11-18T09:00:00,147,0.368,,,0,,2025-11-18 08:00:00,2025-11-18,8,2025,11,18
