HourUTC,HourDK,MunicipalityNo,SolarMWh,OffshoreWindLt100MW_MWh,OffshoreWindGe100MW_MWh,OnshoreWindMWh,ThermalPowerMWh,timestamp,date,hour,year,month,day
2025-10-31T23:00:00,2025-11-01T00:00:00,779,0.0,,10.3906,25.841464,0.857705,2025-10-31 23:00:00,2025-10-31,23,2025,10,31
2025-10-31T23:00:00,2025-11-01T00:00:00,167,0.0,9.9649,,0.905878,156.25916,2025-10-31 23:00:00,2025-10-31,23,2025,10,31
2025-10-31T23:00:00,2025-11-01T00:00:00,707,0.0,,353.270793,7.292387,0.001191,2025-10-31 23:00:00,2025-10-31,23,2025,10,31
2025-10-31T23:00:00,2025-11-01T00:00:00,259,0.0,,351.7409,0.244846,0.001958,2025-10-31 23:00:00,2025-10-31,23,2025,10,31
2025-10-31T23:00:00,2025-11-01T00:00:00,330,0.0,9.48333,,3.001622,3.737875,2025-10-31 23:00:00,2025-10-31,23,2025,10,31
2025-10-31T23:00:00,2025-11-01T00:00:00,665,0.0,21.776572,164.202,72.306502,0.825,2025-10-31 23:00:00,2025-10-31,23,2025,10,31
2025-10-31T23:00:00,2025-11-01T00:00:00,101,0.0,12.4647,,4.306482,137.265649,2025-10-31 23:00:00,2025-10-31,23,2025,10,31
2025-10-31T23:00:00,2025-11-01T00:00:00,360,0.0,,62.0419,65.417363,0.0,2025-10-31 23:00:00,2025-10-31,23,2025,10,31
2025-10-31T23:00:00,2025-11-01T00:00:00,741,0.0,12.47332,,2.902264,,2025-10-31 23:00:00,2025-10-31,23,2025,10,31
2025-10-31T23:00:00,2025-11-01T00:00:00,561,0.0,114.322484,502.241991,27.340622,17.822451,2025-10-31 23:00:00,2025-10-31,23,2025,10,31
2025-10-31T23:00:00,2025-11-01T00:00:00,376,0.0,,38.119159,5.804494,17.865943,2025-10-31 23:00:00,2025-10-31,23,2025,10,31
2025-10-31T23:00:00,2025-11-01T00:00:00,813,0.0,6.4,,11.848355,2.279663,2025-10-31 23:00:00,2025-10-31,23,2025,10,31
2025-10-31T23:00:00,2025-11-01T00:00:00,760,0.0,,164.0,201.403622,4.25368,2025-10-31 23:00:00,2025-10-31,23,2025,10,31
2025-10-31T23:00:00,2025-11-01T00:00:00,727,0.0,1.9357,,4.371151,0.0,2025-10-31 23:00:00,2025-10-31,23,2025,10,31
2025-10-31T23:00:00,2025-11-01T00:00:00,270,0.0,,,0.079522,0.0,2025-10-31 23:00:00,2025-10-31,23,2025,10,31
2025-10-31T23:00:00,2025-11-01T00:00:00,159,0.0,,,0.0,0.0,2025-10-31 23:00:00,2025-10-31,23,2025,10,31
2025-10-31T23:00:00,2025-11-01T00:00:00,671,0.0,,,17.217799,,2025-10-31 23:00:00,2025-10-31,23,2025,10,31
2025-10-31T23:00:00,2025-11-01T00:00:00,169,0.0,,,0.210205,0.0,2025-10-31 23:00:00,2025-10-31,23,2025,10,31
2025-10-31T23:00:00,2025-11-01T00:00:00,530,0.0,,,22.647165,1.609561,2025-10-31 23:00:00,2025-10-31,23,2025,10,31
2025-10-31T23:00:00,2025-11-01T00:00:00,621,0.0,,,3.594314,0.337106,2025-10-31 23:00:00,2025-10-31,23,2025,10,31
2025-10-31T23:00:00,2025-11-01T00:00:00,185,0.0,,,0.0,,2025-10-31 23:00:00,2025-10-31,23,2025,10,31
2025-10-31T23:00:00,2025-11-01T00:00:00,420,0.0,,,3.725612,1.319406,2025-10-31 23:00:00,2025-10-31,23,2025,10,31
2025-10-31T23:00:00,2025-11-01T00:00:00,575,0.0,,,6.812169,1.185325,2025-10-31 23:00:00,2025-10-31,23,2025,10,31
2025-10-31T23:00:00,2025-11-01T00:00:00,510,0.0,,,4.030004,0.001,2025-10-31 23:00:00,2025-10-31,23,2025,10,31
2025-10-31T23:00:00,2025-11-01T00:00:00,440,0.0,,,6.762465,0.0,2025-10-31 23:00:00,2025-10-31,23,2025,10,31
2025-10-31T23:00:00,2025-11-01T00:00:00,219,0.0,,,0.166778,3.64374,2025-10-31 23:00:00,2025-10-31,23,2025,10,31
2025-10-31T23:00:00,2025-11-01T00:00:00,630,0.0,,,9.412805,1.19823,2025-10-31 23:00:00,2025-10-31,23,2025,10,31
2025-10-31T23:00:00,2025-11-01T00:00:00,390,0.0,,,1.81481,8.3285,2025-10-31 23:00:00,2025-10-31,23,2025,10,31
2025-10-31T23:00:00,2025-11-01T00:00:00,730,0.0,,,64.53779,7.152196,2025-10-31 23:00:00,2025-10-31,23,2025,10,31
2025-10-31T23:00:00,2025-11-01T00:00:00,320,0.0,,,3.996602,3.873296,2025-10-31 23:00:00,2025-10-31,23,2025,10,31
2025-10-31T23:00:00,2025-11-01T00:00:00,482,0.0,,,7.57488,,2025-10-31 23:00:00,2025-10-31,23,2025,10,31
2025-10-31T23:00:00,2025-11-01T00:00:00,791,0.0,,,16.07811,3.958815,2025-10-31 23:00:00,2025-10-31,23,2025,10,31
2025-10-31T23:00:00,2025-11-01T00:00:00,370,0.0,,,11.254507,10.91131,2025-10-31 23:00:00,2025-10-31,23,2025,10,31
2025-10-31T23:00:00,2025-11-01T00:00:00,615,0.0,,,0.679687,0.71111,2025-10-31 23:00:00,2025-10-31,23,2025,10,31
2025-10-31T23:00:00,2025-11-01T00:00:00,240,0.0,,,0.00083,0.0,2025-10-31 23:00:00,2025-10-31,23,2025,10,31
2025-10-31T23:00:00,2025-11-01T00:00:00,661,0.0,,,58.310238,19.585,2025-10-31 23:00:00,2025-10-31,23,2025,10,31
2025-10-31T23:00:00,2025-11-01T00:00:00,190,0.0,,,0.0,0.0,2025-10-31 23:00:00,2025-10-31,23,2025,10,31
2025-10-31T23:00:00,2025-11-01T00:00:00,706,0.0,,,5.053243,0.249451,2025-10-31 23:00:00,2025-10-31,23,2025,10,31
2025-10-31T23:00:00,2025-11-01T00:00:00,269,0.0,,,0.025188,0.52314,2025-10-31 23:00:00,2025-10-31,23,2025,10,31
2025-10-31T23:00:00,2025-11-01T00:00:00,173,0.0,,,0.0,0.18993,2025-10-31 23:00:00,2025-10-31,23,2025,10,31
2025-10-31T23:00:00,2025-11-01T00:00:00,740,0.0,,,6.983098,0.206253,2025-10-31 23:00:00,2025-10-31,23,2025,10,31
2025-10-31T23:00:00,2025-11-01T00:00:00,851,0.0,,,33.857739,4.11889,2025-10-31 23:00:00,2025-10-31,23,2025,10,31
2025-10-31T23:00:00,2025-11-01T00:00:00,430,0.0,,,1.47257,0.08173,2025-10-31 23:00:00,2025-10-31,23,2025,10,31
2025-10-31T23:00:00,2025-11-01T00:00:00,155,0.0,,,0.0,,2025-10-31 23:00:00,2025-10-31,23,2025,10,31
2025-10-31T23:00:00,2025-11-01T00:00:00,187,0.0,,,0.0,,2025-10-31 23:00:00,2025-10-31,23,2025,10,31
2025-10-31T23:00:00,2025-11-01T00:00:00,563,0.0,,,0.3828,,2025-10-31 23:00:00,2025-10-31,23,2025,10,31
2025-10-31T23:00:00,2025-11-01T00:00:00,751,0.0,,,2.223841,36.09784,2025-10-31 23:00:00,2025-10-31,23,2025,10,31
2025-10-31T23:00:00,2025-11-01T00:00:00,492,0.0,,,2.834568,0.0,2025-10-31 23:00:00,2025-10-31,23,2025,10,31
2025-10-31T23:00:00,2025-11-01T00:00:00,849,0.0,,,60.735452,0.000713,2025-10-31 23:00:00,2025-10-31,23,2025,10,31
2025-10-31T23:00:00,2025-11-01T00:00:00,165,0.0,,,0.0,0.0,2025-10-31 23:00:00,2025-10-31,23,2025,10,31
2025-10-31T23:00:00,2025-11-01T00:00:00,253,0.0,,,0.073708,0.00829,2025-10-31 23:00:00,2025-10-31,23,2025,10,31
2025-10-31T23:00:00,2025-11-01T00:00:00,329,0.0,,,0.508813,0.0,2025-10-31 23:00:00,2025-10-31,23,2025,10,31
2025-10-31T23:00:00,2025-11-01T00:00:00,163,0.0,,,0.0,,2025-10-31 23:00:00,2025-10-31,23,2025,10,31
2025-10-31T23:00:00,2025-11-01T00:00:00,479,0.0,,,3.173801,0.012199,2025-10-31 23:00:00,2025-10-31,23,2025,10,31
2025-10-31T23:00:00,2025-11-01T00:00:00,450,0.0,,,2.161437,0.8747,2025-10-31 23:00:00,2025-10-31,23,2025,10,31
2025-10-31T23:00:00,2025-11-01T00:00:00,306,0.0,,,0.269172,0.0,2025-10-31 23:00:00,2025-10-31,23,2025,10,31
2025-10-31T23:00:00,2025-11-01T00:00:00,840,0.0,,,12.750069,0.0,2025-10-31 23:00:00,2025-10-31,23,2025,10,31
2025-10-31T23:00:00,2025-11-01T00:00:00,183,0.0,,,0.0,,2025-10-31 23:00:00,2025-10-31,23,2025,10,31
2025-10-31T23:00:00,2025-11-01T00:00:00,480,0.0,,,2.507595,0.0,2025-10-31 23:00:00,2025-10-31,23,2025,10,31
2025-10-31T23:00:00,2025-11-01T00:00:00,316,0.0,,,7.767265,9.3e-05,2025-10-31 23:00:00,2025-10-31,23,2025,10,31
2025-10-31T23:00:00,2025-11-01T00:00:00,250,0.0,,,0.298075,0.0,2025-10-31 23:00:00,2025-10-31,23,2025,10,31
2025-10-31T23:00:00,2025-11-01T00:00:00,746,0.0,,,5.339487,1.93096,2025-10-31 23:00:00,2025-10-31,23,2025,10,31
2025-10-31T23:00:00,2025-11-01T00:00:00,201,0.0,,,0.068132,0.0,2025-10-31 23:00:00,2025-10-31,23,2025,10,31
2025-10-31T23:00:00,2025-11-01T00:00:00,820,0.0,,,42.323665,3.4918,2025-10-31 23:00:00,2025-10-31,23,2025,10,31
2025-10-31T23:00:00,2025-11-01T00:00:00,265,0.0,,,0.609667,30.450241,2025-10-31 23:00:00,2025-10-31,23,2025,10,31
2025-10-31T23:00:00,2025-11-01T00:00:00,607,0.0,,,0.23552,6.427485,2025-10-31 23:00:00,2025-10-31,23,2025,10,31
2025-10-31T23:00:00,2025-11-01T00:00:00,846,0.0,,,21.896202,0.25172,2025-10-31 23:00:00,2025-10-31,23,2025,10,31
2025-10-31T23:00:00,2025-11-01T00:00:00,157,0.0,,,0.0,,2025-10-31 23:00:00,2025-10-31,23,2025,10,31
2025-10-31T23:00:00,2025-11-01T00:00:00,825,0.0,,,0.0,,2025-10-31 23:00:00,2025-10-31,23,2025,10,31
2025-10-31T23:00:00,2025-11-01T00:00:00,756,0.0,,,16.362827,0.889565,2025-10-31 23:00:00,2025-10-31,23,2025,10,31
2025-10-31T23:00:00,2025-11-01T00:00:00,336,0.0,,,2.055133,0.0023,2025-10-31 23:00:00,2025-10-31,23,2025,10,31
2025-10-31T23:00:00,2025-11-01T00:00:00,147,0.0,,,0.0,,2025-10-31 23:00:00,2025-10-31,23,2025,10,31
2025-10-31T23:00:00,2025-11-01T00:00:00,161,0.0,,,0.0,16.783618,2025-10-31 23:00:00,2025-10-31,23,2025,10,31
2025-10-31T23:00:00,2025-11-01T00:00:00,223,0.0,,,0.0,3.29161,2025-10-31 23:00:00,2025-10-31,23,2025,10,31
2025-10-31T23:00:00,2025-11-01T00:00:00,540,0.0,,,1.803971,4.445892,2025-10-31 23:00:00,2025-10-31,23,2025,10,31
2025-10-31T23:00:00,2025-11-01T00:00:00,773,0.0,,,26.62268,0.0,2025-10-31 23:00:00,2025-10-31,23,2025,10,31
2025-10-31T23:00:00,2025-11-01T00:00:00,860,0.0,,,28.572261,5.69114,2025-10-31 23:00:00,2025-10-31,23,2025,10,31
2025-10-31T23:00:00,2025-11-01T00:00:00,787,0.0,,,82.975152,3.36758,2025-10-31 23:00:00,2025-10-31,23,2025,10,31
2025-10-31T23:00:00,2025-11-01T00:00:00,461,0.0,,,0.802715,78.236094,2025-10-31 23:00:00,2025-10-31,23,2025,10,31
2025-10-31T23:00:00,2025-11-01T00:00:00,580,0.0,,,9.005464,0.828483,2025-10-31 23:00:00,2025-10-31,23,2025,10,31
2025-10-31T23:00:00,2025-11-01T00:00:00,153,0.0,,,0.0,1e-05,2025-10-31 23:00:00,2025-10-31,23,2025,10,31
2025-10-31T23:00:00,2025-11-01T00:00:00,340,0.0,,,1.336345,0.34572,2025-10-31 23:00:00,2025-10-31,23,2025,10,31
2025-10-31T23:00:00,2025-11-01T00:00:00,326,0.0,,,16.015803,0.0,2025-10-31 23:00:00,2025-10-31,23,2025,10,31
2025-10-31T23:00:00,2025-11-01T00:00:00,217,0.0,,,0.00437,7.4827,2025-10-31 23:00:00,2025-10-31,23,2025,10,31
2025-10-31T23:00:00,2025-11-01T00:00:00,210,0.0,,,0.0,0.0,2025-10-31 23:00:00,2025-10-31,23,2025,10,31
2025-10-31T23:00:00,2025-11-01T00:00:00,175,0.0,,,0.0,,2025-10-31 23:00:00,2025-10-31,23,2025,10,31
2025-10-31T23:00:00,2025-11-01T00:00:00,573,0.0,,,15.668529,0.0798,2025-10-31 23:00:00,2025-10-31,23,2025,10,31
2025-10-31T23:00:00,2025-11-01T00:00:00,350,0.0,,,0.459911,0.0099,2025-10-31 23:00:00,2025-10-31,23,2025,10,31
2025-10-31T23:00:00,2025-11-01T00:00:00,710,0.0,,,5.001107,0.00108,2025-10-31 23:00:00,2025-10-31,23,2025,10,31
2025-10-31T23:00:00,2025-11-01T00:00:00,550,0.0,,,22.707664,1.198938,2025-10-31 23:00:00,2025-10-31,23,2025,10,31
2025-10-31T23:00:00,2025-11-01T00:00:00,260,0.0,,,0.656126,0.00035,2025-10-31 23:00:00,2025-10-31,23,2025,10,31
2025-10-31T23:00:00,2025-11-01T00:00:00,766,0.0,,,2.383986,0.0,2025-10-31 23:00:00,2025-10-31,23,2025,10,31
2025-10-31T23:00:00,2025-11-01T00:00:00,810,0.0,,,38.573288,0.56525,2025-10-31 23:00:00,2025-10-31,23,2025,10,31
2025-10-31T23:00:00,2025-11-01T00:00:00,151,0.0,,,0.0,0.04072,2025-10-31 23:00:00,2025-10-31,23,2025,10,31
2025-10-31T23:00:00,2025-11-01T00:00:00,410,0.0,,,1.768827,0.012891,2025-10-31 23:00:00,2025-10-31,23,2025,10,31
2025-10-31T23:00:00,2025-11-01T00:00:00,400,0.0,,,6.842051,4.082,2025-10-31 23:00:00,2025-10-31,23,2025,10,31
2025-10-31T23:00:00,2025-11-01T00:00:00,657,0.0,,,28.482694,0.3237,2025-10-31 23:00:00,2025-10-31,23,2025,10,31
2025-10-31T23:00:00,2025-11-01T00:00:00,230,0.0,,,0.0,0.01015,2025-10-31 23:00:00,2025-10-31,23,2025,10,31
2025-11-01T00:00:00,2025-11-01T01:00:00,330,0.0,8.36136,,3.098162,3.640647,2025-11-01 00:00:00,2025-11-01,0,2025,11,1
2025-11-01T00:00:00,2025-11-01T01:00:00,707,0.0,,291.604579,6.157269,0.00112,2025-11-01 00:00:00,2025-11-01,0,2025,11,1
2025-11-01T00:00:00,2025-11-01T01:00:00,376,0.0,,25.958358,5.236906,17.78958,2025-11-01 00:00:00,2025-11-01,0,2025,11,1
2025-11-01T00:00:00,2025-11-01T01:00:00,779,0.0,,12.0302,29.028697,0.758406,2025-11-01 00:00:00,2025-11-01,0,2025,11,1
2025-11-01T00:00:00,2025-11-01T01:00:00,167,0.0,7.1256,,0.646691,191.25801,2025-11-01 00:00:00,2025-11-01,0,2025,11,1
2025-11-01T00:00:00,2025-11-01T01:00:00,665,0.0,24.860697,176.742,82.507429,1.104,2025-11-01 00:00:00,2025-11-01,0,2025,11,1
2025-11-01T00:00:00,2025-11-01T01:00:00,727,0.0,2.1533,,5.321455,0.0,2025-11-01 00:00:00,2025-11-01,0,2025,11,1
2025-11-01T00:00:00,2025-11-01T01:00:00,813,0.0,5.76,,9.416801,2.304548,2025-11-01 00:00:00,2025-11-01,0,2025,11,1
2025-11-01T00:00:00,2025-11-01T01:00:00,760,0.0,,165.0,190.783227,4.26324,2025-11-01 00:00:00,2025-11-01,0,2025,11,1
2025-11-01T00:00:00,2025-11-01T01:00:00,741,0.0,9.756707,,2.686886,,2025-11-01 00:00:00,2025-11-01,0,2025,11,1
2025-11-01T00:00:00,2025-11-01T01:00:00,360,0.0,,61.8817,60.466285,0.0,2025-11-01 00:00:00,2025-11-01,0,2025,11,1
2025-11-01T00:00:00,2025-11-01T01:00:00,561,0.0,102.779101,482.070064,24.595901,20.144515,2025-11-01 00:00:00,2025-11-01,0,2025,11,1
2025-11-01T00:00:00,2025-11-01T01:00:00,259,0.0,,244.7531,0.082619,0.144618,2025-11-01 00:00:00,2025-11-01,0,2025,11,1
2025-11-01T00:00:00,2025-11-01T01:00:00,101,0.0,9.4592,,2.890035,157.469584,2025-11-01 00:00:00,2025-11-01,0,2025,11,1
2025-11-01T00:00:00,2025-11-01T01:00:00,563,0.0,,,0.3656,,2025-11-01 00:00:00,2025-11-01,0,2025,11,1
2025-11-01T00:00:00,2025-11-01T01:00:00,410,0.0,,,1.675208,0.020765,2025-11-01 00:00:00,2025-11-01,0,2025,11,1
2025-11-01T00:00:00,2025-11-01T01:00:00,766,0.0,,,1.909438,0.0,2025-11-01 00:00:00,2025-11-01,0,2025,11,1
2025-11-01T00:00:00,2025-11-01T01:00:00,482,0.0,,,5.71692,,2025-11-01 00:00:00,2025-11-01,0,2025,11,1
2025-11-01T00:00:00,2025-11-01T01:00:00,550,0.0,,,23.546445,0.540345,2025-11-01 00:00:00,2025-11-01,0,2025,11,1
2025-11-01T00:00:00,2025-11-01T01:00:00,740,0.0,,,7.816684,0.186906,2025-11-01 00:00:00,2025-11-01,0,2025,11,1
2025-11-01T00:00:00,2025-11-01T01:00:00,320,0.0,,,3.160398,4.005406,2025-11-01 00:00:00,2025-11-01,0,2025,11,1
2025-11-01T00:00:00,2025-11-01T01:00:00,510,0.0,,,4.104746,0.0,2025-11-01 00:00:00,2025-11-01,0,2025,11,1
2025-11-01T00:00:00,2025-11-01T01:00:00,630,0.0,,,9.354445,1.197917,2025-11-01 00:00:00,2025-11-01,0,2025,11,1
2025-11-01T00:00:00,2025-11-01T01:00:00,219,0.0,,,0.225518,3.61894,2025-11-01 00:00:00,2025-11-01,0,2025,11,1
2025-11-01T00:00:00,2025-11-01T01:00:00,851,0.0,,,28.303139,5.77361,2025-11-01 00:00:00,2025-11-01,0,2025,11,1
2025-11-01T00:00:00,2025-11-01T01:00:00,270,0.0,,,0.067053,4.15704,2025-11-01 00:00:00,2025-11-01,0,2025,11,1
2025-11-01T00:00:00,2025-11-01T01:00:00,230,0.0,,,0.0,0.0118,2025-11-01 00:00:00,2025-11-01,0,2025,11,1
2025-11-01T00:00:00,2025-11-01T01:00:00,350,0.0,,,0.513592,0.00992,2025-11-01 00:00:00,2025-11-01,0,2025,11,1
2025-11-01T00:00:00,2025-11-01T01:00:00,657,0.0,,,27.61837,0.3222,2025-11-01 00:00:00,2025-11-01,0,2025,11,1
2025-11-01T00:00:00,2025-11-01T01:00:00,185,0.0,,,0.0,,2025-11-01 00:00:00,2025-11-01,0,2025,11,1
2025-11-01T00:00:00,2025-11-01T01:00:00,621,0.0,,,3.031426,0.337228,2025-11-01 00:00:00,2025-11-01,0,2025,11,1
2025-11-01T00:00:00,2025-11-01T01:00:00,336,0.0,,,1.423887,0.0023,2025-11-01 00:00:00,2025-11-01,0,2025,11,1
2025-11-01T00:00:00,2025-11-01T01:00:00,159,0.0,,,0.0,0.0,2025-11-01 00:00:00,2025-11-01,0,2025,11,1
2025-11-01T00:00:00,2025-11-01T01:00:00,260,0.0,,,0.621768,0.00029,2025-11-01 00:00:00,2025-11-01,0,2025,11,1
2025-11-01T00:00:00,2025-11-01T01:00:00,791,0.0,,,16.764094,3.861043,2025-11-01 00:00:00,2025-11-01,0,2025,11,1
2025-11-01T00:00:00,2025-11-01T01:00:00,190,0.0,,,0.0,0.0,2025-11-01 00:00:00,2025-11-01,0,2025,11,1
2025-11-01T00:00:00,2025-11-01T01:00:00,316,0.0,,,7.946644,9.1e-05,2025-11-01 00:00:00,2025-11-01,0,2025,11,1
2025-11-01T00:00:00,2025-11-01T01:00:00,169,0.0,,,0.128889,0.0,2025-11-01 00:00:00,2025-11-01,0,2025,11,1
2025-11-01T00:00:00,2025-11-01T01:00:00,840,0.0,,,17.017954,0.0,2025-11-01 00:00:00,2025-11-01,0,2025,11,1
2025-11-01T00:00:00,2025-11-01T01:00:00,163,0.0,,,0.0,,2025-11-01 00:00:00,2025-11-01,0,2025,11,1
2025-11-01T00:00:00,2025-11-01T01:00:00,440,0.0,,,6.39044,0.0,2025-11-01 00:00:00,2025-11-01,0,2025,11,1
2025-11-01T00:00:00,2025-11-01T01:00:00,173,0.0,,,0.0,0.20636,2025-11-01 00:00:00,2025-11-01,0,2025,11,1
2025-11-01T00:00:00,2025-11-01T01:00:00,329,0.0,,,0.537144,0.00016,2025-11-01 00:00:00,2025-11-01,0,2025,11,1
2025-11-01T00:00:00,2025-11-01T01:00:00,846,0.0,,,22.153374,0.22043,2025-11-01 00:00:00,2025-11-01,0,2025,11,1
2025-11-01T00:00:00,2025-11-01T01:00:00,240,0.0,,,0.0002,0.18914,2025-11-01 00:00:00,2025-11-01,0,2025,11,1
2025-11-01T00:00:00,2025-11-01T01:00:00,430,0.0,,,1.323767,0.08202,2025-11-01 00:00:00,2025-11-01,0,2025,11,1
2025-11-01T00:00:00,2025-11-01T01:00:00,370,0.0,,,9.448662,13.608083,2025-11-01 00:00:00,2025-11-01,0,2025,11,1
2025-11-01T00:00:00,2025-11-01T01:00:00,615,0.0,,,0.752247,0.00474,2025-11-01 00:00:00,2025-11-01,0,2025,11,1
2025-11-01T00:00:00,2025-11-01T01:00:00,269,0.0,,,0.007789,0.52304,2025-11-01 00:00:00,2025-11-01,0,2025,11,1
2025-11-01T00:00:00,2025-11-01T01:00:00,187,0.0,,,0.0,,2025-11-01 00:00:00,2025-11-01,0,2025,11,1
2025-11-01T00:00:00,2025-11-01T01:00:00,306,0.0,,,0.392455,0.0,2025-11-01 00:00:00,2025-11-01,0,2025,11,1
2025-11-01T00:00:00,2025-11-01T01:00:00,820,0.0,,,49.861884,3.60992,2025-11-01 00:00:00,2025-11-01,0,2025,11,1
2025-11-01T00:00:00,2025-11-01T01:00:00,157,0.0,,,0.0,,2025-11-01 00:00:00,2025-11-01,0,2025,11,1
2025-11-01T00:00:00,2025-11-01T01:00:00,253,0.0,,,0.034249,0.00825,2025-11-01 00:00:00,2025-11-01,0,2025,11,1
2025-11-01T00:00:00,2025-11-01T01:00:00,250,0.0,,,0.28539,0.0,2025-11-01 00:00:00,2025-11-01,0,2025,11,1
2025-11-01T00:00:00,2025-11-01T01:00:00,223,0.0,,,0.0,4.55723,2025-11-01 00:00:00,2025-11-01,0,2025,11,1
2025-11-01T00:00:00,2025-11-01T01:00:00,580,0.0,,,8.888204,0.82655,2025-11-01 00:00:00,2025-11-01,0,2025,11,1
2025-11-01T00:00:00,2025-11-01T01:00:00,400,0.0,,,8.456811,1.448,2025-11-01 00:00:00,2025-11-01,0,2025,11,1
2025-11-01T00:00:00,2025-11-01T01:00:00,773,0.0,,,27.95217,0.0,2025-11-01 00:00:00,2025-11-01,0,2025,11,1
2025-11-01T00:00:00,2025-11-01T01:00:00,201,0.0,,,0.040774,0.0,2025-11-01 00:00:00,2025-11-01,0,2025,11,1
2025-11-01T00:00:00,2025-11-01T01:00:00,492,0.0,,,1.837405,0.0,2025-11-01 00:00:00,2025-11-01,0,2025,11,1
2025-11-01T00:00:00,2025-11-01T01:00:00,147,0.0,,,0.0,,2025-11-01 00:00:00,2025-11-01,0,2025,11,1
2025-11-01T00:00:00,2025-11-01T01:00:00,751,0.0,,,3.012532,36.17745,2025-11-01 00:00:00,2025-11-01,0,2025,11,1
2025-11-01T00:00:00,2025-11-01T01:00:00,671,0.0,,,19.334659,,2025-11-01 00:00:00,2025-11-01,0,2025,11,1
2025-11-01T00:00:00,2025-11-01T01:00:00,860,0.0,,,29.377601,5.43742,2025-11-01 00:00:00,2025-11-01,0,2025,11,1
2025-11-01T00:00:00,2025-11-01T01:00:00,265,0.0,,,0.450876,30.705122,2025-11-01 00:00:00,2025-11-01,0,2025,11,1
2025-11-01T00:00:00,2025-11-01T01:00:00,756,0.0,,,16.443891,0.899406,2025-11-01 00:00:00,2025-11-01,0,2025,11,1
2025-11-01T00:00:00,2025-11-01T01:00:00,661,0.0,,,65.528405,19.445,2025-11-01 00:00:00,2025-11-01,0,2025,11,1
2025-11-01T00:00:00,2025-11-01T01:00:00,420,0.0,,,3.332319,0.565756,2025-11-01 00:00:00,2025-11-01,0,2025,11,1
2025-11-01T00:00:00,2025-11-01T01:00:00,706,0.0,,,5.197673,0.249576,2025-11-01 00:00:00,2025-11-01,0,2025,11,1
2025-11-01T00:00:00,2025-11-01T01:00:00,175,0.0,,,0.0,,2025-11-01 00:00:00,2025-11-01,0,2025,11,1
2025-11-01T00:00:00,2025-11-01T01:00:00,849,0.0,,,59.943566,0.000714,2025-11-01 00:00:00,2025-11-01,0,2025,11,1
2025-11-01T00:00:00,2025-11-01T01:00:00,155,0.0,,,0.0,,2025-11-01 00:00:00,2025-11-01,0,2025,11,1
2025-11-01T00:00:00,2025-11-01T01:00:00,450,0.0,,,2.077818,0.8866,2025-11-01 00:00:00,2025-11-01,0,2025,11,1
2025-11-01T00:00:00,2025-11-01T01:00:00,530,0.0,,,22.673937,1.609497,2025-11-01 00:00:00,2025-11-01,0,2025,11,1
2025-11-01T00:00:00,2025-11-01T01:00:00,161,0.0,,,0.0,16.744326,2025-11-01 00:00:00,2025-11-01,0,2025,11,1
2025-11-01T00:00:00,2025-11-01T01:00:00,165,0.0,,,0.0,0.0,2025-11-01 00:00:00,2025-11-01,0,2025,11,1
2025-11-01T00:00:00,2025-11-01T01:00:00,746,0.0,,,5.062905,1.92239,2025-11-01 00:00:00,2025-11-01,0,2025,11,1
2025-11-01T00:00:00,2025-11-01T01:00:00,326,0.0,,,17.125106,0.0,2025-11-01 00:00:00,2025-11-01,0,2025,11,1
2025-11-01T00:00:00,2025-11-01T01:00:00,573,0.0,,,15.53895,0.0916,2025-11-01 00:00:00,2025-11-01,0,2025,11,1
2025-11-01T00:00:00,2025-11-01T01:00:00,710,0.0,,,5.377535,4e-05,2025-11-01 00:00:00,2025-11-01,0,2025,11,1
2025-11-01T00:00:00,2025-11-01T01:00:00,217,0.0,,,0.00206,7.9283,2025-11-01 00:00:00,2025-11-01,0,2025,11,1
2025-11-01T00:00:00,2025-11-01T01:00:00,810,0.0,,,33.435568,0.2301,2025-11-01 00:00:00,2025-11-01,0,2025,11,1
2025-11-01T00:00:00,2025-11-01T01:00:00,479,0.0,,,2.440574,0.014367,2025-11-01 00:00:00,2025-11-01,0,2025,11,1
2025-11-01T00:00:00,2025-11-01T01:00:00,461,0.0,,,0.645992,40.506815,2025-11-01 00:00:00,2025-11-01,0,2025,11,1
2025-11-01T00:00:00,2025-11-01T01:00:00,540,0.0,,,1.956953,4.372603,2025-11-01 00:00:00,2025-11-01,0,2025,11,1
2025-11-01T00:00:00,2025-11-01T01:00:00,390,0.0,,,1.212016,8.37287,2025-11-01 00:00:00,2025-11-01,0,2025,11,1
2025-11-01T00:00:00,2025-11-01T01:00:00,151,0.0,,,0.0,0.04278,2025-11-01 00:00:00,2025-11-01,0,2025,11,1
2025-11-01T00:00:00,2025-11-01T01:00:00,730,0.0,,,49.565776,5.469555,2025-11-01 00:00:00,2025-11-01,0,2025,11,1
2025-11-01T00:00:00,2025-11-01T01:00:00,575,0.0,,,6.058403,1.003573,2025-11-01 00:00:00,2025-11-01,0,2025,11,1
2025-11-01T00:00:00,2025-11-01T01:00:00,183,0.0,,,0.0,,2025-11-01 00:00:00,2025-11-01,0,2025,11,1
2025-11-01T00:00:00,2025-11-01T01:00:00,607,0.0,,,0.318709,6.192504,2025-11-01 00:00:00,2025-11-01,0,2025,11,1
2025-11-01T00:00:00,2025-11-01T01:00:00,153,0.0,,,0.0,1e-05,2025-11-01 00:00:00,2025-11-01,0,2025,11,1
2025-11-01T00:00:00,2025-11-01T01:00:00,480,0.0,,,2.20093,0.0,2025-11-01 00:00:00,2025-11-01,0,2025,11,1
2025-11-01T00:00:00,2025-11-01T01:00:00,210,0.0,,,0.0,0.0,2025-11-01 00:00:00,2025-11-01,0,2025,11,1
2025-11-01T00:00:00,2025-11-01T01:00:00,340,0.0,,,1.421971,0.35041,2025-11-01 00:00:00,2025-11-01,0,2025,11,1
2025-11-01T00:00:00,2025-11-01T01:00:00,825,0.0,,,0.0,,2025-11-01 00:00:00,2025-11-01,0,2025,11,1
2025-11-01T00:00:00,2025-11-01T01:00:00,787,0.0,,,88.871732,3.52859,2025-11-01 00:00:00,2025-11-01,0,2025,11,1
2025-11-01T01:00:00,2025-11-01T02:00:00,760,0.0,,168.0,175.40703,4.3636,2025-11-01 01:00:00,2025-11-01,1,2025,11,1
2025-11-01T01:00:00,2025-11-01T02:00:00,259,0.0,,273.0502,0.098462,0.183218,2025-11-01 01:00:00,2025-11-01,1,2025,11,1
2025-11-01T01:00:00,2025-11-01T02:00:00,360,0.0,,44.172,50.690748,0.0,2025-11-01 01:00:00,2025-11-01,1,2025,11,1
2025-11-01T01:00:00,2025-11-01T02:00:00,561,0.0,97.514128,463.152771,22.64465,24.552517,2025-11-01 01:00:00,2025-11-01,1,2025,11,1
2025-11-01T01:00:00,2025-11-01T02:00:00,101,0.0,7.7196,,2.487326,162.437651,2025-11-01 01:00:00,2025-11-01,1,2025,11,1
2025-11-01T01:00:00,2025-11-01T02:00:00,330,0.0,8.03498,,2.436989,3.668859,2025-11-01 01:00:00,2025-11-01,1,2025,11,1
2025-11-01T01:00:00,2025-11-01T02:00:00,707,0.0,,285.922918,6.063839,0.00111,2025-11-01 01:00:00,2025-11-01,1,2025,11,1
2025-11-01T01:00:00,2025-11-01T02:00:00,376,0.0,,14.92346,3.4105,17.842928,2025-11-01 01:00:00,2025-11-01,1,2025,11,1
2025-11-01T01:00:00,2025-11-01T02:00:00,779,0.0,,11.0498,36.108979,0.822146,2025-11-01 01:00:00,2025-11-01,1,2025,11,1
2025-11-01T01:00:00,2025-11-01T02:00:00,167,0.0,6.0804,,0.560169,186.39308,2025-11-01 01:00:00,2025-11-01,1,2025,11,1
2025-11-01T01:00:00,2025-11-01T02:00:00,665,0.0,14.196481,179.014,67.54013,3.875,2025-11-01 01:00:00,2025-11-01,1,2025,11,1
2025-11-01T01:00:00,2025-11-01T02:00:00,741,0.0,11.843062,,3.267737,,2025-11-01 01:00:00,2025-11-01,1,2025,11,1
2025-11-01T01:00:00,2025-11-01T02:00:00,727,0.0,1.9613,,5.002234,0.0,2025-11-01 01:00:00,2025-11-01,1,2025,11,1
2025-11-01T01:00:00,2025-11-01T02:00:00,813,0.0,4.48,,9.921422,2.292868,2025-11-01 01:00:00,2025-11-01,1,2025,11,1
2025-11-01T01:00:00,2025-11-01T02:00:00,621,0.0,,,3.130679,0.347231,2025-11-01 01:00:00,2025-11-01,1,2025,11,1
2025-11-01T01:00:00,2025-11-01T02:00:00,766,0.0,,,1.643067,0.00012,2025-11-01 01:00:00,2025-11-01,1,2025,11,1
2025-11-01T01:00:00,2025-11-01T02:00:00,201,0.0,,,0.00227,0.0,2025-11-01 01:00:00,2025-11-01,1,2025,11,1
2025-11-01T01:00:00,2025-11-01T02:00:00,710,0.0,,,6.102822,0.02468,2025-11-01 01:00:00,2025-11-01,1,2025,11,1
2025-11-01T01:00:00,2025-11-01T02:00:00,540,0.0,,,2.077156,4.397794,2025-11-01 01:00:00,2025-11-01,1,2025,11,1
2025-11-01T01:00:00,2025-11-01T02:00:00,791,0.0,,,16.694978,4.61693,2025-11-01 01:00:00,2025-11-01,1,2025,11,1
2025-11-01T01:00:00,2025-11-01T02:00:00,530,0.0,,,19.341658,1.619167,2025-11-01 01:00:00,2025-11-01,1,2025,11,1
2025-11-01T01:00:00,2025-11-01T02:00:00,147,0.0,,,0.0,,2025-11-01 01:00:00,2025-11-01,1,2025,11,1
2025-11-01T01:00:00,2025-11-01T02:00:00,461,0.0,,,0.628936,42.699132,2025-11-01 01:00:00,2025-11-01,1,2025,11,1
2025-11-01T01:00:00,2025-11-01T02:00:00,390,0.0,,,1.477027,8.34553,2025-11-01 01:00:00,2025-11-01,1,2025,11,1
2025-11-01T01:00:00,2025-11-01T02:00:00,159,0.0,,,0.0,0.0,2025-11-01 01:00:00,2025-11-01,1,2025,11,1
2025-11-01T01:00:00,2025-11-01T02:00:00,157,0.0,,,0.0,,2025-11-01 01:00:00,2025-11-01,1,2025,11,1
2025-11-01T01:00:00,2025-11-01T02:00:00,479,0.0,,,2.777363,0.014362,2025-11-01 01:00:00,2025-11-01,1,2025,11,1
2025-11-01T01:00:00,2025-11-01T02:00:00,190,0.0,,,0.0,0.0,2025-11-01 01:00:00,2025-11-01,1,2025,11,1
2025-11-01T01:00:00,2025-11-01T02:00:00,175,0.0,,,0.0,,2025-11-01 01:00:00,2025-11-01,1,2025,11,1
2025-11-01T01:00:00,2025-11-01T02:00:00,550,0.0,,,23.815386,0.382632,2025-11-01 01:00:00,2025-11-01,1,2025,11,1
2025-11-01T01:00:00,2025-11-01T02:00:00,851,0.0,,,32.682248,6.16675,2025-11-01 01:00:00,2025-11-01,1,2025,11,1
2025-11-01T01:00:00,2025-11-01T02:00:00,320,0.0,,,2.06872,3.966805,2025-11-01 01:00:00,2025-11-01,1,2025,11,1
2025-11-01T01:00:00,2025-11-01T02:00:00,163,0.0,,,0.0,,2025-11-01 01:00:00,2025-11-01,1,2025,11,1
2025-11-01T01:00:00,2025-11-01T02:00:00,615,0.0,,,0.617016,0.07308,2025-11-01 01:00:00,2025-11-01,1,2025,11,1
2025-11-01T01:00:00,2025-11-01T02:00:00,329,0.0,,,0.620794,0.0,2025-11-01 01:00:00,2025-11-01,1,2025,11,1
2025-11-01T01:00:00,2025-11-01T02:00:00,230,0.0,,,0.0,0.01284,2025-11-01 01:00:00,2025-11-01,1,2025,11,1
2025-11-01T01:00:00,2025-11-01T02:00:00,269,0.0,,,0.004127,0.52324,2025-11-01 01:00:00,2025-11-01,1,2025,11,1
2025-11-01T01:00:00,2025-11-01T02:00:00,410,0.0,,,1.941294,0.004974,2025-11-01 01:00:00,2025-11-01,1,2025,11,1
2025-11-01T01:00:00,2025-11-01T02:00:00,730,0.0,,,46.847879,10.201983,2025-11-01 01:00:00,2025-11-01,1,2025,11,1
2025-11-01T01:00:00,2025-11-01T02:00:00,250,0.0,,,0.205031,0.0,2025-11-01 01:00:00,2025-11-01,1,2025,11,1
2025-11-01T01:00:00,2025-11-01T02:00:00,370,0.0,,,10.678445,10.93318,2025-11-01 01:00:00,2025-11-01,1,2025,11,1
2025-11-01T01:00:00,2025-11-01T02:00:00,420,0.0,,,3.280283,0.548583,2025-11-01 01:00:00,2025-11-01,1,2025,11,1
2025-11-01T01:00:00,2025-11-01T02:00:00,217,0.0,,,0.00185,7.9284,2025-11-01 01:00:00,2025-11-01,1,2025,11,1
2025-11-01T01:00:00,2025-11-01T02:00:00,756,0.0,,,16.025293,0.977442,2025-11-01 01:00:00,2025-11-01,1,2025,11,1
2025-11-01T01:00:00,2025-11-01T02:00:00,187,0.0,,,0.0,,2025-11-01 01:00:00,2025-11-01,1,2025,11,1
2025-11-01T01:00:00,2025-11-01T02:00:00,430,0.0,,,1.577088,0.0818,2025-11-01 01:00:00,2025-11-01,1,2025,11,1
2025-11-01T01:00:00,2025-11-01T02:00:00,270,0.0,,,0.057779,1.69075,2025-11-01 01:00:00,2025-11-01,1,2025,11,1
2025-11-01T01:00:00,2025-11-01T02:00:00,165,0.0,,,0.0,0.0,2025-11-01 01:00:00,2025-11-01,1,2025,11,1
2025-11-01T01:00:00,2025-11-01T02:00:00,169,0.0,,,0.091662,0.0,2025-11-01 01:00:00,2025-11-01,1,2025,11,1
2025-11-01T01:00:00,2025-11-01T02:00:00,846,0.0,,,21.772752,0.28682,2025-11-01 01:00:00,2025-11-01,1,2025,11,1
2025-11-01T01:00:00,2025-11-01T02:00:00,840,0.0,,,20.776941,0.06956,2025-11-01 01:00:00,2025-11-01,1,2025,11,1
2025-11-01T01:00:00,2025-11-01T02:00:00,219,0.0,,,0.192618,3.60328,2025-11-01 01:00:00,2025-11-01,1,2025,11,1
2025-11-01T01:00:00,2025-11-01T02:00:00,746,0.0,,,5.379173,1.97,2025-11-01 01:00:00,2025-11-01,1,2025,11,1
2025-11-01T01:00:00,2025-11-01T02:00:00,265,0.0,,,0.552473,29.43818,2025-11-01 01:00:00,2025-11-01,1,2025,11,1
2025-11-01T01:00:00,2025-11-01T02:00:00,580,0.0,,,10.522827,0.876155,2025-11-01 01:00:00,2025-11-01,1,2025,11,1
2025-11-01T01:00:00,2025-11-01T02:00:00,787,0.0,,,95.315542,3.34284,2025-11-01 01:00:00,2025-11-01,1,2025,11,1
2025-11-01T01:00:00,2025-11-01T02:00:00,253,0.0,,,0.036039,0.00837,2025-11-01 01:00:00,2025-11-01,1,2025,11,1
2025-11-01T01:00:00,2025-11-01T02:00:00,336,0.0,,,0.98342,0.0019,2025-11-01 01:00:00,2025-11-01,1,2025,11,1
2025-11-01T01:00:00,2025-11-01T02:00:00,573,0.0,,,14.124613,0.1919,2025-11-01 01:00:00,2025-11-01,1,2025,11,1
2025-11-01T01:00:00,2025-11-01T02:00:00,240,0.0,,,0.0,0.01122,2025-11-01 01:00:00,2025-11-01,1,2025,11,1
2025-11-01T01:00:00,2025-11-01T02:00:00,810,0.0,,,31.393296,2.3133,2025-11-01 01:00:00,2025-11-01,1,2025,11,1
2025-11-01T01:00:00,2025-11-01T02:00:00,316,0.0,,,7.103008,4.6e-05,2025-11-01 01:00:00,2025-11-01,1,2025,11,1
2025-11-01T01:00:00,2025-11-01T02:00:00,860,0.0,,,34.129785,5.12754,2025-11-01 01:00:00,2025-11-01,1,2025,11,1
2025-11-01T01:00:00,2025-11-01T02:00:00,740,0.0,,,7.881345,0.1571,2025-11-01 01:00:00,2025-11-01,1,2025,11,1
2025-11-01T01:00:00,2025-11-01T02:00:00,173,0.0,,,0.0,0.21211,2025-11-01 01:00:00,2025-11-01,1,2025,11,1
2025-11-01T01:00:00,2025-11-01T02:00:00,820,0.0,,,49.93937,3.61293,2025-11-01 01:00:00,2025-11-01,1,2025,11,1
2025-11-01T01:00:00,2025-11-01T02:00:00,223,0.0,,,0.0,5.51616,2025-11-01 01:00:00,2025-11-01,1,2025,11,1
2025-11-01T01:00:00,2025-11-01T02:00:00,450,0.0,,,2.510241,0.917,2025-11-01 01:00:00,2025-11-01,1,2025,11,1
2025-11-01T01:00:00,2025-11-01T02:00:00,773,0.0,,,31.62957,0.019,2025-11-01 01:00:00,2025-11-01,1,2025,11,1
2025-11-01T01:00:00,2025-11-01T02:00:00,706,0.0,,,5.305135,0.249734,2025-11-01 01:00:00,2025-11-01,1,2025,11,1
2025-11-01T01:00:00,2025-11-01T02:00:00,849,0.0,,,63.848844,0.079918,2025-11-01 01:00:00,2025-11-01,1,2025,11,1
2025-11-01T01:00:00,2025-11-01T02:00:00,155,0.0,,,0.0,,2025-11-01 01:00:00,2025-11-01,1,2025,11,1
2025-11-01T01:00:00,2025-11-01T02:00:00,153,0.0,,,0.0,0.0001,2025-11-01 01:00:00,2025-11-01,1,2025,11,1
2025-11-01T01:00:00,2025-11-01T02:00:00,440,0.0,,,8.486106,0.0,2025-11-01 01:00:00,2025-11-01,1,2025,11,1
2025-11-01T01:00:00,2025-11-01T02:00:00,326,0.0,,,16.596008,0.0,2025-11-01 01:00:00,2025-11-01,1,2025,11,1
2025-11-01T01:00:00,2025-11-01T02:00:00,340,0.0,,,1.150597,0.34963,2025-11-01 01:00:00,2025-11-01,1,2025,11,1
2025-11-01T01:00:00,2025-11-01T02:00:00,183,0.0,,,0.0,,2025-11-01 01:00:00,2025-11-01,1,2025,11,1
2025-11-01T01:00:00,2025-11-01T02:00:00,306,0.0,,,0.320842,0.00065,2025-11-01 01:00:00,2025-11-01,1,2025,11,1
2025-11-01T01:00:00,2025-11-01T02:00:00,161,0.0,,,0.0,16.788882,2025-11-01 01:00:00,2025-11-01,1,2025,11,1
2025-11-01T01:00:00,2025-11-01T02:00:00,661,0.0,,,63.617497,20.03425,2025-11-01 01:00:00,2025-11-01,1,2025,11,1
2025-11-01T01:00:00,2025-11-01T02:00:00,751,0.0,,,2.760193,23.126613,2025-11-01 01:00:00,2025-11-01,1,2025,11,1
2025-11-01T01:00:00,2025-11-01T02:00:00,657,0.0,,,23.678667,0.331,2025-11-01 01:00:00,2025-11-01,1,2025,11,1
2025-11-01T01:00:00,2025-11-01T02:00:00,185,0.0,,,0.0,,2025-11-01 01:00:00,2025-11-01,1,2025,11,1
2025-11-01T01:00:00,2025-11-01T02:00:00,350,0.0,,,0.313235,0.00992,2025-11-01 01:00:00,2025-11-01,1,2025,11,1
2025-11-01T01:00:00,2025-11-01T02:00:00,510,0.0,,,4.404014,0.004,2025-11-01 01:00:00,2025-11-01,1,2025,11,1
2025-11-01T01:00:00,2025-11-01T02:00:00,400,0.0,,,8.959827,1.448,2025-11-01 01:00:00,2025-11-01,1,2025,11,1
2025-11-01T01:00:00,2025-11-01T02:00:00,492,0.0,,,2.467057,0.0,2025-11-01 01:00:00,2025-11-01,1,2025,11,1
2025-11-01T01:00:00,2025-11-01T02:00:00,210,0.0,,,0.0,0.0,2025-11-01 01:00:00,2025-11-01,1,2025,11,1
2025-11-01T01:00:00,2025-11-01T02:00:00,482,0.0,,,5.91873,,2025-11-01 01:00:00,2025-11-01,1,2025,11,1
2025-11-01T01:00:00,2025-11-01T02:00:00,151,0.0,,,0.0,0.04497,2025-11-01 01:00:00,2025-11-01,1,2025,11,1
2025-11-01T01:00:00,2025-11-01T02:00:00,671,0.0,,,22.548978,,2025-11-01 01:00:00,2025-11-01,1,2025,11,1
2025-11-01T01:00:00,2025-11-01T02:00:00,563,0.0,,,0.3142,,2025-11-01 01:00:00,2025-11-01,1,2025,11,1
2025-11-01T01:00:00,2025-11-01T02:00:00,630,0.0,,,9.253337,1.197974,2025-11-01 01:00:00,2025-11-01,1,2025,11,1
2025-11-01T01:00:00,2025-11-01T02:00:00,480,0.0,,,3.44483,0.005111,2025-11-01 01:00:00,2025-11-01,1,2025,11,1
2025-11-01T01:00:00,2025-11-01T02:00:00,260,0.0,,,0.35545,0.00033,2025-11-01 01:00:00,2025-11-01,1,2025,11,1
2025-11-01T01:00:00,2025-11-01T02:00:00,825,0.0,,,0.0,,2025-11-01 01:00:00,2025-11-01,1,2025,11,1
2025-11-01T01:00:00,2025-11-01T02:00:00,575,0.0,,,6.283874,1.016672,2025-11-01 01:00:00,2025-11-01,1,2025,11,1
2025-11-01T01:00:00,2025-11-01T02:00:00,607,0.0,,,0.208823,6.30637,2025-11-01 01:00:00,2025-11-01,1,2025,11,1
2025-11-01T02:00:00,2025-11-01T03:00:00,727,0.0,2.3581,,5.804418,0.706731,2025-11-01 02:00:00,2025-11-01,2,2025,11,1
2025-11-01T02:00:00,2025-11-01T03:00:00,561,0.0,78.504209,516.361217,23.169206,27.078439,2025-11-01 02:00:00,2025-11-01,2,2025,11,1
2025-11-01T02:00:00,2025-11-01T03:00:00,360,0.0,,44.2824,57.526664,0.0,2025-11-01 02:00:00,2025-11-01,2,2025,11,1
2025-11-01T02:00:00,2025-11-01T03:00:00,330,0.0,8.25987,,2.624756,9.084965,2025-11-01 02:00:00,2025-11-01,2,2025,11,1
2025-11-01T02:00:00,2025-11-01T03:00:00,760,0.0,,169.0,171.437693,23.53479,2025-11-01 02:00:00,2025-11-01,2,2025,11,1
2025-11-01T02:00:00,2025-11-01T03:00:00,665,0.0,21.673444,183.291,71.79337,3.884,2025-11-01 02:00:00,2025-11-01,2,2025,11,1
2025-11-01T02:00:00,2025-11-01T03:00:00,813,0.0,4.38,,12.081354,5.837243,2025-11-01 02:00:00,2025-11-01,2,2025,11,1
2025-11-01T02:00:00,2025-11-01T03:00:00,167,0.0,5.067,,0.46341,176.84701,2025-11-01 02:00:00,2025-11-01,2,2025,11,1
2025-11-01T02:00:00,2025-11-01T03:00:00,741,0.0,13.302419,,3.803438,,2025-11-01 02:00:00,2025-11-01,2,2025,11,1
2025-11-01T02:00:00,2025-11-01T03:00:00,707,0.0,,270.628033,5.679898,0.001096,2025-11-01 02:00:00,2025-11-01,2,2025,11,1
2025-11-01T02:00:00,2025-11-01T03:00:00,259,0.0,,128.048,0.11611,7.859215,2025-11-01 02:00:00,2025-11-01,2,2025,11,1
2025-11-01T02:00:00,2025-11-01T03:00:00,779,0.0,,9.7169,35.852255,5.861994,2025-11-01 02:00:00,2025-11-01,2,2025,11,1
2025-11-01T02:00:00,2025-11-01T03:00:00,376,0.0,,19.574859,3.937141,18.000557,2025-11-01 02:00:00,2025-11-01,2,2025,11,1
2025-11-01T02:00:00,2025-11-01T03:00:00,101,0.0,6.5711,,1.910595,165.648543,2025-11-01 02:00:00,2025-11-01,2,2025,11,1
2025-11-01T02:00:00,2025-11-01T03:00:00,153,0.0,,,0.0,0.00014,2025-11-01 02:00:00,2025-11-01,2,2025,11,1
2025-11-01T02:00:00,2025-11-01T03:00:00,240,0.0,,,0.0,0.37612,2025-11-01 02:00:00,2025-11-01,2,2025,11,1
2025-11-01T02:00:00,2025-11-01T03:00:00,260,0.0,,,0.305256,0.00047,2025-11-01 02:00:00,2025-11-01,2,2025,11,1
2025-11-01T02:00:00,2025-11-01T03:00:00,492,0.0,,,2.426527,0.0,2025-11-01 02:00:00,2025-11-01,2,2025,11,1
2025-11-01T02:00:00,2025-11-01T03:00:00,787,0.0,,,86.875154,3.35557,2025-11-01 02:00:00,2025-11-01,2,2025,11,1
2025-11-01T02:00:00,2025-11-01T03:00:00,461,0.0,,,0.706677,51.488529,2025-11-01 02:00:00,2025-11-01,2,2025,11,1
2025-11-01T02:00:00,2025-11-01T03:00:00,151,0.0,,,0.0,0.00528,2025-11-01 02:00:00,2025-11-01,2,2025,11,1
2025-11-01T02:00:00,2025-11-01T03:00:00,550,0.0,,,24.333855,4.406207,2025-11-01 02:00:00,2025-11-01,2,2025,11,1
2025-11-01T02:00:00,2025-11-01T03:00:00,621,0.0,,,2.626569,3.101331,2025-11-01 02:00:00,2025-11-01,2,2025,11,1
2025-11-01T02:00:00,2025-11-01T03:00:00,479,0.0,,,3.270223,1.474093,2025-11-01 02:00:00,2025-11-01,2,2025,11,1
2025-11-01T02:00:00,2025-11-01T03:00:00,185,0.0,,,0.0,,2025-11-01 02:00:00,2025-11-01,2,2025,11,1
2025-11-01T02:00:00,2025-11-01T03:00:00,210,0.0,,,0.0,0.0,2025-11-01 02:00:00,2025-11-01,2,2025,11,1
2025-11-01T02:00:00,2025-11-01T03:00:00,175,0.0,,,0.0,,2025-11-01 02:00:00,2025-11-01,2,2025,11,1
2025-11-01T02:00:00,2025-11-01T03:00:00,740,0.0,,,8.210273,0.159,2025-11-01 02:00:00,2025-11-01,2,2025,11,1
2025-11-01T02:00:00,2025-11-01T03:00:00,820,0.0,,,48.625612,2.74403,2025-11-01 02:00:00,2025-11-01,2,2025,11,1
2025-11-01T02:00:00,2025-11-01T03:00:00,336,0.0,,,0.719549,0.763195,2025-11-01 02:00:00,2025-11-01,2,2025,11,1
2025-11-01T02:00:00,2025-11-01T03:00:00,575,0.0,,,4.678472,5.286506,2025-11-01 02:00:00,2025-11-01,2,2025,11,1
2025-11-01T02:00:00,2025-11-01T03:00:00,320,0.0,,,2.11809,4.282312,2025-11-01 02:00:00,2025-11-01,2,2025,11,1
2025-11-01T02:00:00,2025-11-01T03:00:00,607,0.0,,,0.232653,6.374265,2025-11-01 02:00:00,2025-11-01,2,2025,11,1
2025-11-01T02:00:00,2025-11-01T03:00:00,329,0.0,,,0.551,0.0,2025-11-01 02:00:00,2025-11-01,2,2025,11,1
2025-11-01T02:00:00,2025-11-01T03:00:00,169,0.0,,,0.076732,0.0,2025-11-01 02:00:00,2025-11-01,2,2025,11,1
2025-11-01T02:00:00,2025-11-01T03:00:00,230,0.0,,,0.0,0.04897,2025-11-01 02:00:00,2025-11-01,2,2025,11,1
2025-11-01T02:00:00,2025-11-01T03:00:00,370,0.0,,,10.284233,10.98317,2025-11-01 02:00:00,2025-11-01,2,2025,11,1
2025-11-01T02:00:00,2025-11-01T03:00:00,746,0.0,,,5.557829,2.00383,2025-11-01 02:00:00,2025-11-01,2,2025,11,1
2025-11-01T02:00:00,2025-11-01T03:00:00,840,0.0,,,16.301351,5.599903,2025-11-01 02:00:00,2025-11-01,2,2025,11,1
2025-11-01T02:00:00,2025-11-01T03:00:00,187,0.0,,,0.0,,2025-11-01 02:00:00,2025-11-01,2,2025,11,1
2025-11-01T02:00:00,2025-11-01T03:00:00,580,0.0,,,11.8787,2.495844,2025-11-01 02:00:00,2025-11-01,2,2025,11,1
2025-11-01T02:00:00,2025-11-01T03:00:00,510,0.0,,,4.269137,0.0,2025-11-01 02:00:00,2025-11-01,2,2025,11,1
2025-11-01T02:00:00,2025-11-01T03:00:00,147,0.0,,,0.0,,2025-11-01 02:00:00,2025-11-01,2,2025,11,1
2025-11-01T02:00:00,2025-11-01T03:00:00,851,0.0,,,41.985674,8.5889,2025-11-01 02:00:00,2025-11-01,2,2025,11,1
2025-11-01T02:00:00,2025-11-01T03:00:00,540,0.0,,,2.138789,5.696385,2025-11-01 02:00:00,2025-11-01,2,2025,11,1
2025-11-01T02:00:00,2025-11-01T03:00:00,410,0.0,,,1.711277,0.027326,2025-11-01 02:00:00,2025-11-01,2,2025,11,1
2025-11-01T02:00:00,2025-11-01T03:00:00,563,0.0,,,0.2464,,2025-11-01 02:00:00,2025-11-01,2,2025,11,1
2025-11-01T02:00:00,2025-11-01T03:00:00,155,0.0,,,0.0,,2025-11-01 02:00:00,2025-11-01,2,2025,11,1
2025-11-01T02:00:00,2025-11-01T03:00:00,825,0.0,,,0.0,,2025-11-01 02:00:00,2025-11-01,2,2025,11,1
2025-11-01T02:00:00,2025-11-01T03:00:00,530,0.0,,,16.743142,2.992517,2025-11-01 02:00:00,2025-11-01,2,2025,11,1
2025-11-01T02:00:00,2025-11-01T03:00:00,480,0.0,,,3.595066,0.518519,2025-11-01 02:00:00,2025-11-01,2,2025,11,1
2025-11-01T02:00:00,2025-11-01T03:00:00,630,0.0,,,8.103857,3.802279,2025-11-01 02:00:00,2025-11-01,2,2025,11,1
2025-11-01T02:00:00,2025-11-01T03:00:00,791,0.0,,,13.79216,14.892039,2025-11-01 02:00:00,2025-11-01,2,2025,11,1
2025-11-01T02:00:00,2025-11-01T03:00:00,265,0.0,,,0.602955,29.724808,2025-11-01 02:00:00,2025-11-01,2,2025,11,1
2025-11-01T02:00:00,2025-11-01T03:00:00,190,0.0,,,0.0,0.0,2025-11-01 02:00:00,2025-11-01,2,2025,11,1
2025-11-01T02:00:00,2025-11-01T03:00:00,219,0.0,,,0.222576,5.071887,2025-11-01 02:00:00,2025-11-01,2,2025,11,1
2025-11-01T02:00:00,2025-11-01T03:00:00,766,0.0,,,1.489797,0.276,2025-11-01 02:00:00,2025-11-01,2,2025,11,1
2025-11-01T02:00:00,2025-11-01T03:00:00,756,0.0,,,13.415269,9.870236,2025-11-01 02:00:00,2025-11-01,2,2025,11,1
2025-11-01T02:00:00,2025-11-01T03:00:00,390,0.0,,,0.870579,8.34169,2025-11-01 02:00:00,2025-11-01,2,2025,11,1
2025-11-01T02:00:00,2025-11-01T03:00:00,250,0.0,,,0.265979,2.101143,2025-11-01 02:00:00,2025-11-01,2,2025,11,1
2025-11-01T02:00:00,2025-11-01T03:00:00,615,0.0,,,0.615167,5.10115,2025-11-01 02:00:00,2025-11-01,2,2025,11,1
2025-11-01T02:00:00,2025-11-01T03:00:00,163,0.0,,,0.0,,2025-11-01 02:00:00,2025-11-01,2,2025,11,1
2025-11-01T02:00:00,2025-11-01T03:00:00,270,0.0,,,0.091381,13.24146,2025-11-01 02:00:00,2025-11-01,2,2025,11,1
2025-11-01T02:00:00,2025-11-01T03:00:00,223,0.0,,,0.0,6.3856,2025-11-01 02:00:00,2025-11-01,2,2025,11,1
2025-11-01T02:00:00,2025-11-01T03:00:00,201,0.0,,,0.043467,0.0,2025-11-01 02:00:00,2025-11-01,2,2025,11,1
2025-11-01T02:00:00,2025-11-01T03:00:00,730,0.0,,,47.30898,12.524651,2025-11-01 02:00:00,2025-11-01,2,2025,11,1
2025-11-01T02:00:00,2025-11-01T03:00:00,326,0.0,,,19.661278,0.0,2025-11-01 02:00:00,2025-11-01,2,2025,11,1
2025-11-01T02:00:00,2025-11-01T03:00:00,846,0.0,,,19.726455,4.20936,2025-11-01 02:00:00,2025-11-01,2,2025,11,1
2025-11-01T02:00:00,2025-11-01T03:00:00,440,0.0,,,8.575897,0.0,2025-11-01 02:00:00,2025-11-01,2,2025,11,1
2025-11-01T02:00:00,2025-11-01T03:00:00,217,0.0,,,0.0013,6.1938,2025-11-01 02:00:00,2025-11-01,2,2025,11,1
2025-11-01T02:00:00,2025-11-01T03:00:00,269,0.0,,,0.000897,0.52314,2025-11-01 02:00:00,2025-11-01,2,2025,11,1
2025-11-01T02:00:00,2025-11-01T03:00:00,340,0.0,,,1.662472,2.446032,2025-11-01 02:00:00,2025-11-01,2,2025,11,1
2025-11-01T02:00:00,2025-11-01T03:00:00,159,0.0,,,0.0,0.0,2025-11-01 02:00:00,2025-11-01,2,2025,11,1
2025-11-01T02:00:00,2025-11-01T03:00:00,710,0.0,,,6.886017,0.75338,2025-11-01 02:00:00,2025-11-01,2,2025,11,1
2025-11-01T02:00:00,2025-11-01T03:00:00,157,0.0,,,0.0,,2025-11-01 02:00:00,2025-11-01,2,2025,11,1
2025-11-01T02:00:00,2025-11-01T03:00:00,306,0.0,,,0.422363,4.87248,2025-11-01 02:00:00,2025-11-01,2,2025,11,1
2025-11-01T02:00:00,2025-11-01T03:00:00,706,0.0,,,5.457642,0.249537,2025-11-01 02:00:00,2025-11-01,2,2025,11,1
2025-11-01T02:00:00,2025-11-01T03:00:00,773,0.0,,,26.82665,3.74332,2025-11-01 02:00:00,2025-11-01,2,2025,11,1
2025-11-01T02:00:00,2025-11-01T03:00:00,183,0.0,,,0.0,,2025-11-01 02:00:00,2025-11-01,2,2025,11,1
2025-11-01T02:00:00,2025-11-01T03:00:00,400,0.0,,,8.214321,1.447,2025-11-01 02:00:00,2025-11-01,2,2025,11,1
2025-11-01T02:00:00,2025-11-01T03:00:00,657,0.0,,,23.136349,3.004444,2025-11-01 02:00:00,2025-11-01,2,2025,11,1
2025-11-01T02:00:00,2025-11-01T03:00:00,430,0.0,,,1.740947,0.08184,2025-11-01 02:00:00,2025-11-01,2,2025,11,1
2025-11-01T02:00:00,2025-11-01T03:00:00,173,0.0,,,0.0,0.20358,2025-11-01 02:00:00,2025-11-01,2,2025,11,1
2025-11-01T02:00:00,2025-11-01T03:00:00,482,0.0,,,5.90975,,2025-11-01 02:00:00,2025-11-01,2,2025,11,1
2025-11-01T02:00:00,2025-11-01T03:00:00,661,0.0,,,62.452083,25.735,2025-11-01 02:00:00,2025-11-01,2,2025,11,1
2025-11-01T02:00:00,2025-11-01T03:00:00,161,0.0,,,0.0,16.795792,2025-11-01 02:00:00,2025-11-01,2,2025,11,1
2025-11-01T02:00:00,2025-11-01T03:00:00,849,0.0,,,83.95654,9.0933,2025-11-01 02:00:00,2025-11-01,2,2025,11,1
2025-11-01T02:00:00,2025-11-01T03:00:00,450,0.0,,,2.471964,0.9491,2025-11-01 02:00:00,2025-11-01,2,2025,11,1
2025-11-01T02:00:00,2025-11-01T03:00:00,253,0.0,,,0.012666,0.11929,2025-11-01 02:00:00,2025-11-01,2,2025,11,1
2025-11-01T02:00:00,2025-11-01T03:00:00,810,0.0,,,38.861201,14.782015,2025-11-01 02:00:00,2025-11-01,2,2025,11,1
2025-11-01T02:00:00,2025-11-01T03:00:00,420,0.0,,,3.883281,5.337213,2025-11-01 02:00:00,2025-11-01,2,2025,11,1
2025-11-01T02:00:00,2025-11-01T03:00:00,751,0.0,,,3.089582,14.100195,2025-11-01 02:00:00,2025-11-01,2,2025,11,1
2025-11-01T02:00:00,2025-11-01T03:00:00,350,0.0,,,0.606918,0.00992,2025-11-01 02:00:00,2025-11-01,2,2025,11,1
2025-11-01T02:00:00,2025-11-01T03:00:00,671,0.0,,,19.597015,,2025-11-01 02:00:00,2025-11-01,2,2025,11,1
2025-11-01T02:00:00,2025-11-01T03:00:00,316,0.0,,,11.037317,1.5e-05,2025-11-01 02:00:00,2025-11-01,2,2025,11,1
2025-11-01T02:00:00,2025-11-01T03:00:00,165,0.0,,,0.0,0.0,2025-11-01 02:00:00,2025-11-01,2,2025,11,1
2025-11-01T02:00:00,2025-11-01T03:00:00,573,0.0,,,11.760698,6.0367,2025-11-01 02:00:00,2025-11-01,2,2025,11,1
2025-11-01T02:00:00,2025-11-01T03:00:00,860,0.0,,,40.014718,12.31053,2025-11-01 02:00:00,2025-11-01,2,2025,11,1
2025-11-01T03:00:00,2025-11-01T04:00:00,760,0.0,,167.0,214.359541,7.84048,2025-11-01 03:00:00,2025-11-01,3,2025,11,1
2025-11-01T03:00:00,2025-11-01T04:00:00,741,0.0,15.591279,,4.03817,,2025-11-01 03:00:00,2025-11-01,3,2025,11,1
2025-11-01T03:00:00,2025-11-01T04:00:00,561,0.0,96.803217,522.249127,28.396939,20.528637,2025-11-01 03:00:00,2025-11-01,3,2025,11,1
2025-11-01T03:00:00,2025-11-01T04:00:00,259,0.0,,158.2496,0.080036,5.530586,2025-11-01 03:00:00,2025-11-01,3,2025,11,1
2025-11-01T03:00:00,2025-11-01T04:00:00,330,0.0,9.47712,,2.771218,9.230399,2025-11-01 03:00:00,2025-11-01,3,2025,11,1
2025-11-01T03:00:00,2025-11-01T04:00:00,665,0.0,15.076642,179.16,62.25572,4.1,2025-11-01 03:00:00,2025-11-01,3,2025,11,1
2025-11-01T03:00:00,2025-11-01T04:00:00,101,0.0,3.4605,,1.066281,155.623775,2025-11-01 03:00:00,2025-11-01,3,2025,11,1
2025-11-01T03:00:00,2025-11-01T04:00:00,813,0.0,4.79,,14.334344,3.483246,2025-11-01 03:00:00,2025-11-01,3,2025,11,1
2025-11-01T03:00:00,2025-11-01T04:00:00,167,0.0,2.2817,,0.199025,173.76137,2025-11-01 03:00:00,2025-11-01,3,2025,11,1
2025-11-01T03:00:00,2025-11-01T04:00:00,376,0.0,,20.275158,5.127357,16.106284,2025-11-01 03:00:00,2025-11-01,3,2025,11,1
2025-11-01T03:00:00,2025-11-01T04:00:00,707,0.0,,286.67461,7.149546,0.001086,2025-11-01 03:00:00,2025-11-01,3,2025,11,1
2025-11-01T03:00:00,2025-11-01T04:00:00,727,0.0,2.3198,,4.916718,0.0,2025-11-01 03:00:00,2025-11-01,3,2025,11,1
2025-11-01T03:00:00,2025-11-01T04:00:00,360,0.0,,45.5721,53.770182,0.0,2025-11-01 03:00:00,2025-11-01,3,2025,11,1
2025-11-01T03:00:00,2025-11-01T04:00:00,779,0.0,,13.2958,35.581699,2.458433,2025-11-01 03:00:00,2025-11-01,3,2025,11,1
2025-11-01T03:00:00,2025-11-01T04:00:00,849,0.0,,,83.654239,0.301256,2025-11-01 03:00:00,2025-11-01,3,2025,11,1
2025-11-01T03:00:00,2025-11-01T04:00:00,175,0.0,,,0.0,,2025-11-01 03:00:00,2025-11-01,3,2025,11,1
2025-11-01T03:00:00,2025-11-01T04:00:00,159,0.0,,,0.0,0.0,2025-11-01 03:00:00,2025-11-01,3,2025,11,1
2025-11-01T03:00:00,2025-11-01T04:00:00,846,0.0,,,17.799003,0.42875,2025-11-01 03:00:00,2025-11-01,3,2025,11,1
2025-11-01T03:00:00,2025-11-01T04:00:00,530,0.0,,,19.00863,1.764642,2025-11-01 03:00:00,2025-11-01,3,2025,11,1
2025-11-01T03:00:00,2025-11-01T04:00:00,461,0.0,,,0.825416,30.754519,2025-11-01 03:00:00,2025-11-01,3,2025,11,1
2025-11-01T03:00:00,2025-11-01T04:00:00,169,0.0,,,0.071667,0.0,2025-11-01 03:00:00,2025-11-01,3,2025,11,1
2025-11-01T03:00:00,2025-11-01T04:00:00,163,0.0,,,0.0,,2025-11-01 03:00:00,2025-11-01,3,2025,11,1
2025-11-01T03:00:00,2025-11-01T04:00:00,840,0.0,,,15.781349,0.22935,2025-11-01 03:00:00,2025-11-01,3,2025,11,1
2025-11-01T03:00:00,2025-11-01T04:00:00,265,0.0,,,0.394265,29.827473,2025-11-01 03:00:00,2025-11-01,3,2025,11,1
2025-11-01T03:00:00,2025-11-01T04:00:00,336,0.0,,,0.852027,0.0019,2025-11-01 03:00:00,2025-11-01,3,2025,11,1
2025-11-01T03:00:00,2025-11-01T04:00:00,183,0.0,,,0.0,,2025-11-01 03:00:00,2025-11-01,3,2025,11,1
2025-11-01T03:00:00,2025-11-01T04:00:00,240,0.0,,,0.0,0.38208,2025-11-01 03:00:00,2025-11-01,3,2025,11,1
2025-11-01T03:00:00,2025-11-01T04:00:00,157,0.0,,,0.0,,2025-11-01 03:00:00,2025-11-01,3,2025,11,1
2025-11-01T03:00:00,2025-11-01T04:00:00,370,0.0,,,10.013769,10.97783,2025-11-01 03:00:00,2025-11-01,3,2025,11,1
2025-11-01T03:00:00,2025-11-01T04:00:00,791,0.0,,,13.960249,3.31814,2025-11-01 03:00:00,2025-11-01,3,2025,11,1
2025-11-01T03:00:00,2025-11-01T04:00:00,201,0.0,,,0.041273,0.0,2025-11-01 03:00:00,2025-11-01,3,2025,11,1
2025-11-01T03:00:00,2025-11-01T04:00:00,575,0.0,,,5.582575,0.708431,2025-11-01 03:00:00,2025-11-01,3,2025,11,1
2025-11-01T03:00:00,2025-11-01T04:00:00,450,0.0,,,2.97968,0.9533,2025-11-01 03:00:00,2025-11-01,3,2025,11,1
2025-11-01T03:00:00,2025-11-01T04:00:00,820,0.0,,,58.738167,2.52803,2025-11-01 03:00:00,2025-11-01,3,2025,11,1
2025-11-01T03:00:00,2025-11-01T04:00:00,615,0.0,,,0.558976,0.23926,2025-11-01 03:00:00,2025-11-01,3,2025,11,1
2025-11-01T03:00:00,2025-11-01T04:00:00,173,0.0,,,0.0,0.18365,2025-11-01 03:00:00,2025-11-01,3,2025,11,1
2025-11-01T03:00:00,2025-11-01T04:00:00,161,0.0,,,0.0,16.837875,2025-11-01 03:00:00,2025-11-01,3,2025,11,1
2025-11-01T03:00:00,2025-11-01T04:00:00,340,0.0,,,1.95127,0.842734,2025-11-01 03:00:00,2025-11-01,3,2025,11,1
2025-11-01T03:00:00,2025-11-01T04:00:00,147,0.0,,,0.0,,2025-11-01 03:00:00,2025-11-01,3,2025,11,1
2025-11-01T03:00:00,2025-11-01T04:00:00,773,0.0,,,24.17814,0.2456,2025-11-01 03:00:00,2025-11-01,3,2025,11,1
2025-11-01T03:00:00,2025-11-01T04:00:00,306,0.0,,,0.346247,2.45856,2025-11-01 03:00:00,2025-11-01,3,2025,11,1
2025-11-01T03:00:00,2025-11-01T04:00:00,607,0.0,,,0.198586,6.25823,2025-11-01 03:00:00,2025-11-01,3,2025,11,1
2025-11-01T03:00:00,2025-11-01T04:00:00,210,0.0,,,0.0,0.0,2025-11-01 03:00:00,2025-11-01,3,2025,11,1
2025-11-01T03:00:00,2025-11-01T04:00:00,410,0.0,,,2.021753,0.0,2025-11-01 03:00:00,2025-11-01,3,2025,11,1
2025-11-01T03:00:00,2025-11-01T04:00:00,350,0.0,,,0.378377,0.00992,2025-11-01 03:00:00,2025-11-01,3,2025,11,1
2025-11-01T03:00:00,2025-11-01T04:00:00,657,0.0,,,27.914039,0.500071,2025-11-01 03:00:00,2025-11-01,3,2025,11,1
2025-11-01T03:00:00,2025-11-01T04:00:00,810,0.0,,,44.00791,5.577,2025-11-01 03:00:00,2025-11-01,3,2025,11,1
2025-11-01T03:00:00,2025-11-01T04:00:00,165,0.0,,,0.0,0.0,2025-11-01 03:00:00,2025-11-01,3,2025,11,1
2025-11-01T03:00:00,2025-11-01T04:00:00,223,0.0,,,0.0,6.0929,2025-11-01 03:00:00,2025-11-01,3,2025,11,1
2025-11-01T03:00:00,2025-11-01T04:00:00,580,0.0,,,9.303592,1.007926,2025-11-01 03:00:00,2025-11-01,3,2025,11,1
2025-11-01T03:00:00,2025-11-01T04:00:00,573,0.0,,,18.893908,0.3535,2025-11-01 03:00:00,2025-11-01,3,2025,11,1
2025-11-01T03:00:00,2025-11-01T04:00:00,420,0.0,,,4.062327,1.880774,2025-11-01 03:00:00,2025-11-01,3,2025,11,1
2025-11-01T03:00:00,2025-11-01T04:00:00,151,0.0,,,0.0,0.0,2025-11-01 03:00:00,2025-11-01,3,2025,11,1
2025-11-01T03:00:00,2025-11-01T04:00:00,766,0.0,,,1.418898,0.088,2025-11-01 03:00:00,2025-11-01,3,2025,11,1
2025-11-01T03:00:00,2025-11-01T04:00:00,710,0.0,,,5.793231,0.00112,2025-11-01 03:00:00,2025-11-01,3,2025,11,1
2025-11-01T03:00:00,2025-11-01T04:00:00,851,0.0,,,43.844245,5.35795,2025-11-01 03:00:00,2025-11-01,3,2025,11,1
2025-11-01T03:00:00,2025-11-01T04:00:00,217,0.0,,,0.00153,4.3146,2025-11-01 03:00:00,2025-11-01,3,2025,11,1
2025-11-01T03:00:00,2025-11-01T04:00:00,326,0.0,,,18.547561,0.0,2025-11-01 03:00:00,2025-11-01,3,2025,11,1
2025-11-01T03:00:00,2025-11-01T04:00:00,860,0.0,,,55.610812,3.61627,2025-11-01 03:00:00,2025-11-01,3,2025,11,1
2025-11-01T03:00:00,2025-11-01T04:00:00,270,0.0,,,0.089063,13.20836,2025-11-01 03:00:00,2025-11-01,3,2025,11,1
2025-11-01T03:00:00,2025-11-01T04:00:00,390,0.0,,,1.412837,6.3002,2025-11-01 03:00:00,2025-11-01,3,2025,11,1
2025-11-01T03:00:00,2025-11-01T04:00:00,219,0.0,,,0.120195,4.797389,2025-11-01 03:00:00,2025-11-01,3,2025,11,1
2025-11-01T03:00:00,2025-11-01T04:00:00,190,0.0,,,0.0,0.0,2025-11-01 03:00:00,2025-11-01,3,2025,11,1
2025-11-01T03:00:00,2025-11-01T04:00:00,153,0.0,,,0.0,0.00012,2025-11-01 03:00:00,2025-11-01,3,2025,11,1
2025-11-01T03:00:00,2025-11-01T04:00:00,825,0.0,,,0.0,,2025-11-01 03:00:00,2025-11-01,3,2025,11,1
2025-11-01T03:00:00,2025-11-01T04:00:00,621,0.0,,,2.679113,0.618186,2025-11-01 03:00:00,2025-11-01,3,2025,11,1
2025-11-01T03:00:00,2025-11-01T04:00:00,480,0.0,,,2.839581,0.000713,2025-11-01 03:00:00,2025-11-01,3,2025,11,1
2025-11-01T03:00:00,2025-11-01T04:00:00,730,0.0,,,57.066135,9.078589,2025-11-01 03:00:00,2025-11-01,3,2025,11,1
2025-11-01T03:00:00,2025-11-01T04:00:00,316,0.0,,,9.357786,1e-05,2025-11-01 03:00:00,2025-11-01,3,2025,11,1
2025-11-01T03:00:00,2025-11-01T04:00:00,510,0.0,,,4.009541,0.00526,2025-11-01 03:00:00,2025-11-01,3,2025,11,1
2025-11-01T03:00:00,2025-11-01T04:00:00,740,0.0,,,5.264153,0.1607,2025-11-01 03:00:00,2025-11-01,3,2025,11,1
2025-11-01T03:00:00,2025-11-01T04:00:00,787,0.0,,,84.756023,3.3556,2025-11-01 03:00:00,2025-11-01,3,2025,11,1
2025-11-01T03:00:00,2025-11-01T04:00:00,440,0.0,,,9.926045,0.0,2025-11-01 03:00:00,2025-11-01,3,2025,11,1
2025-11-01T03:00:00,2025-11-01T04:00:00,320,0.0,,,1.802395,4.345865,2025-11-01 03:00:00,2025-11-01,3,2025,11,1
2025-11-01T03:00:00,2025-11-01T04:00:00,482,0.0,,,5.64404,,2025-11-01 03:00:00,2025-11-01,3,2025,11,1
2025-11-01T03:00:00,2025-11-01T04:00:00,430,0.0,,,1.759162,1.27515,2025-11-01 03:00:00,2025-11-01,3,2025,11,1
2025-11-01T03:00:00,2025-11-01T04:00:00,155,0.0,,,0.0,,2025-11-01 03:00:00,2025-11-01,3,2025,11,1
2025-11-01T03:00:00,2025-11-01T04:00:00,329,0.0,,,0.427059,0.0,2025-11-01 03:00:00,2025-11-01,3,2025,11,1
2025-11-01T03:00:00,2025-11-01T04:00:00,756,0.0,,,12.649676,4.941746,2025-11-01 03:00:00,2025-11-01,3,2025,11,1
2025-11-01T03:00:00,2025-11-01T04:00:00,550,0.0,,,25.689505,0.4095,2025-11-01 03:00:00,2025-11-01,3,2025,11,1
2025-11-01T03:00:00,2025-11-01T04:00:00,400,0.0,,,6.510237,1.447,2025-11-01 03:00:00,2025-11-01,3,2025,11,1
2025-11-01T03:00:00,2025-11-01T04:00:00,563,0.0,,,0.3722,,2025-11-01 03:00:00,2025-11-01,3,2025,11,1
2025-11-01T03:00:00,2025-11-01T04:00:00,751,0.0,,,2.853138,13.876057,2025-11-01 03:00:00,2025-11-01,3,2025,11,1
2025-11-01T03:00:00,2025-11-01T04:00:00,661,0.0,,,63.65711,21.029,2025-11-01 03:00:00,2025-11-01,3,2025,11,1
2025-11-01T03:00:00,2025-11-01T04:00:00,492,0.0,,,1.921027,0.0,2025-11-01 03:00:00,2025-11-01,3,2025,11,1
2025-11-01T03:00:00,2025-11-01T04:00:00,706,0.0,,,5.086367,0.249481,2025-11-01 03:00:00,2025-11-01,3,2025,11,1
2025-11-01T03:00:00,2025-11-01T04:00:00,260,0.0,,,0.31378,0.00036,2025-11-01 03:00:00,2025-11-01,3,2025,11,1
2025-11-01T03:00:00,2025-11-01T04:00:00,230,0.0,,,0.0,0.0746,2025-11-01 03:00:00,2025-11-01,3,2025,11,1
2025-11-01T03:00:00,2025-11-01T04:00:00,253,0.0,,,0.004024,0.2098,2025-11-01 03:00:00,2025-11-01,3,2025,11,1
2025-11-01T03:00:00,2025-11-01T04:00:00,746,0.0,,,4.149848,1.94372,2025-11-01 03:00:00,2025-11-01,3,2025,11,1
2025-11-01T03:00:00,2025-11-01T04:00:00,250,0.0,,,0.229447,1.477879,2025-11-01 03:00:00,2025-11-01,3,2025,11,1
2025-11-01T03:00:00,2025-11-01T04:00:00,630,0.0,,,7.367901,1.314639,2025-11-01 03:00:00,2025-11-01,3,2025,11,1
2025-11-01T03:00:00,2025-11-01T04:00:00,671,0.0,,,19.769482,,2025-11-01 03:00:00,2025-11-01,3,2025,11,1
2025-11-01T03:00:00,2025-11-01T04:00:00,187,0.0,,,0.0,,2025-11-01 03:00:00,2025-11-01,3,2025,11,1
2025-11-01T03:00:00,2025-11-01T04:00:00,479,0.0,,,2.408577,0.035038,2025-11-01 03:00:00,2025-11-01,3,2025,11,1
2025-11-01T03:00:00,2025-11-01T04:00:00,269,0.0,,,0.00014,0.52324,2025-11-01 03:00:00,2025-11-01,3,2025,11,1
2025-11-01T03:00:00,2025-11-01T04:00:00,540,0.0,,,1.90203,4.477651,2025-11-01 03:00:00,2025-11-01,3,2025,11,1
2025-11-01T03:00:00,2025-11-01T04:00:00,185,0.0,,,0.0,,2025-11-01 03:00:00,2025-11-01,3,2025,11,1
2025-11-01T04:00:00,2025-11-01T05:00:00,101,0.0,2.7481,,1.107267,172.10483,2025-11-01 04:00:00,2025-11-01,4,2025,11,1
2025-11-01T04:00:00,2025-11-01T05:00:00,330,0.0,8.45741,,2.738457,3.835663,2025-11-01 04:00:00,2025-11-01,4,2025,11,1
2025-11-01T04:00:00,2025-11-01T05:00:00,665,0.0,19.461803,169.531,61.748539,5.436,2025-11-01 04:00:00,2025-11-01,4,2025,11,1
2025-11-01T04:00:00,2025-11-01T05:00:00,167,0.0,2.6939,,0.237968,174.66536,2025-11-01 04:00:00,2025-11-01,4,2025,11,1
2025-11-01T04:00:00,2025-11-01T05:00:00,813,0.0,4.76,,15.627134,2.299536,2025-11-01 04:00:00,2025-11-01,4,2025,11,1
2025-11-01T04:00:00,2025-11-01T05:00:00,376,0.0,,16.12266,5.383334,16.496166,2025-11-01 04:00:00,2025-11-01,4,2025,11,1
2025-11-01T04:00:00,2025-11-01T05:00:00,707,0.0,,297.470105,6.386432,0.001033,2025-11-01 04:00:00,2025-11-01,4,2025,11,1
2025-11-01T04:00:00,2025-11-01T05:00:00,727,0.0,2.4493,,5.126966,0.0,2025-11-01 04:00:00,2025-11-01,4,2025,11,1
2025-11-01T04:00:00,2025-11-01T05:00:00,779,0.0,,16.0479,38.642139,0.87544,2025-11-01 04:00:00,2025-11-01,4,2025,11,1
2025-11-01T04:00:00,2025-11-01T05:00:00,360,0.0,,48.8418,60.634738,0.0,2025-11-01 04:00:00,2025-11-01,4,2025,11,1
2025-11-01T04:00:00,2025-11-01T05:00:00,760,0.0,,166.0,231.53002,4.79336,2025-11-01 04:00:00,2025-11-01,4,2025,11,1
2025-11-01T04:00:00,2025-11-01T05:00:00,741,0.0,10.82495,,2.96798,,2025-11-01 04:00:00,2025-11-01,4,2025,11,1
2025-11-01T04:00:00,2025-11-01T05:00:00,561,0.0,96.923626,533.072645,30.807648,18.071827,2025-11-01 04:00:00,2025-11-01,4,2025,11,1
2025-11-01T04:00:00,2025-11-01T05:00:00,259,0.0,,110.6319,0.080489,0.221528,2025-11-01 04:00:00,2025-11-01,4,2025,11,1
2025-11-01T04:00:00,2025-11-01T05:00:00,575,0.0,,,8.006222,0.003386,2025-11-01 04:00:00,2025-11-01,4,2025,11,1
2025-11-01T04:00:00,2025-11-01T05:00:00,190,0.0,,,0.0,0.0,2025-11-01 04:00:00,2025-11-01,4,2025,11,1
2025-11-01T04:00:00,2025-11-01T05:00:00,390,0.0,,,1.639876,5.37432,2025-11-01 04:00:00,2025-11-01,4,2025,11,1
2025-11-01T04:00:00,2025-11-01T05:00:00,846,0.0,,,21.223355,0.24313,2025-11-01 04:00:00,2025-11-01,4,2025,11,1
2025-11-01T04:00:00,2025-11-01T05:00:00,230,0.0,,,0.0,0.01208,2025-11-01 04:00:00,2025-11-01,4,2025,11,1
2025-11-01T04:00:00,2025-11-01T05:00:00,269,0.0,,,0.00062,0.52324,2025-11-01 04:00:00,2025-11-01,4,2025,11,1
2025-11-01T04:00:00,2025-11-01T05:00:00,219,0.0,,,0.189119,3.65639,2025-11-01 04:00:00,2025-11-01,4,2025,11,1
2025-11-01T04:00:00,2025-11-01T05:00:00,163,0.0,,,0.0,,2025-11-01 04:00:00,2025-11-01,4,2025,11,1
2025-11-01T04:00:00,2025-11-01T05:00:00,621,0.0,,,3.158507,0.337182,2025-11-01 04:00:00,2025-11-01,4,2025,11,1
2025-11-01T04:00:00,2025-11-01T05:00:00,840,0.0,,,20.273112,0.0,2025-11-01 04:00:00,2025-11-01,4,2025,11,1
2025-11-01T04:00:00,2025-11-01T05:00:00,530,0.0,,,22.656229,1.186,2025-11-01 04:00:00,2025-11-01,4,2025,11,1
2025-11-01T04:00:00,2025-11-01T05:00:00,630,0.0,,,10.154512,1.198161,2025-11-01 04:00:00,2025-11-01,4,2025,11,1
2025-11-01T04:00:00,2025-11-01T05:00:00,185,0.0,,,0.0,,2025-11-01 04:00:00,2025-11-01,4,2025,11,1
2025-11-01T04:00:00,2025-11-01T05:00:00,730,0.0,,,62.6448,2.762992,2025-11-01 04:00:00,2025-11-01,4,2025,11,1
2025-11-01T04:00:00,2025-11-01T05:00:00,510,0.0,,,4.89674,0.002,2025-11-01 04:00:00,2025-11-01,4,2025,11,1
2025-11-01T04:00:00,2025-11-01T05:00:00,370,0.0,,,10.019904,10.93404,2025-11-01 04:00:00,2025-11-01,4,2025,11,1
2025-11-01T04:00:00,2025-11-01T05:00:00,480,0.0,,,2.788848,0.0,2025-11-01 04:00:00,2025-11-01,4,2025,11,1
2025-11-01T04:00:00,2025-11-01T05:00:00,223,0.0,,,0.0,6.3891,2025-11-01 04:00:00,2025-11-01,4,2025,11,1
2025-11-01T04:00:00,2025-11-01T05:00:00,492,0.0,,,2.517213,0.0,2025-11-01 04:00:00,2025-11-01,4,2025,11,1
2025-11-01T04:00:00,2025-11-01T05:00:00,851,0.0,,,38.09331,5.75368,2025-11-01 04:00:00,2025-11-01,4,2025,11,1
2025-11-01T04:00:00,2025-11-01T05:00:00,340,0.0,,,1.89785,0.34232,2025-11-01 04:00:00,2025-11-01,4,2025,11,1
2025-11-01T04:00:00,2025-11-01T05:00:00,157,0.0,,,0.0,,2025-11-01 04:00:00,2025-11-01,4,2025,11,1
2025-11-01T04:00:00,2025-11-01T05:00:00,306,0.0,,,0.32741,0.0,2025-11-01 04:00:00,2025-11-01,4,2025,11,1
2025-11-01T04:00:00,2025-11-01T05:00:00,147,0.0,,,0.0,,2025-11-01 04:00:00,2025-11-01,4,2025,11,1
2025-11-01T04:00:00,2025-11-01T05:00:00,155,0.0,,,0.0,,2025-11-01 04:00:00,2025-11-01,4,2025,11,1
2025-11-01T04:00:00,2025-11-01T05:00:00,661,0.0,,,67.833947,19.625,2025-11-01 04:00:00,2025-11-01,4,2025,11,1
2025-11-01T04:00:00,2025-11-01T05:00:00,746,0.0,,,5.05621,1.98525,2025-11-01 04:00:00,2025-11-01,4,2025,11,1
2025-11-01T04:00:00,2025-11-01T05:00:00,187,0.0,,,0.0,,2025-11-01 04:00:00,2025-11-01,4,2025,11,1
2025-11-01T04:00:00,2025-11-01T05:00:00,710,0.0,,,6.40236,4e-05,2025-11-01 04:00:00,2025-11-01,4,2025,11,1
2025-11-01T04:00:00,2025-11-01T05:00:00,173,0.0,,,0.0,0.17191,2025-11-01 04:00:00,2025-11-01,4,2025,11,1
2025-11-01T04:00:00,2025-11-01T05:00:00,326,0.0,,,18.993913,0.0,2025-11-01 04:00:00,2025-11-01,4,2025,11,1
2025-11-01T04:00:00,2025-11-01T05:00:00,201,0.0,,,0.067047,0.0,2025-11-01 04:00:00,2025-11-01,4,2025,11,1
2025-11-01T04:00:00,2025-11-01T05:00:00,320,0.002,,,3.086654,3.93535,2025-11-01 04:00:00,2025-11-01,4,2025,11,1
2025-11-01T04:00:00,2025-11-01T05:00:00,550,0.0,,,30.276153,0.012277,2025-11-01 04:00:00,2025-11-01,4,2025,11,1
2025-11-01T04:00:00,2025-11-01T05:00:00,860,0.0,,,63.964961,1.73575,2025-11-01 04:00:00,2025-11-01,4,2025,11,1
2025-11-01T04:00:00,2025-11-01T05:00:00,540,0.0,,,2.53829,4.191401,2025-11-01 04:00:00,2025-11-01,4,2025,11,1
2025-11-01T04:00:00,2025-11-01T05:00:00,563,0.0,,,0.4685,,2025-11-01 04:00:00,2025-11-01,4,2025,11,1
2025-11-01T04:00:00,2025-11-01T05:00:00,183,0.0,,,0.0,,2025-11-01 04:00:00,2025-11-01,4,2025,11,1
2025-11-01T04:00:00,2025-11-01T05:00:00,756,0.0,,,16.562133,1.338093,2025-11-01 04:00:00,2025-11-01,4,2025,11,1
2025-11-01T04:00:00,2025-11-01T05:00:00,217,0.0,,,0.00061,5.6452,2025-11-01 04:00:00,2025-11-01,4,2025,11,1
2025-11-01T04:00:00,2025-11-01T05:00:00,265,0.0,,,0.540745,29.464545,2025-11-01 04:00:00,2025-11-01,4,2025,11,1
2025-11-01T04:00:00,2025-11-01T05:00:00,766,0.0,,,1.972523,0.0,2025-11-01 04:00:00,2025-11-01,4,2025,11,1
2025-11-01T04:00:00,2025-11-01T05:00:00,430,0.0,,,1.79331,0.08187,2025-11-01 04:00:00,2025-11-01,4,2025,11,1
2025-11-01T04:00:00,2025-11-01T05:00:00,773,0.0,,,22.3814,0.0,2025-11-01 04:00:00,2025-11-01,4,2025,11,1
2025-11-01T04:00:00,2025-11-01T05:00:00,410,0.0,,,2.321133,0.0,2025-11-01 04:00:00,2025-11-01,4,2025,11,1
2025-11-01T04:00:00,2025-11-01T05:00:00,482,0.0,,,5.44358,,2025-11-01 04:00:00,2025-11-01,4,2025,11,1
2025-11-01T04:00:00,2025-11-01T05:00:00,615,0.0,,,0.672429,0.75841,2025-11-01 04:00:00,2025-11-01,4,2025,11,1
2025-11-01T04:00:00,2025-11-01T05:00:00,657,0.0,,,32.488376,0.3322,2025-11-01 04:00:00,2025-11-01,4,2025,11,1
2025-11-01T04:00:00,2025-11-01T05:00:00,169,0.0,,,0.075849,0.0,2025-11-01 04:00:00,2025-11-01,4,2025,11,1
2025-11-01T04:00:00,2025-11-01T05:00:00,450,0.0,,,3.035662,0.9366,2025-11-01 04:00:00,2025-11-01,4,2025,11,1
2025-11-01T04:00:00,2025-11-01T05:00:00,479,0.0,,,2.060833,0.014361,2025-11-01 04:00:00,2025-11-01,4,2025,11,1
2025-11-01T04:00:00,2025-11-01T05:00:00,336,0.0,,,1.219758,0.0021,2025-11-01 04:00:00,2025-11-01,4,2025,11,1
2025-11-01T04:00:00,2025-11-01T05:00:00,159,0.0,,,0.0,0.0,2025-11-01 04:00:00,2025-11-01,4,2025,11,1
2025-11-01T04:00:00,2025-11-01T05:00:00,849,0.0,,,64.111445,0.00071,2025-11-01 04:00:00,2025-11-01,4,2025,11,1
2025-11-01T04:00:00,2025-11-01T05:00:00,420,0.0,,,3.757561,0.523515,2025-11-01 04:00:00,2025-11-01,4,2025,11,1
2025-11-01T04:00:00,2025-11-01T05:00:00,153,0.0,,,0.0,8e-05,2025-11-01 04:00:00,2025-11-01,4,2025,11,1
2025-11-01T04:00:00,2025-11-01T05:00:00,165,0.0,,,0.0,0.0,2025-11-01 04:00:00,2025-11-01,4,2025,11,1
2025-11-01T04:00:00,2025-11-01T05:00:00,316,0.0,,,11.776987,3.8e-05,2025-11-01 04:00:00,2025-11-01,4,2025,11,1
2025-11-01T04:00:00,2025-11-01T05:00:00,787,0.0,,,83.082841,3.32859,2025-11-01 04:00:00,2025-11-01,4,2025,11,1
2025-11-01T04:00:00,2025-11-01T05:00:00,250,0.0,,,0.269637,0.0,2025-11-01 04:00:00,2025-11-01,4,2025,11,1
2025-11-01T04:00:00,2025-11-01T05:00:00,240,0.0,,,0.0,0.29271,2025-11-01 04:00:00,2025-11-01,4,2025,11,1
2025-11-01T04:00:00,2025-11-01T05:00:00,440,0.0,,,10.549843,0.0,2025-11-01 04:00:00,2025-11-01,4,2025,11,1
2025-11-01T04:00:00,2025-11-01T05:00:00,820,0.0,,,54.786314,2.79441,2025-11-01 04:00:00,2025-11-01,4,2025,11,1
2025-11-01T04:00:00,2025-11-01T05:00:00,740,0.0,,,8.10131,0.1607,2025-11-01 04:00:00,2025-11-01,4,2025,11,1
2025-11-01T04:00:00,2025-11-01T05:00:00,350,0.0,,,0.529717,0.00991,2025-11-01 04:00:00,2025-11-01,4,2025,11,1
2025-11-01T04:00:00,2025-11-01T05:00:00,825,0.0,,,0.0,,2025-11-01 04:00:00,2025-11-01,4,2025,11,1
2025-11-01T04:00:00,2025-11-01T05:00:00,161,0.0,,,0.0,16.780468,2025-11-01 04:00:00,2025-11-01,4,2025,11,1
2025-11-01T04:00:00,2025-11-01T05:00:00,175,0.0,,,0.0,,2025-11-01 04:00:00,2025-11-01,4,2025,11,1
2025-11-01T04:00:00,2025-11-01T05:00:00,210,0.0,,,0.0,0.0,2025-11-01 04:00:00,2025-11-01,4,2025,11,1
2025-11-01T04:00:00,2025-11-01T05:00:00,791,0.0,,,19.196856,2.5777,2025-11-01 04:00:00,2025-11-01,4,2025,11,1
2025-11-01T04:00:00,2025-11-01T05:00:00,461,0.0,,,0.803994,21.133781,2025-11-01 04:00:00,2025-11-01,4,2025,11,1
2025-11-01T04:00:00,2025-11-01T05:00:00,329,0.0,,,0.544641,0.0,2025-11-01 04:00:00,2025-11-01,4,2025,11,1
2025-11-01T04:00:00,2025-11-01T05:00:00,810,0.0,,,39.569223,2.9472,2025-11-01 04:00:00,2025-11-01,4,2025,11,1
2025-11-01T04:00:00,2025-11-01T05:00:00,253,0.0,,,0.005122,0.00783,2025-11-01 04:00:00,2025-11-01,4,2025,11,1
2025-11-01T04:00:00,2025-11-01T05:00:00,671,0.0,,,19.596627,,2025-11-01 04:00:00,2025-11-01,4,2025,11,1
2025-11-01T04:00:00,2025-11-01T05:00:00,751,0.0,,,3.10518,4.785822,2025-11-01 04:00:00,2025-11-01,4,2025,11,1
2025-11-01T04:00:00,2025-11-01T05:00:00,151,0.0,,,0.0,0.0,2025-11-01 04:00:00,2025-11-01,4,2025,11,1
2025-11-01T04:00:00,2025-11-01T05:00:00,607,0.0,,,0.243635,6.246497,2025-11-01 04:00:00,2025-11-01,4,2025,11,1
2025-11-01T04:00:00,2025-11-01T05:00:00,573,0.0,,,21.319419,0.0773,2025-11-01 04:00:00,2025-11-01,4,2025,11,1
2025-11-01T04:00:00,2025-11-01T05:00:00,260,0.0,,,0.336975,0.00044,2025-11-01 04:00:00,2025-11-01,4,2025,11,1
2025-11-01T04:00:00,2025-11-01T05:00:00,400,0.0,,,8.165804,1.448,2025-11-01 04:00:00,2025-11-01,4,2025,11,1
2025-11-01T04:00:00,2025-11-01T05:00:00,706,0.0,,,5.179692,0.249693,2025-11-01 04:00:00,2025-11-01,4,2025,11,1
2025-11-01T04:00:00,2025-11-01T05:00:00,580,0.0,,,11.494347,0.7623,2025-11-01 04:00:00,2025-11-01,4,2025,11,1
2025-11-01T04:00:00,2025-11-01T05:00:00,270,0.0,,,0.180915,10.85148,2025-11-01 04:00:00,2025-11-01,4,2025,11,1
2025-11-01T05:00:00,2025-11-01T06:00:00,779,0.0,,16.8857,34.050089,0.865039,2025-11-01 05:00:00,2025-11-01,5,2025,11,1
2025-11-01T05:00:00,2025-11-01T06:00:00,259,0.0,,172.3831,0.068923,0.183428,2025-11-01 05:00:00,2025-11-01,5,2025,11,1
2025-11-01T05:00:00,2025-11-01T06:00:00,376,0.0,,15.372356,4.141822,12.546321,2025-11-01 05:00:00,2025-11-01,5,2025,11,1
2025-11-01T05:00:00,2025-11-01T06:00:00,101,0.0,3.2228,,1.632214,173.62587,2025-11-01 05:00:00,2025-11-01,5,2025,11,1
2025-11-01T05:00:00,2025-11-01T06:00:00,561,0.0,131.891393,541.965928,26.846093,18.174819,2025-11-01 05:00:00,2025-11-01,5,2025,11,1
2025-11-01T05:00:00,2025-11-01T06:00:00,727,0.0,2.2133,,5.705811,0.0,2025-11-01 05:00:00,2025-11-01,5,2025,11,1
2025-11-01T05:00:00,2025-11-01T06:00:00,360,0.0,,32.7418,52.166795,0.0,2025-11-01 05:00:00,2025-11-01,5,2025,11,1
2025-11-01T05:00:00,2025-11-01T06:00:00,330,0.0,9.15835,,3.464373,4.371054,2025-11-01 05:00:00,2025-11-01,5,2025,11,1
2025-11-01T05:00:00,2025-11-01T06:00:00,760,0.0,,174.0,243.346929,4.263456,2025-11-01 05:00:00,2025-11-01,5,2025,11,1
2025-11-01T05:00:00,2025-11-01T06:00:00,665,0.0,19.025847,178.922,72.169388,5.436,2025-11-01 05:00:00,2025-11-01,5,2025,11,1
2025-11-01T05:00:00,2025-11-01T06:00:00,167,0.0,3.455,,0.334789,153.98829,2025-11-01 05:00:00,2025-11-01,5,2025,11,1
2025-11-01T05:00:00,2025-11-01T06:00:00,741,0.0,7.482608,,2.437544,,2025-11-01 05:00:00,2025-11-01,5,2025,11,1
2025-11-01T05:00:00,2025-11-01T06:00:00,813,0.0,5.15,,18.645269,2.29338,2025-11-01 05:00:00,2025-11-01,5,2025,11,1
2025-11-01T05:00:00,2025-11-01T06:00:00,707,0.0,,243.175904,8.098228,0.000787,2025-11-01 05:00:00,2025-11-01,5,2025,11,1
2025-11-01T05:00:00,2025-11-01T06:00:00,740,0.0,,,8.763048,0.1607,2025-11-01 05:00:00,2025-11-01,5,2025,11,1
2025-11-01T05:00:00,2025-11-01T06:00:00,173,0.0,,,0.0,0.16733,2025-11-01 05:00:00,2025-11-01,5,2025,11,1
2025-11-01T05:00:00,2025-11-01T06:00:00,329,0.0,,,0.527504,0.0,2025-11-01 05:00:00,2025-11-01,5,2025,11,1
2025-11-01T05:00:00,2025-11-01T06:00:00,615,0.0,,,0.640044,0.93373,2025-11-01 05:00:00,2025-11-01,5,2025,11,1
2025-11-01T05:00:00,2025-11-01T06:00:00,851,0.0,,,43.692471,5.80285,2025-11-01 05:00:00,2025-11-01,5,2025,11,1
2025-11-01T05:00:00,2025-11-01T06:00:00,269,0.0,,,0.000743,0.52324,2025-11-01 05:00:00,2025-11-01,5,2025,11,1
2025-11-01T05:00:00,2025-11-01T06:00:00,756,0.0,,,19.144447,1.337905,2025-11-01 05:00:00,2025-11-01,5,2025,11,1
2025-11-01T05:00:00,2025-11-01T06:00:00,661,0.0,,,68.722364,19.515,2025-11-01 05:00:00,2025-11-01,5,2025,11,1
2025-11-01T05:00:00,2025-11-01T06:00:00,430,0.0,,,2.404501,0.08157,2025-11-01 05:00:00,2025-11-01,5,2025,11,1
2025-11-01T05:00:00,2025-11-01T06:00:00,706,0.0,,,5.607823,0.249514,2025-11-01 05:00:00,2025-11-01,5,2025,11,1
2025-11-01T05:00:00,2025-11-01T06:00:00,240,0.0,,,0.0,0.00687,2025-11-01 05:00:00,2025-11-01,5,2025,11,1
2025-11-01T05:00:00,2025-11-01T06:00:00,710,0.0,,,6.949379,0.0,2025-11-01 05:00:00,2025-11-01,5,2025,11,1
2025-11-01T05:00:00,2025-11-01T06:00:00,370,0.001,,,11.550394,10.96315,2025-11-01 05:00:00,2025-11-01,5,2025,11,1
2025-11-01T05:00:00,2025-11-01T06:00:00,846,0.0,,,26.125152,0.23753,2025-11-01 05:00:00,2025-11-01,5,2025,11,1
2025-11-01T05:00:00,2025-11-01T06:00:00,163,0.0,,,0.0,,2025-11-01 05:00:00,2025-11-01,5,2025,11,1
2025-11-01T05:00:00,2025-11-01T06:00:00,187,0.0,,,0.0,,2025-11-01 05:00:00,2025-11-01,5,2025,11,1
2025-11-01T05:00:00,2025-11-01T06:00:00,155,0.0,,,0.0,,2025-11-01 05:00:00,2025-11-01,5,2025,11,1
2025-11-01T05:00:00,2025-11-01T06:00:00,840,0.0,,,26.650206,0.0,2025-11-01 05:00:00,2025-11-01,5,2025,11,1
2025-11-01T05:00:00,2025-11-01T06:00:00,190,0.0,,,0.0,0.0,2025-11-01 05:00:00,2025-11-01,5,2025,11,1
2025-11-01T05:00:00,2025-11-01T06:00:00,766,0.0,,,2.233451,0.0,2025-11-01 05:00:00,2025-11-01,5,2025,11,1
2025-11-01T05:00:00,2025-11-01T06:00:00,492,0.0,,,2.702353,0.0,2025-11-01 05:00:00,2025-11-01,5,2025,11,1
2025-11-01T05:00:00,2025-11-01T06:00:00,253,0.0,,,0.009997,0.00778,2025-11-01 05:00:00,2025-11-01,5,2025,11,1
2025-11-01T05:00:00,2025-11-01T06:00:00,175,0.0,,,0.0,,2025-11-01 05:00:00,2025-11-01,5,2025,11,1
2025-11-01T05:00:00,2025-11-01T06:00:00,250,0.0,,,0.297705,0.0,2025-11-01 05:00:00,2025-11-01,5,2025,11,1
2025-11-01T05:00:00,2025-11-01T06:00:00,751,0.0,,,3.421848,13.727453,2025-11-01 05:00:00,2025-11-01,5,2025,11,1
2025-11-01T05:00:00,2025-11-01T06:00:00,480,0.0,,,4.699367,0.0003,2025-11-01 05:00:00,2025-11-01,5,2025,11,1
2025-11-01T05:00:00,2025-11-01T06:00:00,450,0.0,,,3.294184,0.8671,2025-11-01 05:00:00,2025-11-01,5,2025,11,1
2025-11-01T05:00:00,2025-11-01T06:00:00,316,0.0,,,9.446229,2.5e-05,2025-11-01 05:00:00,2025-11-01,5,2025,11,1
2025-11-01T05:00:00,2025-11-01T06:00:00,265,0.0,,,0.493213,29.221633,2025-11-01 05:00:00,2025-11-01,5,2025,11,1
2025-11-01T05:00:00,2025-11-01T06:00:00,165,0.0,,,0.0,0.0,2025-11-01 05:00:00,2025-11-01,5,2025,11,1
2025-11-01T05:00:00,2025-11-01T06:00:00,791,0.0,,,21.325107,2.58017,2025-11-01 05:00:00,2025-11-01,5,2025,11,1
2025-11-01T05:00:00,2025-11-01T06:00:00,746,0.0,,,5.935778,1.96745,2025-11-01 05:00:00,2025-11-01,5,2025,11,1
2025-11-01T05:00:00,2025-11-01T06:00:00,860,0.0,,,60.887976,5.70976,2025-11-01 05:00:00,2025-11-01,5,2025,11,1
2025-11-01T05:00:00,2025-11-01T06:00:00,607,0.0,,,0.146998,6.276557,2025-11-01 05:00:00,2025-11-01,5,2025,11,1
2025-11-01T05:00:00,2025-11-01T06:00:00,820,0.0,,,53.158754,3.16364,2025-11-01 05:00:00,2025-11-01,5,2025,11,1
2025-11-01T05:00:00,2025-11-01T06:00:00,390,0.0,,,1.858406,2.78319,2025-11-01 05:00:00,2025-11-01,5,2025,11,1
2025-11-01T05:00:00,2025-11-01T06:00:00,306,0.0,,,0.363316,0.0,2025-11-01 05:00:00,2025-11-01,5,2025,11,1
2025-11-01T05:00:00,2025-11-01T06:00:00,825,0.0,,,0.0,,2025-11-01 05:00:00,2025-11-01,5,2025,11,1
2025-11-01T05:00:00,2025-11-01T06:00:00,147,0.0,,,0.0,,2025-11-01 05:00:00,2025-11-01,5,2025,11,1
2025-11-01T05:00:00,2025-11-01T06:00:00,201,0.0,,,0.078028,0.0,2025-11-01 05:00:00,2025-11-01,5,2025,11,1
2025-11-01T05:00:00,2025-11-01T06:00:00,336,0.0,,,1.002477,0.0023,2025-11-01 05:00:00,2025-11-01,5,2025,11,1
2025-11-01T05:00:00,2025-11-01T06:00:00,563,0.0,,,0.47,,2025-11-01 05:00:00,2025-11-01,5,2025,11,1
2025-11-01T05:00:00,2025-11-01T06:00:00,326,0.0,,,17.894034,0.0,2025-11-01 05:00:00,2025-11-01,5,2025,11,1
2025-11-01T05:00:00,2025-11-01T06:00:00,230,0.0,,,0.0,0.01141,2025-11-01 05:00:00,2025-11-01,5,2025,11,1
2025-11-01T05:00:00,2025-11-01T06:00:00,161,0.0,,,0.0,16.860407,2025-11-01 05:00:00,2025-11-01,5,2025,11,1
2025-11-01T05:00:00,2025-11-01T06:00:00,183,0.0,,,0.0,,2025-11-01 05:00:00,2025-11-01,5,2025,11,1
2025-11-01T05:00:00,2025-11-01T06:00:00,157,0.0,,,0.0,,2025-11-01 05:00:00,2025-11-01,5,2025,11,1
2025-11-01T05:00:00,2025-11-01T06:00:00,540,0.0,,,2.900175,4.264097,2025-11-01 05:00:00,2025-11-01,5,2025,11,1
2025-11-01T05:00:00,2025-11-01T06:00:00,773,0.0,,,27.43226,0.0,2025-11-01 05:00:00,2025-11-01,5,2025,11,1
2025-11-01T05:00:00,2025-11-01T06:00:00,340,0.0,,,2.064075,0.34136,2025-11-01 05:00:00,2025-11-01,5,2025,11,1
2025-11-01T05:00:00,2025-11-01T06:00:00,580,0.001,,,11.11343,0.762246,2025-11-01 05:00:00,2025-11-01,5,2025,11,1
2025-11-01T05:00:00,2025-11-01T06:00:00,210,0.0,,,0.0,0.0,2025-11-01 05:00:00,2025-11-01,5,2025,11,1
2025-11-01T05:00:00,2025-11-01T06:00:00,510,0.0,,,5.528022,0.002,2025-11-01 05:00:00,2025-11-01,5,2025,11,1
2025-11-01T05:00:00,2025-11-01T06:00:00,573,0.0,,,19.970677,0.0572,2025-11-01 05:00:00,2025-11-01,5,2025,11,1
2025-11-01T05:00:00,2025-11-01T06:00:00,550,0.0,,,28.92166,0.906121,2025-11-01 05:00:00,2025-11-01,5,2025,11,1
2025-11-01T05:00:00,2025-11-01T06:00:00,260,0.0,,,0.498666,0.00035,2025-11-01 05:00:00,2025-11-01,5,2025,11,1
2025-11-01T05:00:00,2025-11-01T06:00:00,810,0.0,,,45.412473,2.8669,2025-11-01 05:00:00,2025-11-01,5,2025,11,1
2025-11-01T05:00:00,2025-11-01T06:00:00,420,0.0,,,4.229641,0.530702,2025-11-01 05:00:00,2025-11-01,5,2025,11,1
2025-11-01T05:00:00,2025-11-01T06:00:00,217,0.0,,,0.00035,1.2387,2025-11-01 05:00:00,2025-11-01,5,2025,11,1
2025-11-01T05:00:00,2025-11-01T06:00:00,223,0.0,,,0.0,4.80818,2025-11-01 05:00:00,2025-11-01,5,2025,11,1
2025-11-01T05:00:00,2025-11-01T06:00:00,400,0.0,,,8.652484,1.447,2025-11-01 05:00:00,2025-11-01,5,2025,11,1
2025-11-01T05:00:00,2025-11-01T06:00:00,410,0.0,,,1.694073,0.0,2025-11-01 05:00:00,2025-11-01,5,2025,11,1
2025-11-01T05:00:00,2025-11-01T06:00:00,461,0.0,,,0.965689,20.494763,2025-11-01 05:00:00,2025-11-01,5,2025,11,1
2025-11-01T05:00:00,2025-11-01T06:00:00,153,0.0,,,0.0,9e-05,2025-11-01 05:00:00,2025-11-01,5,2025,11,1
2025-11-01T05:00:00,2025-11-01T06:00:00,151,0.0,,,0.0,0.0,2025-11-01 05:00:00,2025-11-01,5,2025,11,1
2025-11-01T05:00:00,2025-11-01T06:00:00,671,0.0,,,22.841691,,2025-11-01 05:00:00,2025-11-01,5,2025,11,1
2025-11-01T05:00:00,2025-11-01T06:00:00,575,0.0,,,6.560354,0.00515,2025-11-01 05:00:00,2025-11-01,5,2025,11,1
2025-11-01T05:00:00,2025-11-01T06:00:00,657,0.0,,,35.790961,0.3311,2025-11-01 05:00:00,2025-11-01,5,2025,11,1
2025-11-01T05:00:00,2025-11-01T06:00:00,440,0.0,,,11.499095,0.0,2025-11-01 05:00:00,2025-11-01,5,2025,11,1
2025-11-01T05:00:00,2025-11-01T06:00:00,270,0.0,,,0.152144,1.22598,2025-11-01 05:00:00,2025-11-01,5,2025,11,1
2025-11-01T05:00:00,2025-11-01T06:00:00,185,0.0,,,0.0,,2025-11-01 05:00:00,2025-11-01,5,2025,11,1
2025-11-01T05:00:00,2025-11-01T06:00:00,849,0.0,,,52.73677,0.000709,2025-11-01 05:00:00,2025-11-01,5,2025,11,1
2025-11-01T05:00:00,2025-11-01T06:00:00,219,0.0,,,0.228181,3.63566,2025-11-01 05:00:00,2025-11-01,5,2025,11,1
2025-11-01T05:00:00,2025-11-01T06:00:00,350,0.0,,,0.765009,0.00988,2025-11-01 05:00:00,2025-11-01,5,2025,11,1
2025-11-01T05:00:00,2025-11-01T06:00:00,530,0.0,,,23.09242,1.401831,2025-11-01 05:00:00,2025-11-01,5,2025,11,1
2025-11-01T05:00:00,2025-11-01T06:00:00,479,0.0,,,3.0246,0.007176,2025-11-01 05:00:00,2025-11-01,5,2025,11,1
2025-11-01T05:00:00,2025-11-01T06:00:00,621,0.0,,,3.777005,0.337083,2025-11-01 05:00:00,2025-11-01,5,2025,11,1
2025-11-01T05:00:00,2025-11-01T06:00:00,169,0.0,,,0.085828,0.0,2025-11-01 05:00:00,2025-11-01,5,2025,11,1
2025-11-01T05:00:00,2025-11-01T06:00:00,159,0.0,,,0.0,0.0,2025-11-01 05:00:00,2025-11-01,5,2025,11,1
2025-11-01T05:00:00,2025-11-01T06:00:00,730,0.0,,,72.389649,2.515391,2025-11-01 05:00:00,2025-11-01,5,2025,11,1
2025-11-01T05:00:00,2025-11-01T06:00:00,482,0.0,,,5.10326,,2025-11-01 05:00:00,2025-11-01,5,2025,11,1
2025-11-01T05:00:00,2025-11-01T06:00:00,630,0.0,,,11.737524,1.19802,2025-11-01 05:00:00,2025-11-01,5,2025,11,1
2025-11-01T05:00:00,2025-11-01T06:00:00,320,0.004,,,3.952563,4.066126,2025-11-01 05:00:00,2025-11-01,5,2025,11,1
2025-11-01T05:00:00,2025-11-01T06:00:00,787,0.0,,,86.580845,3.32295,2025-11-01 05:00:00,2025-11-01,5,2025,11,1
2025-11-01T06:00:00,2025-11-01T07:00:00,330,0.281,9.46224,,3.583588,4.279857,2025-11-01 06:00:00,2025-11-01,6,2025,11,1
2025-11-01T06:00:00,2025-11-01T07:00:00,813,0.118,6.61,,16.71266,2.293047,2025-11-01 06:00:00,2025-11-01,6,2025,11,1
2025-11-01T06:00:00,2025-11-01T07:00:00,101,0.16,3.377,,1.77004,172.71974,2025-11-01 06:00:00,2025-11-01,6,2025,11,1
2025-11-01T06:00:00,2025-11-01T07:00:00,167,0.043,3.2889,,0.315517,172.08385,2025-11-01 06:00:00,2025-11-01,6,2025,11,1
2025-11-01T06:00:00,2025-11-01T07:00:00,665,0.272,20.234675,181.93,73.749913,5.447,2025-11-01 06:00:00,2025-11-01,6,2025,11,1
2025-11-01T06:00:00,2025-11-01T07:00:00,376,0.292,,21.092159,4.283875,12.099509,2025-11-01 06:00:00,2025-11-01,6,2025,11,1
2025-11-01T06:00:00,2025-11-01T07:00:00,779,0.121,,16.7408,35.395119,0.861991,2025-11-01 06:00:00,2025-11-01,6,2025,11,1
2025-11-01T06:00:00,2025-11-01T07:00:00,707,0.123,,277.382506,8.113324,5e-06,2025-11-01 06:00:00,2025-11-01,6,2025,11,1
2025-11-01T06:00:00,2025-11-01T07:00:00,360,1.096,,39.8221,69.236565,0.0,2025-11-01 06:00:00,2025-11-01,6,2025,11,1
2025-11-01T06:00:00,2025-11-01T07:00:00,741,0.003,12.904281,,4.487657,,2025-11-01 06:00:00,2025-11-01,6,2025,11,1
2025-11-01T06:00:00,2025-11-01T07:00:00,727,0.008,2.1942,,6.028336,0.0,2025-11-01 06:00:00,2025-11-01,6,2025,11,1
2025-11-01T06:00:00,2025-11-01T07:00:00,259,0.074,,140.5044,0.101718,0.18323,2025-11-01 06:00:00,2025-11-01,6,2025,11,1
2025-11-01T06:00:00,2025-11-01T07:00:00,760,0.167,,172.0,272.703058,4.233309,2025-11-01 06:00:00,2025-11-01,6,2025,11,1
2025-11-01T06:00:00,2025-11-01T07:00:00,561,0.012,144.903452,572.666818,28.078557,18.23771,2025-11-01 06:00:00,2025-11-01,6,2025,11,1
2025-11-01T06:00:00,2025-11-01T07:00:00,157,0.029,,,0.0,,2025-11-01 06:00:00,2025-11-01,6,2025,11,1
2025-11-01T06:00:00,2025-11-01T07:00:00,849,0.055,,,64.518036,0.000706,2025-11-01 06:00:00,2025-11-01,6,2025,11,1
2025-11-01T06:00:00,2025-11-01T07:00:00,825,0.01,,,0.0,,2025-11-01 06:00:00,2025-11-01,6,2025,11,1
2025-11-01T06:00:00,2025-11-01T07:00:00,450,0.015,,,4.460517,0.8445,2025-11-01 06:00:00,2025-11-01,6,2025,11,1
2025-11-01T06:00:00,2025-11-01T07:00:00,510,0.016,,,6.33365,0.0,2025-11-01 06:00:00,2025-11-01,6,2025,11,1
2025-11-01T06:00:00,2025-11-01T07:00:00,201,0.042,,,0.032557,0.0,2025-11-01 06:00:00,2025-11-01,6,2025,11,1
2025-11-01T06:00:00,2025-11-01T07:00:00,756,0.024,,,18.987376,1.770646,2025-11-01 06:00:00,2025-11-01,6,2025,11,1
2025-11-01T06:00:00,2025-11-01T07:00:00,746,0.02,,,6.404196,2.01358,2025-11-01 06:00:00,2025-11-01,6,2025,11,1
2025-11-01T06:00:00,2025-11-01T07:00:00,661,0.232,,,70.737871,19.7125,2025-11-01 06:00:00,2025-11-01,6,2025,11,1
2025-11-01T06:00:00,2025-11-01T07:00:00,390,0.644,,,0.9905,2.78872,2025-11-01 06:00:00,2025-11-01,6,2025,11,1
2025-11-01T06:00:00,2025-11-01T07:00:00,326,0.187,,,20.761935,0.0,2025-11-01 06:00:00,2025-11-01,6,2025,11,1
2025-11-01T06:00:00,2025-11-01T07:00:00,270,0.064,,,0.148438,0.0,2025-11-01 06:00:00,2025-11-01,6,2025,11,1
2025-11-01T06:00:00,2025-11-01T07:00:00,773,0.063,,,30.00317,0.0,2025-11-01 06:00:00,2025-11-01,6,2025,11,1
2025-11-01T06:00:00,2025-11-01T07:00:00,336,0.02,,,0.787322,0.0023,2025-11-01 06:00:00,2025-11-01,6,2025,11,1
2025-11-01T06:00:00,2025-11-01T07:00:00,165,0.01,,,0.0,0.0,2025-11-01 06:00:00,2025-11-01,6,2025,11,1
2025-11-01T06:00:00,2025-11-01T07:00:00,306,0.037,,,0.348209,0.0,2025-11-01 06:00:00,2025-11-01,6,2025,11,1
2025-11-01T06:00:00,2025-11-01T07:00:00,766,0.016,,,2.481173,0.0,2025-11-01 06:00:00,2025-11-01,6,2025,11,1
2025-11-01T06:00:00,2025-11-01T07:00:00,851,0.053,,,47.208731,6.41141,2025-11-01 06:00:00,2025-11-01,6,2025,11,1
2025-11-01T06:00:00,2025-11-01T07:00:00,250,0.108,,,0.316974,0.0,2025-11-01 06:00:00,2025-11-01,6,2025,11,1
2025-11-01T06:00:00,2025-11-01T07:00:00,710,0.106,,,6.674923,0.0,2025-11-01 06:00:00,2025-11-01,6,2025,11,1
2025-11-01T06:00:00,2025-11-01T07:00:00,410,0.06,,,2.328359,0.0,2025-11-01 06:00:00,2025-11-01,6,2025,11,1
2025-11-01T06:00:00,2025-11-01T07:00:00,230,0.038,,,0.0,0.01149,2025-11-01 06:00:00,2025-11-01,6,2025,11,1
2025-11-01T06:00:00,2025-11-01T07:00:00,316,0.214,,,12.181431,1.4e-05,2025-11-01 06:00:00,2025-11-01,6,2025,11,1
2025-11-01T06:00:00,2025-11-01T07:00:00,161,0.012,,,0.0,16.671146,2025-11-01 06:00:00,2025-11-01,6,2025,11,1
2025-11-01T06:00:00,2025-11-01T07:00:00,615,0.056,,,0.738533,0.93381,2025-11-01 06:00:00,2025-11-01,6,2025,11,1
2025-11-01T06:00:00,2025-11-01T07:00:00,159,0.035,,,0.0,0.0,2025-11-01 06:00:00,2025-11-01,6,2025,11,1
2025-11-01T06:00:00,2025-11-01T07:00:00,787,0.13,,,93.687866,3.35287,2025-11-01 06:00:00,2025-11-01,6,2025,11,1
2025-11-01T06:00:00,2025-11-01T07:00:00,329,0.053,,,0.518027,0.0,2025-11-01 06:00:00,2025-11-01,6,2025,11,1
2025-11-01T06:00:00,2025-11-01T07:00:00,147,0.011,,,0.0,,2025-11-01 06:00:00,2025-11-01,6,2025,11,1
2025-11-01T06:00:00,2025-11-01T07:00:00,607,0.018,,,0.180267,6.323609,2025-11-01 06:00:00,2025-11-01,6,2025,11,1
2025-11-01T06:00:00,2025-11-01T07:00:00,400,0.261,,,6.887709,1.448,2025-11-01 06:00:00,2025-11-01,6,2025,11,1
2025-11-01T06:00:00,2025-11-01T07:00:00,580,0.474,,,11.690258,0.762329,2025-11-01 06:00:00,2025-11-01,6,2025,11,1
2025-11-01T06:00:00,2025-11-01T07:00:00,550,0.05,,,30.736138,1.132913,2025-11-01 06:00:00,2025-11-01,6,2025,11,1
2025-11-01T06:00:00,2025-11-01T07:00:00,153,0.024,,,0.0,6e-05,2025-11-01 06:00:00,2025-11-01,6,2025,11,1
2025-11-01T06:00:00,2025-11-01T07:00:00,151,0.048,,,0.0,0.0,2025-11-01 06:00:00,2025-11-01,6,2025,11,1
2025-11-01T06:00:00,2025-11-01T07:00:00,573,0.045,,,24.375393,0.0253,2025-11-01 06:00:00,2025-11-01,6,2025,11,1
2025-11-01T06:00:00,2025-11-01T07:00:00,840,0.022,,,30.951719,0.0,2025-11-01 06:00:00,2025-11-01,6,2025,11,1
2025-11-01T06:00:00,2025-11-01T07:00:00,440,0.012,,,15.536534,0.0,2025-11-01 06:00:00,2025-11-01,6,2025,11,1
2025-11-01T06:00:00,2025-11-01T07:00:00,173,0.026,,,0.0,0.16152,2025-11-01 06:00:00,2025-11-01,6,2025,11,1
2025-11-01T06:00:00,2025-11-01T07:00:00,240,0.057,,,0.0,0.0,2025-11-01 06:00:00,2025-11-01,6,2025,11,1
2025-11-01T06:00:00,2025-11-01T07:00:00,430,0.028,,,2.655776,0.08186,2025-11-01 06:00:00,2025-11-01,6,2025,11,1
2025-11-01T06:00:00,2025-11-01T07:00:00,183,0.014,,,0.0,,2025-11-01 06:00:00,2025-11-01,6,2025,11,1
2025-11-01T06:00:00,2025-11-01T07:00:00,530,0.061,,,26.334741,1.609659,2025-11-01 06:00:00,2025-11-01,6,2025,11,1
2025-11-01T06:00:00,2025-11-01T07:00:00,175,0.018,,,0.0,,2025-11-01 06:00:00,2025-11-01,6,2025,11,1
2025-11-01T06:00:00,2025-11-01T07:00:00,820,0.085,,,64.644929,3.56899,2025-11-01 06:00:00,2025-11-01,6,2025,11,1
2025-11-01T06:00:00,2025-11-01T07:00:00,169,0.058,,,0.092664,0.0,2025-11-01 06:00:00,2025-11-01,6,2025,11,1
2025-11-01T06:00:00,2025-11-01T07:00:00,630,0.278,,,10.115761,1.197661,2025-11-01 06:00:00,2025-11-01,6,2025,11,1
2025-11-01T06:00:00,2025-11-01T07:00:00,810,0.052,,,48.452947,2.8377,2025-11-01 06:00:00,2025-11-01,6,2025,11,1
2025-11-01T06:00:00,2025-11-01T07:00:00,265,0.106,,,0.56106,29.624176,2025-11-01 06:00:00,2025-11-01,6,2025,11,1
2025-11-01T06:00:00,2025-11-01T07:00:00,420,0.105,,,4.922374,0.531121,2025-11-01 06:00:00,2025-11-01,6,2025,11,1
2025-11-01T06:00:00,2025-11-01T07:00:00,155,0.012,,,0.0,,2025-11-01 06:00:00,2025-11-01,6,2025,11,1
2025-11-01T06:00:00,2025-11-01T07:00:00,350,0.045,,,0.69952,0.00992,2025-11-01 06:00:00,2025-11-01,6,2025,11,1
2025-11-01T06:00:00,2025-11-01T07:00:00,370,0.286,,,11.305777,10.92229,2025-11-01 06:00:00,2025-11-01,6,2025,11,1
2025-11-01T06:00:00,2025-11-01T07:00:00,730,0.221,,,69.007023,2.245097,2025-11-01 06:00:00,2025-11-01,6,2025,11,1
2025-11-01T06:00:00,2025-11-01T07:00:00,540,0.171,,,3.072617,4.480692,2025-11-01 06:00:00,2025-11-01,6,2025,11,1
2025-11-01T06:00:00,2025-11-01T07:00:00,740,0.055,,,8.811935,0.1607,2025-11-01 06:00:00,2025-11-01,6,2025,11,1
2025-11-01T06:00:00,2025-11-01T07:00:00,791,0.271,,,23.020896,3.554355,2025-11-01 06:00:00,2025-11-01,6,2025,11,1
2025-11-01T06:00:00,2025-11-01T07:00:00,253,0.064,,,0.01285,0.00793,2025-11-01 06:00:00,2025-11-01,6,2025,11,1
2025-11-01T06:00:00,2025-11-01T07:00:00,340,0.352,,,2.05335,0.34564,2025-11-01 06:00:00,2025-11-01,6,2025,11,1
2025-11-01T06:00:00,2025-11-01T07:00:00,260,0.035,,,0.54665,0.00055,2025-11-01 06:00:00,2025-11-01,6,2025,11,1
2025-11-01T06:00:00,2025-11-01T07:00:00,187,0.005,,,0.0,,2025-11-01 06:00:00,2025-11-01,6,2025,11,1
2025-11-01T06:00:00,2025-11-01T07:00:00,219,0.076,,,0.158815,3.64785,2025-11-01 06:00:00,2025-11-01,6,2025,11,1
2025-11-01T06:00:00,2025-11-01T07:00:00,190,0.026,,,0.0,0.0,2025-11-01 06:00:00,2025-11-01,6,2025,11,1
2025-11-01T06:00:00,2025-11-01T07:00:00,706,0.183,,,6.098053,0.249397,2025-11-01 06:00:00,2025-11-01,6,2025,11,1
2025-11-01T06:00:00,2025-11-01T07:00:00,563,0.0,,,0.6341,,2025-11-01 06:00:00,2025-11-01,6,2025,11,1
2025-11-01T06:00:00,2025-11-01T07:00:00,210,0.045,,,0.0,0.0,2025-11-01 06:00:00,2025-11-01,6,2025,11,1
2025-11-01T06:00:00,2025-11-01T07:00:00,320,0.732,,,2.508212,4.009127,2025-11-01 06:00:00,2025-11-01,6,2025,11,1
2025-11-01T06:00:00,2025-11-01T07:00:00,163,0.029,,,0.0,,2025-11-01 06:00:00,2025-11-01,6,2025,11,1
2025-11-01T06:00:00,2025-11-01T07:00:00,479,0.095,,,3.833681,0.015881,2025-11-01 06:00:00,2025-11-01,6,2025,11,1
2025-11-01T06:00:00,2025-11-01T07:00:00,461,0.185,,,0.8384,24.762035,2025-11-01 06:00:00,2025-11-01,6,2025,11,1
2025-11-01T06:00:00,2025-11-01T07:00:00,860,0.04,,,53.378038,5.65019,2025-11-01 06:00:00,2025-11-01,6,2025,11,1
2025-11-01T06:00:00,2025-11-01T07:00:00,217,0.069,,,0.00077,7.9291,2025-11-01 06:00:00,2025-11-01,6,2025,11,1
2025-11-01T06:00:00,2025-11-01T07:00:00,269,0.029,,,7.2e-05,0.52324,2025-11-01 06:00:00,2025-11-01,6,2025,11,1
2025-11-01T06:00:00,2025-11-01T07:00:00,482,0.008,,,7.43776,,2025-11-01 06:00:00,2025-11-01,6,2025,11,1
2025-11-01T06:00:00,2025-11-01T07:00:00,846,0.038,,,27.804966,0.19305,2025-11-01 06:00:00,2025-11-01,6,2025,11,1
2025-11-01T06:00:00,2025-11-01T07:00:00,671,0.012,,,22.479013,,2025-11-01 06:00:00,2025-11-01,6,2025,11,1
2025-11-01T06:00:00,2025-11-01T07:00:00,751,0.093,,,4.118442,13.901197,2025-11-01 06:00:00,2025-11-01,6,2025,11,1
2025-11-01T06:00:00,2025-11-01T07:00:00,185,0.061,,,0.0,,2025-11-01 06:00:00,2025-11-01,6,2025,11,1
2025-11-01T06:00:00,2025-11-01T07:00:00,223,0.017,,,0.0,3.29745,2025-11-01 06:00:00,2025-11-01,6,2025,11,1
2025-11-01T06:00:00,2025-11-01T07:00:00,480,0.018,,,6.044806,0.001,2025-11-01 06:00:00,2025-11-01,6,2025,11,1
2025-11-01T06:00:00,2025-11-01T07:00:00,492,0.004,,,3.343204,0.0,2025-11-01 06:00:00,2025-11-01,6,2025,11,1
2025-11-01T06:00:00,2025-11-01T07:00:00,621,0.435,,,4.26789,0.337272,2025-11-01 06:00:00,2025-11-01,6,2025,11,1
2025-11-01T06:00:00,2025-11-01T07:00:00,657,0.194,,,37.986316,0.326,2025-11-01 06:00:00,2025-11-01,6,2025,11,1
2025-11-01T06:00:00,2025-11-01T07:00:00,575,0.128,,,7.854024,0.005714,2025-11-01 06:00:00,2025-11-01,6,2025,11,1
2025-11-01T07:00:00,2025-11-01T08:00:00,360,15.39,,46.3824,79.50122,0.0,2025-11-01 07:00:00,2025-11-01,7,2025,11,1
2025-11-01T07:00:00,2025-11-01T08:00:00,741,0.086,19.47851,,5.701855,,2025-11-01 07:00:00,2025-11-01,7,2025,11,1
2025-11-01T07:00:00,2025-11-01T08:00:00,760,5.035,,173.0,287.500534,4.255446,2025-11-01 07:00:00,2025-11-01,7,2025,11,1
2025-11-01T07:00:00,2025-11-01T08:00:00,727,0.171,2.2739,,6.704102,0.0,2025-11-01 07:00:00,2025-11-01,7,2025,11,1
2025-11-01T07:00:00,2025-11-01T08:00:00,259,0.883,,94.187,0.105958,0.005317,2025-11-01 07:00:00,2025-11-01,7,2025,11,1
2025-11-01T07:00:00,2025-11-01T08:00:00,665,4.125,30.301549,179.319,75.69915,2.436,2025-11-01 07:00:00,2025-11-01,7,2025,11,1
2025-11-01T07:00:00,2025-11-01T08:00:00,330,3.209,11.30028,,4.3375,4.286668,2025-11-01 07:00:00,2025-11-01,7,2025,11,1
2025-11-01T07:00:00,2025-11-01T08:00:00,167,0.321,2.0346,,0.176617,158.72921,2025-11-01 07:00:00,2025-11-01,7,2025,11,1
2025-11-01T07:00:00,2025-11-01T08:00:00,561,0.364,146.024251,580.449402,29.278715,18.40555,2025-11-01 07:00:00,2025-11-01,7,2025,11,1
2025-11-01T07:00:00,2025-11-01T08:00:00,707,3.453,,311.290907,11.27864,5e-06,2025-11-01 07:00:00,2025-11-01,7,2025,11,1
2025-11-01T07:00:00,2025-11-01T08:00:00,813,3.545,7.43,,20.096346,2.331025,2025-11-01 07:00:00,2025-11-01,7,2025,11,1
2025-11-01T07:00:00,2025-11-01T08:00:00,101,1.096,5.5375,,1.482983,170.459063,2025-11-01 07:00:00,2025-11-01,7,2025,11,1
2025-11-01T07:00:00,2025-11-01T08:00:00,376,3.4,,27.173857,5.285981,12.708148,2025-11-01 07:00:00,2025-11-01,7,2025,11,1
2025-11-01T07:00:00,2025-11-01T08:00:00,779,2.611,,21.2616,43.922179,0.861456,2025-11-01 07:00:00,2025-11-01,7,2025,11,1
2025-11-01T07:00:00,2025-11-01T08:00:00,185,0.498,,,0.0,,2025-11-01 07:00:00,2025-11-01,7,2025,11,1
2025-11-01T07:00:00,2025-11-01T08:00:00,210,0.399,,,0.0,0.0,2025-11-01 07:00:00,2025-11-01,7,2025,11,1
2025-11-01T07:00:00,2025-11-01T08:00:00,840,0.666,,,27.541467,0.0,2025-11-01 07:00:00,2025-11-01,7,2025,11,1
2025-11-01T07:00:00,2025-11-01T08:00:00,190,0.218,,,0.0,0.0,2025-11-01 07:00:00,2025-11-01,7,2025,11,1
2025-11-01T07:00:00,2025-11-01T08:00:00,820,2.926,,,56.877132,3.57632,2025-11-01 07:00:00,2025-11-01,7,2025,11,1
2025-11-01T07:00:00,2025-11-01T08:00:00,791,5.714,,,23.172289,3.507293,2025-11-01 07:00:00,2025-11-01,7,2025,11,1
2025-11-01T07:00:00,2025-11-01T08:00:00,573,1.399,,,25.321126,0.0052,2025-11-01 07:00:00,2025-11-01,7,2025,11,1
2025-11-01T07:00:00,2025-11-01T08:00:00,810,1.705,,,53.281173,2.5641,2025-11-01 07:00:00,2025-11-01,7,2025,11,1
2025-11-01T07:00:00,2025-11-01T08:00:00,580,13.327,,,11.848263,0.762787,2025-11-01 07:00:00,2025-11-01,7,2025,11,1
2025-11-01T07:00:00,2025-11-01T08:00:00,492,0.114,,,4.555547,0.0,2025-11-01 07:00:00,2025-11-01,7,2025,11,1
2025-11-01T07:00:00,2025-11-01T08:00:00,740,1.113,,,9.650181,0.1607,2025-11-01 07:00:00,2025-11-01,7,2025,11,1
2025-11-01T07:00:00,2025-11-01T08:00:00,253,0.665,,,0.00903,0.00668,2025-11-01 07:00:00,2025-11-01,7,2025,11,1
2025-11-01T07:00:00,2025-11-01T08:00:00,751,1.823,,,4.723432,15.866384,2025-11-01 07:00:00,2025-11-01,7,2025,11,1
2025-11-01T07:00:00,2025-11-01T08:00:00,230,0.33,,,0.0,0.01305,2025-11-01 07:00:00,2025-11-01,7,2025,11,1
2025-11-01T07:00:00,2025-11-01T08:00:00,370,3.153,,,9.592321,10.9089,2025-11-01 07:00:00,2025-11-01,7,2025,11,1
2025-11-01T07:00:00,2025-11-01T08:00:00,329,0.595,,,0.393551,0.00017,2025-11-01 07:00:00,2025-11-01,7,2025,11,1
2025-11-01T07:00:00,2025-11-01T08:00:00,461,3.919,,,1.046002,41.516565,2025-11-01 07:00:00,2025-11-01,7,2025,11,1
2025-11-01T07:00:00,2025-11-01T08:00:00,169,0.593,,,0.072824,0.0,2025-11-01 07:00:00,2025-11-01,7,2025,11,1
2025-11-01T07:00:00,2025-11-01T08:00:00,706,3.517,,,6.979021,0.249432,2025-11-01 07:00:00,2025-11-01,7,2025,11,1
2025-11-01T07:00:00,2025-11-01T08:00:00,147,0.1,,,0.0,,2025-11-01 07:00:00,2025-11-01,7,2025,11,1
2025-11-01T07:00:00,2025-11-01T08:00:00,350,0.444,,,0.499908,0.00997,2025-11-01 07:00:00,2025-11-01,7,2025,11,1
2025-11-01T07:00:00,2025-11-01T08:00:00,260,0.52,,,0.583712,3e-05,2025-11-01 07:00:00,2025-11-01,7,2025,11,1
2025-11-01T07:00:00,2025-11-01T08:00:00,265,1.062,,,0.559533,29.603932,2025-11-01 07:00:00,2025-11-01,7,2025,11,1
2025-11-01T07:00:00,2025-11-01T08:00:00,163,0.256,,,0.0,,2025-11-01 07:00:00,2025-11-01,7,2025,11,1
2025-11-01T07:00:00,2025-11-01T08:00:00,575,3.225,,,10.899492,0.003269,2025-11-01 07:00:00,2025-11-01,7,2025,11,1
2025-11-01T07:00:00,2025-11-01T08:00:00,630,5.27,,,11.567062,1.197683,2025-11-01 07:00:00,2025-11-01,7,2025,11,1
2025-11-01T07:00:00,2025-11-01T08:00:00,671,0.181,,,26.675481,,2025-11-01 07:00:00,2025-11-01,7,2025,11,1
2025-11-01T07:00:00,2025-11-01T08:00:00,151,0.422,,,0.0,0.0,2025-11-01 07:00:00,2025-11-01,7,2025,11,1
2025-11-01T07:00:00,2025-11-01T08:00:00,851,1.721,,,51.956,6.74385,2025-11-01 07:00:00,2025-11-01,7,2025,11,1
2025-11-01T07:00:00,2025-11-01T08:00:00,219,0.719,,,0.236877,3.62305,2025-11-01 07:00:00,2025-11-01,7,2025,11,1
2025-11-01T07:00:00,2025-11-01T08:00:00,201,0.378,,,0.049406,0.0,2025-11-01 07:00:00,2025-11-01,7,2025,11,1
2025-11-01T07:00:00,2025-11-01T08:00:00,530,1.481,,,30.709833,1.610655,2025-11-01 07:00:00,2025-11-01,7,2025,11,1
2025-11-01T07:00:00,2025-11-01T08:00:00,607,0.293,,,0.183118,6.18612,2025-11-01 07:00:00,2025-11-01,7,2025,11,1
2025-11-01T07:00:00,2025-11-01T08:00:00,480,0.383,,,5.69155,0.0,2025-11-01 07:00:00,2025-11-01,7,2025,11,1
2025-11-01T07:00:00,2025-11-01T08:00:00,175,0.161,,,0.0,,2025-11-01 07:00:00,2025-11-01,7,2025,11,1
2025-11-01T07:00:00,2025-11-01T08:00:00,621,9.759,,,5.26417,0.337018,2025-11-01 07:00:00,2025-11-01,7,2025,11,1
2025-11-01T07:00:00,2025-11-01T08:00:00,223,0.166,,,0.0,3.2998,2025-11-01 07:00:00,2025-11-01,7,2025,11,1
2025-11-01T07:00:00,2025-11-01T08:00:00,390,5.913,,,1.504595,4.57041,2025-11-01 07:00:00,2025-11-01,7,2025,11,1
2025-11-01T07:00:00,2025-11-01T08:00:00,730,4.194,,,68.448266,2.115214,2025-11-01 07:00:00,2025-11-01,7,2025,11,1
2025-11-01T07:00:00,2025-11-01T08:00:00,860,1.024,,,60.349254,5.29591,2025-11-01 07:00:00,2025-11-01,7,2025,11,1
2025-11-01T07:00:00,2025-11-01T08:00:00,420,2.192,,,5.669313,0.514489,2025-11-01 07:00:00,2025-11-01,7,2025,11,1
2025-11-01T07:00:00,2025-11-01T08:00:00,326,2.471,,,21.099374,0.0,2025-11-01 07:00:00,2025-11-01,7,2025,11,1
2025-11-01T07:00:00,2025-11-01T08:00:00,773,1.154,,,32.40355,0.0,2025-11-01 07:00:00,2025-11-01,7,2025,11,1
2025-11-01T07:00:00,2025-11-01T08:00:00,550,1.345,,,30.212334,0.912286,2025-11-01 07:00:00,2025-11-01,7,2025,11,1
2025-11-01T07:00:00,2025-11-01T08:00:00,766,0.428,,,2.306748,0.0,2025-11-01 07:00:00,2025-11-01,7,2025,11,1
2025-11-01T07:00:00,2025-11-01T08:00:00,165,0.101,,,0.0,0.0,2025-11-01 07:00:00,2025-11-01,7,2025,11,1
2025-11-01T07:00:00,2025-11-01T08:00:00,270,0.851,,,0.140913,0.0,2025-11-01 07:00:00,2025-11-01,7,2025,11,1
2025-11-01T07:00:00,2025-11-01T08:00:00,217,0.718,,,0.00088,7.9279,2025-11-01 07:00:00,2025-11-01,7,2025,11,1
2025-11-01T07:00:00,2025-11-01T08:00:00,306,0.485,,,0.350786,0.000202,2025-11-01 07:00:00,2025-11-01,7,2025,11,1
2025-11-01T07:00:00,2025-11-01T08:00:00,173,0.213,,,0.0,0.1574,2025-11-01 07:00:00,2025-11-01,7,2025,11,1
2025-11-01T07:00:00,2025-11-01T08:00:00,269,0.248,,,0.001528,0.52334,2025-11-01 07:00:00,2025-11-01,7,2025,11,1
2025-11-01T07:00:00,2025-11-01T08:00:00,400,3.268,,,4.894279,1.446,2025-11-01 07:00:00,2025-11-01,7,2025,11,1
2025-11-01T07:00:00,2025-11-01T08:00:00,657,3.912,,,41.982983,0.333,2025-11-01 07:00:00,2025-11-01,7,2025,11,1
2025-11-01T07:00:00,2025-11-01T08:00:00,320,7.921,,,3.749133,4.042023,2025-11-01 07:00:00,2025-11-01,7,2025,11,1
2025-11-01T07:00:00,2025-11-01T08:00:00,756,0.576,,,20.220143,1.796514,2025-11-01 07:00:00,2025-11-01,7,2025,11,1
2025-11-01T07:00:00,2025-11-01T08:00:00,340,4.471,,,2.436006,0.34267,2025-11-01 07:00:00,2025-11-01,7,2025,11,1
2025-11-01T07:00:00,2025-11-01T08:00:00,510,0.566,,,7.264166,0.002,2025-11-01 07:00:00,2025-11-01,7,2025,11,1
2025-11-01T07:00:00,2025-11-01T08:00:00,710,2.034,,,8.103243,0.001,2025-11-01 07:00:00,2025-11-01,7,2025,11,1
2025-11-01T07:00:00,2025-11-01T08:00:00,157,0.196,,,0.0,,2025-11-01 07:00:00,2025-11-01,7,2025,11,1
2025-11-01T07:00:00,2025-11-01T08:00:00,482,0.221,,,9.87416,,2025-11-01 07:00:00,2025-11-01,7,2025,11,1
2025-11-01T07:00:00,2025-11-01T08:00:00,746,0.47,,,5.839399,1.92883,2025-11-01 07:00:00,2025-11-01,7,2025,11,1
2025-11-01T07:00:00,2025-11-01T08:00:00,661,4.83,,,83.99069,19.995,2025-11-01 07:00:00,2025-11-01,7,2025,11,1
2025-11-01T07:00:00,2025-11-01T08:00:00,187,0.06,,,0.0,,2025-11-01 07:00:00,2025-11-01,7,2025,11,1
2025-11-01T07:00:00,2025-11-01T08:00:00,450,0.285,,,5.146114,0.8474,2025-11-01 07:00:00,2025-11-01,7,2025,11,1
2025-11-01T07:00:00,2025-11-01T08:00:00,161,0.144,,,0.0,16.756918,2025-11-01 07:00:00,2025-11-01,7,2025,11,1
2025-11-01T07:00:00,2025-11-01T08:00:00,430,0.744,,,3.374405,0.08227,2025-11-01 07:00:00,2025-11-01,7,2025,11,1
2025-11-01T07:00:00,2025-11-01T08:00:00,410,1.12,,,2.623499,0.0,2025-11-01 07:00:00,2025-11-01,7,2025,11,1
2025-11-01T07:00:00,2025-11-01T08:00:00,849,1.827,,,67.657618,0.000714,2025-11-01 07:00:00,2025-11-01,7,2025,11,1
2025-11-01T07:00:00,2025-11-01T08:00:00,316,2.096,,,9.306965,9e-06,2025-11-01 07:00:00,2025-11-01,7,2025,11,1
2025-11-01T07:00:00,2025-11-01T08:00:00,440,0.247,,,11.544048,0.0,2025-11-01 07:00:00,2025-11-01,7,2025,11,1
2025-11-01T07:00:00,2025-11-01T08:00:00,846,1.411,,,29.202426,0.20742,2025-11-01 07:00:00,2025-11-01,7,2025,11,1
2025-11-01T07:00:00,2025-11-01T08:00:00,250,0.916,,,0.322717,0.0,2025-11-01 07:00:00,2025-11-01,7,2025,11,1
2025-11-01T07:00:00,2025-11-01T08:00:00,479,2.592,,,4.227339,0.015884,2025-11-01 07:00:00,2025-11-01,7,2025,11,1
2025-11-01T07:00:00,2025-11-01T08:00:00,540,5.347,,,3.48717,4.016704,2025-11-01 07:00:00,2025-11-01,7,2025,11,1
2025-11-01T07:00:00,2025-11-01T08:00:00,155,0.088,,,0.0,,2025-11-01 07:00:00,2025-11-01,7,2025,11,1
2025-11-01T07:00:00,2025-11-01T08:00:00,183,0.191,,,0.0,,2025-11-01 07:00:00,2025-11-01,7,2025,11,1
2025-11-01T07:00:00,2025-11-01T08:00:00,563,0.018,,,0.6136,,2025-11-01 07:00:00,2025-11-01,7,2025,11,1
2025-11-01T07:00:00,2025-11-01T08:00:00,159,0.267,,,0.0,0.0,2025-11-01 07:00:00,2025-11-01,7,2025,11,1
2025-11-01T07:00:00,2025-11-01T08:00:00,825,0.282,,,0.0,,2025-11-01 07:00:00,2025-11-01,7,2025,11,1
2025-11-01T07:00:00,2025-11-01T08:00:00,153,0.229,,,0.0,0.0,2025-11-01 07:00:00,2025-11-01,7,2025,11,1
2025-11-01T07:00:00,2025-11-01T08:00:00,787,2.029,,,99.415343,3.52133,2025-11-01 07:00:00,2025-11-01,7,2025,11,1
2025-11-01T07:00:00,2025-11-01T08:00:00,240,0.492,,,0.0,0.0,2025-11-01 07:00:00,2025-11-01,7,2025,11,1
2025-11-01T07:00:00,2025-11-01T08:00:00,615,1.809,,,0.627855,0.93416,2025-11-01 07:00:00,2025-11-01,7,2025,11,1
2025-11-01T07:00:00,2025-11-01T08:00:00,336,0.29,,,0.792382,0.0019,2025-11-01 07:00:00,2025-11-01,7,2025,11,1
2025-11-01T08:00:00,2025-11-01T09:00:00,376,8.215,,31.116859,6.461641,16.469126,2025-11-01 08:00:00,2025-11-01,8,2025,11,1
2025-11-01T08:00:00,2025-11-01T09:00:00,330,9.71,13.43794,,5.138406,4.045037,2025-11-01 08:00:00,2025-11-01,8,2025,11,1
2025-11-01T08:00:00,2025-11-01T09:00:00,665,15.821,25.374662,183.396,84.74168,2.386,2025-11-01 08:00:00,2025-11-01,8,2025,11,1
2025-11-01T08:00:00,2025-11-01T09:00:00,167,0.884,3.0962,,0.262365,141.86644,2025-11-01 08:00:00,2025-11-01,8,2025,11,1
2025-11-01T08:00:00,2025-11-01T09:00:00,561,0.847,146.805725,581.715688,38.302646,18.237705,2025-11-01 08:00:00,2025-11-01,8,2025,11,1
2025-11-01T08:00:00,2025-11-01T09:00:00,360,34.417,,46.302,88.425965,0.0,2025-11-01 08:00:00,2025-11-01,8,2025,11,1
2025-11-01T08:00:00,2025-11-01T09:00:00,707,6.697,,339.669945,13.719358,1.3e-05,2025-11-01 08:00:00,2025-11-01,8,2025,11,1
2025-11-01T08:00:00,2025-11-01T09:00:00,741,0.163,19.763451,,6.11486,,2025-11-01 08:00:00,2025-11-01,8,2025,11,1
2025-11-01T08:00:00,2025-11-01T09:00:00,760,9.414,,175.0,321.09747,4.266678,2025-11-01 08:00:00,2025-11-01,8,2025,11,1
2025-11-01T08:00:00,2025-11-01T09:00:00,727,0.415,2.2119,,6.817792,0.0,2025-11-01 08:00:00,2025-11-01,8,2025,11,1
2025-11-01T08:00:00,2025-11-01T09:00:00,813,6.807,7.36,,17.6042,2.298359,2025-11-01 08:00:00,2025-11-01,8,2025,11,1
2025-11-01T08:00:00,2025-11-01T09:00:00,259,2.179,,122.5701,0.121829,0.075193,2025-11-01 08:00:00,2025-11-01,8,2025,11,1
2025-11-01T08:00:00,2025-11-01T09:00:00,779,11.248,,22.831,48.348682,0.863319,2025-11-01 08:00:00,2025-11-01,8,2025,11,1
2025-11-01T08:00:00,2025-11-01T09:00:00,101,3.247,4.6362,,1.82956,171.360729,2025-11-01 08:00:00,2025-11-01,8,2025,11,1
2025-11-01T08:00:00,2025-11-01T09:00:00,710,4.24,,,8.83923,0.0,2025-11-01 08:00:00,2025-11-01,8,2025,11,1
2025-11-01T08:00:00,2025-11-01T09:00:00,306,1.149,,,0.32547,0.000172,2025-11-01 08:00:00,2025-11-01,8,2025,11,1
2025-11-01T08:00:00,2025-11-01T09:00:00,320,21.714,,,4.474026,3.569487,2025-11-01 08:00:00,2025-11-01,8,2025,11,1
2025-11-01T08:00:00,2025-11-01T09:00:00,187,0.154,,,0.0,,2025-11-01 08:00:00,2025-11-01,8,2025,11,1
2025-11-01T08:00:00,2025-11-01T09:00:00,336,0.754,,,1.123982,0.0021,2025-11-01 08:00:00,2025-11-01,8,2025,11,1
2025-11-01T08:00:00,2025-11-01T09:00:00,173,0.598,,,0.0,0.14908,2025-11-01 08:00:00,2025-11-01,8,2025,11,1
2025-11-01T08:00:00,2025-11-01T09:00:00,210,0.712,,,0.0,0.0,2025-11-01 08:00:00,2025-11-01,8,2025,11,1
2025-11-01T08:00:00,2025-11-01T09:00:00,157,0.618,,,0.0,,2025-11-01 08:00:00,2025-11-01,8,2025,11,1
2025-11-01T08:00:00,2025-11-01T09:00:00,201,0.733,,,0.074896,0.0,2025-11-01 08:00:00,2025-11-01,8,2025,11,1
2025-11-01T08:00:00,2025-11-01T09:00:00,756,1.162,,,21.158252,1.786455,2025-11-01 08:00:00,2025-11-01,8,2025,11,1
2025-11-01T08:00:00,2025-11-01T09:00:00,766,1.346,,,2.272166,0.0,2025-11-01 08:00:00,2025-11-01,8,2025,11,1
2025-11-01T08:00:00,2025-11-01T09:00:00,550,2.768,,,38.119185,0.574515,2025-11-01 08:00:00,2025-11-01,8,2025,11,1
2025-11-01T08:00:00,2025-11-01T09:00:00,482,0.591,,,12.36752,,2025-11-01 08:00:00,2025-11-01,8,2025,11,1
2025-11-01T08:00:00,2025-11-01T09:00:00,183,0.523,,,0.0,,2025-11-01 08:00:00,2025-11-01,8,2025,11,1
2025-11-01T08:00:00,2025-11-01T09:00:00,851,2.874,,,52.24055,6.71948,2025-11-01 08:00:00,2025-11-01,8,2025,11,1
2025-11-01T08:00:00,2025-11-01T09:00:00,510,1.474,,,8.257536,0.001,2025-11-01 08:00:00,2025-11-01,8,2025,11,1
2025-11-01T08:00:00,2025-11-01T09:00:00,165,0.336,,,0.0,0.0,2025-11-01 08:00:00,2025-11-01,8,2025,11,1
2025-11-01T08:00:00,2025-11-01T09:00:00,450,0.853,,,6.320618,0.8683,2025-11-01 08:00:00,2025-11-01,8,2025,11,1
2025-11-01T08:00:00,2025-11-01T09:00:00,250,1.786,,,0.320623,0.0,2025-11-01 08:00:00,2025-11-01,8,2025,11,1
2025-11-01T08:00:00,2025-11-01T09:00:00,746,1.015,,,6.932293,1.90647,2025-11-01 08:00:00,2025-11-01,8,2025,11,1
2025-11-01T08:00:00,2025-11-01T09:00:00,615,4.13,,,0.756691,0.93355,2025-11-01 08:00:00,2025-11-01,8,2025,11,1
2025-11-01T08:00:00,2025-11-01T09:00:00,329,1.562,,,0.507936,0.0,2025-11-01 08:00:00,2025-11-01,8,2025,11,1
2025-11-01T08:00:00,2025-11-01T09:00:00,155,0.252,,,0.0,,2025-11-01 08:00:00,2025-11-01,8,2025,11,1
2025-11-01T08:00:00,2025-11-01T09:00:00,540,10.387,,,3.475359,4.302613,2025-11-01 08:00:00,2025-11-01,8,2025,11,1
2025-11-01T08:00:00,2025-11-01T09:00:00,169,1.541,,,0.058398,0.0,2025-11-01 08:00:00,2025-11-01,8,2025,11,1
2025-11-01T08:00:00,2025-11-01T09:00:00,580,27.48,,,12.525117,0.762318,2025-11-01 08:00:00,2025-11-01,8,2025,11,1
2025-11-01T08:00:00,2025-11-01T09:00:00,153,0.698,,,0.0,1e-05,2025-11-01 08:00:00,2025-11-01,8,2025,11,1
2025-11-01T08:00:00,2025-11-01T09:00:00,159,0.814,,,0.0,0.0,2025-11-01 08:00:00,2025-11-01,8,2025,11,1
2025-11-01T08:00:00,2025-11-01T09:00:00,147,0.321,,,0.0,,2025-11-01 08:00:00,2025-11-01,8,2025,11,1
2025-11-01T08:00:00,2025-11-01T09:00:00,810,2.781,,,51.483816,2.55285,2025-11-01 08:00:00,2025-11-01,8,2025,11,1
2025-11-01T08:00:00,2025-11-01T09:00:00,573,2.594,,,27.297749,0.0,2025-11-01 08:00:00,2025-11-01,8,2025,11,1
2025-11-01T08:00:00,2025-11-01T09:00:00,410,2.997,,,2.091851,0.0,2025-11-01 08:00:00,2025-11-01,8,2025,11,1
2025-11-01T08:00:00,2025-11-01T09:00:00,316,5.037,,,8.381191,1e-06,2025-11-01 08:00:00,2025-11-01,8,2025,11,1
2025-11-01T08:00:00,2025-11-01T09:00:00,265,2.714,,,0.49394,29.394019,2025-11-01 08:00:00,2025-11-01,8,2025,11,1
2025-11-01T08:00:00,2025-11-01T09:00:00,161,0.536,,,0.0,16.882809,2025-11-01 08:00:00,2025-11-01,8,2025,11,1
2025-11-01T08:00:00,2025-11-01T09:00:00,240,1.2,,,0.0,0.0,2025-11-01 08:00:00,2025-11-01,8,2025,11,1
2025-11-01T08:00:00,2025-11-01T09:00:00,219,1.288,,,0.205551,3.66421,2025-11-01 08:00:00,2025-11-01,8,2025,11,1
2025-11-01T08:00:00,2025-11-01T09:00:00,740,3.115,,,12.351262,0.1607,2025-11-01 08:00:00,2025-11-01,8,2025,11,1
2025-11-01T08:00:00,2025-11-01T09:00:00,787,3.588,,,107.248667,3.42879,2025-11-01 08:00:00,2025-11-01,8,2025,11,1
2025-11-01T08:00:00,2025-11-01T09:00:00,607,0.825,,,0.404075,6.510623,2025-11-01 08:00:00,2025-11-01,8,2025,11,1
2025-11-01T08:00:00,2025-11-01T09:00:00,430,2.125,,,2.615243,0.08184,2025-11-01 08:00:00,2025-11-01,8,2025,11,1
2025-11-01T08:00:00,2025-11-01T09:00:00,223,0.334,,,0.0,3.2962,2025-11-01 08:00:00,2025-11-01,8,2025,11,1
2025-11-01T08:00:00,2025-11-01T09:00:00,217,0.716,,,0.00116,4.6467,2025-11-01 08:00:00,2025-11-01,8,2025,11,1
2025-11-01T08:00:00,2025-11-01T09:00:00,185,1.354,,,0.0,,2025-11-01 08:00:00,2025-11-01,8,2025,11,1
2025-11-01T08:00:00,2025-11-01T09:00:00,269,0.617,,,0.002757,0.52334,2025-11-01 08:00:00,2025-11-01,8,2025,11,1
2025-11-01T08:00:00,2025-11-01T09:00:00,420,6.098,,,5.770162,0.520026,2025-11-01 08:00:00,2025-11-01,8,2025,11,1
2025-11-01T08:00:00,2025-11-01T09:00:00,370,9.148,,,10.538364,10.94837,2025-11-01 08:00:00,2025-11-01,8,2025,11,1
2025-11-01T08:00:00,2025-11-01T09:00:00,400,4.837,,,5.340527,1.447,2025-11-01 08:00:00,2025-11-01,8,2025,11,1
2025-11-01T08:00:00,2025-11-01T09:00:00,820,4.059,,,71.168123,3.57382,2025-11-01 08:00:00,2025-11-01,8,2025,11,1
2025-11-01T08:00:00,2025-11-01T09:00:00,730,8.791,,,76.84887,2.970346,2025-11-01 08:00:00,2025-11-01,8,2025,11,1
2025-11-01T08:00:00,2025-11-01T09:00:00,440,0.774,,,10.636377,0.0,2025-11-01 08:00:00,2025-11-01,8,2025,11,1
2025-11-01T08:00:00,2025-11-01T09:00:00,791,22.141,,,29.965319,3.403738,2025-11-01 08:00:00,2025-11-01,8,2025,11,1
2025-11-01T08:00:00,2025-11-01T09:00:00,175,0.454,,,0.0,,2025-11-01 08:00:00,2025-11-01,8,2025,11,1
2025-11-01T08:00:00,2025-11-01T09:00:00,350,1.108,,,0.477946,0.00993,2025-11-01 08:00:00,2025-11-01,8,2025,11,1
2025-11-01T08:00:00,2025-11-01T09:00:00,671,0.744,,,32.528228,,2025-11-01 08:00:00,2025-11-01,8,2025,11,1
2025-11-01T08:00:00,2025-11-01T09:00:00,840,1.552,,,31.564155,0.0,2025-11-01 08:00:00,2025-11-01,8,2025,11,1
2025-11-01T08:00:00,2025-11-01T09:00:00,492,0.3,,,4.940534,0.0,2025-11-01 08:00:00,2025-11-01,8,2025,11,1
2025-11-01T08:00:00,2025-11-01T09:00:00,773,3.798,,,36.13667,0.0,2025-11-01 08:00:00,2025-11-01,8,2025,11,1
2025-11-01T08:00:00,2025-11-01T09:00:00,846,3.61,,,34.078983,0.21139,2025-11-01 08:00:00,2025-11-01,8,2025,11,1
2025-11-01T08:00:00,2025-11-01T09:00:00,657,12.618,,,50.12309,0.3358,2025-11-01 08:00:00,2025-11-01,8,2025,11,1
2025-11-01T08:00:00,2025-11-01T09:00:00,190,0.616,,,0.0,0.0,2025-11-01 08:00:00,2025-11-01,8,2025,11,1
2025-11-01T08:00:00,2025-11-01T09:00:00,340,12.722,,,2.289042,0.3562,2025-11-01 08:00:00,2025-11-01,8,2025,11,1
2025-11-01T08:00:00,2025-11-01T09:00:00,621,22.713,,,6.52146,0.336882,2025-11-01 08:00:00,2025-11-01,8,2025,11,1
2025-11-01T08:00:00,2025-11-01T09:00:00,630,15.646,,,12.410317,1.197653,2025-11-01 08:00:00,2025-11-01,8,2025,11,1
2025-11-01T08:00:00,2025-11-01T09:00:00,390,17.741,,,1.898053,4.51823,2025-11-01 08:00:00,2025-11-01,8,2025,11,1
2025-11-01T08:00:00,2025-11-01T09:00:00,849,2.981,,,74.302764,0.001809,2025-11-01 08:00:00,2025-11-01,8,2025,11,1
2025-11-01T08:00:00,2025-11-01T09:00:00,163,0.692,,,0.0,,2025-11-01 08:00:00,2025-11-01,8,2025,11,1
2025-11-01T08:00:00,2025-11-01T09:00:00,326,7.241,,,18.933226,0.0,2025-11-01 08:00:00,2025-11-01,8,2025,11,1
2025-11-01T08:00:00,2025-11-01T09:00:00,260,0.84,,,0.496268,6e-05,2025-11-01 08:00:00,2025-11-01,8,2025,11,1
2025-11-01T08:00:00,2025-11-01T09:00:00,751,3.891,,,5.709723,30.57919,2025-11-01 08:00:00,2025-11-01,8,2025,11,1
2025-11-01T08:00:00,2025-11-01T09:00:00,461,11.505,,,0.698944,40.799916,2025-11-01 08:00:00,2025-11-01,8,2025,11,1
2025-11-01T08:00:00,2025-11-01T09:00:00,253,1.78,,,0.01401,0.00571,2025-11-01 08:00:00,2025-11-01,8,2025,11,1
2025-11-01T08:00:00,2025-11-01T09:00:00,563,0.039,,,0.7598,,2025-11-01 08:00:00,2025-11-01,8,2025,11,1
2025-11-01T08:00:00,2025-11-01T09:00:00,480,1.047,,,5.72649,0.0001,2025-11-01 08:00:00,2025-11-01,8,2025,11,1
2025-11-01T08:00:00,2025-11-01T09:00:00,661,21.15,,,110.471348,19.755,2025-11-01 08:00:00,2025-11-01,8,2025,11,1
2025-11-01T08:00:00,2025-11-01T09:00:00,825,0.61,,,0.0,,2025-11-01 08:00:00,2025-11-01,8,2025,11,1
2025-11-01T08:00:00,2025-11-01T09:00:00,270,1.482,,,0.153245,0.0,2025-11-01 08:00:00,2025-11-01,8,2025,11,1
2025-11-01T08:00:00,2025-11-01T09:00:00,151,1.152,,,0.0,0.0,2025-11-01 08:00:00,2025-11-01,8,2025,11,1
2025-11-01T08:00:00,2025-11-01T09:00:00,230,0.926,,,0.0,0.01058,2025-11-01 08:00:00,2025-11-01,8,2025,11,1
2025-11-01T08:00:00,2025-11-01T09:00:00,706,7.179,,,6.41344,0.249612,2025-11-01 08:00:00,2025-11-01,8,2025,11,1
2025-11-01T08:00:00,2025-11-01T09:00:00,860,2.274,,,63.479099,5.56409,2025-11-01 08:00:00,2025-11-01,8,2025,11,1
2025-11-01T08:00:00,2025-11-01T09:00:00,479,7.003,,,3.843383,0.016504,2025-11-01 08:00:00,2025-11-01,8,2025,11,1
2025-11-01T08:00:00,2025-11-01T09:00:00,575,8.351,,,12.334685,0.003181,2025-11-01 08:00:00,2025-11-01,8,2025,11,1
2025-11-01T08:00:00,2025-11-01T09:00:00,530,3.073,,,32.146755,1.61062,2025-11-01 08:00:00,2025-11-01,8,2025,11,1
2025-11-01T09:00:00,2025-11-01T10:00:00,727,0.575,2.4228,,5.97238,0.0,2025-11-01 09:00:00,2025-11-01,9,2025,11,1
2025-11-01T09:00:00,2025-11-01T10:00:00,561,1.013,145.298909,581.187996,47.748035,18.071105,2025-11-01 09:00:00,2025-11-01,9,2025,11,1
2025-11-01T09:00:00,2025-11-01T10:00:00,741,0.279,19.841088,,6.116779,,2025-11-01 09:00:00,2025-11-01,9,2025,11,1
2025-11-01T09:00:00,2025-11-01T10:00:00,376,10.497,,46.838757,6.068719,17.970395,2025-11-01 09:00:00,2025-11-01,9,2025,11,1
2025-11-01T09:00:00,2025-11-01T10:00:00,167,1.688,4.9882,,0.349824,95.96013,2025-11-01 09:00:00,2025-11-01,9,2025,11,1
2025-11-01T09:00:00,2025-11-01T10:00:00,665,11.111,29.775857,184.665,105.25792,0.88,2025-11-01 09:00:00,2025-11-01,9,2025,11,1
2025-11-01T09:00:00,2025-11-01T10:00:00,101,6.214,5.7752,,2.698475,166.423942,2025-11-01 09:00:00,2025-11-01,9,2025,11,1
2025-11-01T09:00:00,2025-11-01T10:00:00,259,3.717,,170.8553,0.137434,0.181764,2025-11-01 09:00:00,2025-11-01,9,2025,11,1
2025-11-01T09:00:00,2025-11-01T10:00:00,330,12.166,13.93049,,6.469953,2.54838,2025-11-01 09:00:00,2025-11-01,9,2025,11,1
2025-11-01T09:00:00,2025-11-01T10:00:00,779,9.515,,25.0523,56.400067,0.861314,2025-11-01 09:00:00,2025-11-01,9,2025,11,1
2025-11-01T09:00:00,2025-11-01T10:00:00,707,6.745,,363.154591,19.238963,1.5e-05,2025-11-01 09:00:00,2025-11-01,9,2025,11,1
2025-11-01T09:00:00,2025-11-01T10:00:00,760,8.847,,175.0,320.311423,4.2567,2025-11-01 09:00:00,2025-11-01,9,2025,11,1
2025-11-01T09:00:00,2025-11-01T10:00:00,813,14.548,7.17,,19.655915,2.317444,2025-11-01 09:00:00,2025-11-01,9,2025,11,1
2025-11-01T09:00:00,2025-11-01T10:00:00,360,51.025,,68.4314,99.553922,0.0,2025-11-01 09:00:00,2025-11-01,9,2025,11,1
2025-11-01T09:00:00,2025-11-01T10:00:00,223,0.662,,,0.0,3.2865,2025-11-01 09:00:00,2025-11-01,9,2025,11,1
2025-11-01T09:00:00,2025-11-01T10:00:00,563,0.049,,,0.9584,,2025-11-01 09:00:00,2025-11-01,9,2025,11,1
2025-11-01T09:00:00,2025-11-01T10:00:00,400,8.131,,,5.977921,1.448,2025-11-01 09:00:00,2025-11-01,9,2025,11,1
2025-11-01T09:00:00,2025-11-01T10:00:00,201,1.525,,,0.382056,0.0,2025-11-01 09:00:00,2025-11-01,9,2025,11,1
2025-11-01T09:00:00,2025-11-01T10:00:00,410,3.545,,,2.819008,0.0,2025-11-01 09:00:00,2025-11-01,9,2025,11,1
2025-11-01T09:00:00,2025-11-01T10:00:00,157,1.291,,,0.0,,2025-11-01 09:00:00,2025-11-01,9,2025,11,1
